76218.0,31.720564273446563,0.0,7770.0,1677.1310334359375,39.66655443197179,-121.60070084884747,36.3,68574.0,0.0,0.0,0.0,0.0,209470.0,1.0,0.0,0.0,0.0,718585172.0
7714.0,20.974160076562736,0.0,782.0,1229.681684316719,41.744691086401055,-123.95766040987809,40.8,66780.0,0.0,0.0,0.0,0.0,27293.0,1.0,0.0,0.0,0.0,68561665.0
644370.0,25.084017687934303,0.0,54234.0,7303.023823440713,33.74663050890228,-115.99394024456193,36.7,89672.0,0.0,0.0,0.0,0.0,2449909.0,1.0,0.0,0.0,0.0,7223106190.0
14869.0,22.386651323360184,0.0,1492.0,1390.4738481890568,36.605527397901405,-121.07407728623134,35.9,108289.0,0.0,0.0,0.0,0.0,66056.0,1.0,0.0,0.0,0.0,158197461.0
993351.0,55.865627050350255,0.0,66161.0,1304.0557004984757,37.23243382622572,-121.69583325334833,37.9,159674.0,0.0,0.0,0.0,0.0,1903297.0,1.0,0.0,0.0,0.0,28350454751.0
94357.0,43.55796468303216,0.0,9148.0,607.1604721587531,37.02159018364554,-122.00957031229625,39.6,109266.0,0.0,0.0,0.0,0.0,266021.0,1.0,0.0,0.0,0.0,1047167607.0
7714.0,31.819817226739584,0.0,740.0,10227.099456702994,36.51016223187202,-117.40560074502446,45.6,72432.0,0.0,0.0,0.0,0.0,18803.0,2.0,0.0,0.0,0.0,78876834.0
112684.0,60.45916621480051,0.0,12032.0,828.1766410487686,38.05513917820608,-122.74857941401069,47.3,142785.0,0.0,0.0,0.0,0.0,258765.0,2.0,0.0,0.0,0.0,1817721207.0
76074.0,38.517125422897266,0.0,5593.0,792.3014390203438,38.506669323212186,-122.3304828015586,42.8,108970.0,0.0,0.0,0.0,0.0,136070.0,2.0,0.0,0.0,0.0,917605165.0
7875.0,20.974160076562736,0.0,800.0,1229.681684316719,41.744691086401055,-123.95766040987809,40.8,66780.0,0.0,0.0,0.0,0.0,27293.0,3.0,0.0,0.0,0.0,69871324.0
46286.0,13.919095714061436,0.0,3609.0,1392.1942069005058,36.07496094489133,-119.81583856650784,32.3,68750.0,0.0,0.0,0.0,0.0,152830.0,3.0,0.0,0.0,0.0,463272153.0
2661.0,23.004038521279902,0.0,357.0,4203.255762874587,41.58965368270825,-120.72501437875414,49.0,56648.0,0.0,0.0,0.0,0.0,8646.0,3.0,0.0,0.0,0.0,25257372.0
105145.0,43.55796468303216,0.0,9316.0,607.1604721587531,37.02159018364554,-122.00957031229625,39.6,109266.0,68.0,0.0,68.0,0.0,266021.0,3.0,34960.0,0.0,0.0,1213718972.0
16262.0,17.8964071177604,0.0,1581.0,644.0076123533381,39.268749718550964,-121.35179088199844,33.9,73313.0,14.0,0.0,14.0,0.0,83079.0,3.0,89600.0,0.0,0.0,192455310.0
366549.0,23.854495908489586,0.0,32723.0,6011.127948199015,36.75853094618111,-119.65342684363189,33.2,71434.0,59.0,0.0,59.0,0.0,1012152.0,4.0,114170.0,0.0,0.0,4047979528.0
352118.0,23.854495908489586,0.0,31349.0,6011.127948199015,36.75853094618111,-119.65342684363189,33.2,71434.0,0.0,0.0,0.0,0.0,1012152.0,1.0,0.0,0.0,0.0,3524506478.0
64234.0,16.100269483279376,0.0,6783.0,4480.599127667921,33.03992461908436,-115.36534775339051,33.0,56393.0,0.0,0.0,0.0,0.0,179319.0,1.0,0.0,0.0,0.0,555021092.0
301829.0,18.573575991839803,0.0,17166.0,8164.9173784182485,35.34353506527538,-118.72903973163824,32.4,67660.0,0.0,0.0,0.0,0.0,910433.0,1.0,0.0,0.0,0.0,3418499369.0
71948.0,38.517125422897266,0.0,5548.0,792.3014390203438,38.506669323212186,-122.3304828015586,42.8,108970.0,0.0,0.0,0.0,0.0,136070.0,1.0,0.0,0.0,0.0,878781385.0
1495743.0,43.401037672660124,0.0,108243.0,949.7168045236148,33.67689578291624,-117.77656042636896,39.1,113702.0,0.0,0.0,0.0,0.0,3164063.0,1.0,0.0,0.0,0.0,23720856630.0
655870.0,60.12076421243264,0.0,57529.0,231.91378755252734,37.76007116407808,-122.69412210887407,39.7,141446.0,0.0,0.0,0.0,0.0,836321.0,1.0,0.0,0.0,0.0,17636677097.0
188481.0,35.869939954606835,0.0,14518.0,3787.6908512866726,34.53743979389637,-120.0302768485835,34.5,95977.0,0.0,0.0,0.0,0.0,443975.0,1.0,0.0,0.0,0.0,2288819983.0
127538.0,28.367041437079976,0.0,10267.0,906.1440952298753,38.26680192264813,-121.9401797035494,39.1,99994.0,0.0,0.0,0.0,0.0,450824.0,1.0,0.0,0.0,0.0,1743004772.0
11709.0,22.443391582574453,0.0,1059.0,605.9503896179209,38.44659889460041,-120.65166651032878,49.9,81526.0,0.0,0.0,0.0,0.0,41029.0,2.0,0.0,0.0,0.0,118343958.0
63642.0,23.266685790040857,0.0,6595.0,3847.3961177642345,40.76364876697064,-122.04134718043841,41.7,71931.0,0.0,0.0,0.0,0.0,181554.0,2.0,0.0,0.0,0.0,607978206.0
161054.0,15.839490911134213,0.0,9325.0,4838.285667681717,36.220043432758864,-118.80036101709678,31.9,69489.0,0.0,0.0,0.0,0.0,475774.0,2.0,0.0,0.0,0.0,1393797575.0
46504.0,32.085138242686774,0.0,4868.0,4052.255054743655,40.70277291928399,-123.91630205492689,39.6,61135.0,55.0,0.0,55.0,0.0,135418.0,3.0,33160.0,0.0,0.0,431539898.0
79584.0,14.780215294542995,0.0,6103.0,1978.6519681682591,37.1916854374536,-120.71843298756356,31.8,65044.0,0.0,0.0,0.0,0.0,285597.0,3.0,0.0,0.0,0.0,769264073.0
47774.0,32.085138242686774,0.0,4903.0,4052.255054743655,40.70277291928399,-123.91630205492689,39.6,61135.0,50.0,0.0,50.0,0.0,135418.0,4.0,32080.0,0.0,0.0,468041252.0
46237.0,13.919095714061436,0.0,3650.0,1392.1942069005058,36.07496094489133,-119.81583856650784,32.3,68750.0,2.0,0.0,2.0,0.0,152830.0,4.0,800.0,0.0,0.0,502459094.0
714818.0,22.901440338137302,0.0,54081.0,20105.394817801967,34.842030309075156,-116.17662379678129,34.4,82184.0,194.0,0.0,194.0,0.0,2187816.0,4.0,2491680.0,0.0,0.0,8241484236.0
11280.0,22.443391582574453,0.0,1034.0,605.9503896179209,38.44659889460041,-120.65166651032878,49.9,81526.0,0.0,0.0,0.0,0.0,41029.0,1.0,0.0,0.0,0.0,115323471.0
4639.0,30.861708482676224,0.0,463.0,1462.8245424186043,37.58147179588342,-119.90594238514464,51.6,65378.0,0.0,0.0,0.0,0.0,17060.0,1.0,0.0,0.0,0.0,39353566.0
458.0,24.404761904761905,0.0,109.0,962.1642285745723,39.580682227053714,-120.51601083545448,56.0,60000.0,0.0,0.0,0.0,0.0,2731.0,1.0,0.0,0.0,0.0,3482027.0
92964.0,44.08385081248704,0.0,6207.0,1021.8257443699976,38.6865515088214,-121.90056641872224,32.3,88818.0,0.0,0.0,0.0,0.0,217782.0,1.0,0.0,0.0,0.0,1222399972.0
368814.0,23.854495908489586,0.0,31863.0,6011.127948199015,36.75853094618111,-119.65342684363189,33.2,71434.0,0.0,0.0,0.0,0.0,1012152.0,2.0,0.0,0.0,0.0,3574934693.0
6546.0,20.46291425565492,0.0,842.0,2613.444068237541,40.00465046431037,-120.83794094599376,52.1,64946.0,11.0,0.0,11.0,0.0,19607.0,3.0,70400.0,0.0,0.0,64607973.0
1372717.0,42.08987125049854,0.0,103225.0,4525.7279337106775,33.02819299849969,-116.76989830322081,37.1,102285.0,558.0,0.0,558.0,0.0,3282782.0,3.0,2165583.0,0.0,0.0,19203629503.0
386162.0,53.071234072167506,0.0,26778.0,740.947837007639,37.435907175553204,-122.3555722224761,40.6,156000.0,18.0,0.0,18.0,0.0,745100.0,3.0,11360.0,0.0,0.0,9525075744.0
182956.0,19.136945701036627,0.0,14682.0,1514.057161459023,37.5589417190648,-120.99849485414198,34.8,79661.0,21.0,0.0,21.0,0.0,552250.0,3.0,22240.0,0.0,0.0,2001450067.0
17314.0,23.944468298268212,0.0,1583.0,2274.45156123147,38.02764357742436,-119.95493812698564,48.8,72259.0,2.0,0.0,2.0,0.0,54873.0,3.0,800.0,0.0,0.0,169733566.0
102966.0,44.08385081248704,0.0,6330.0,1021.8257443699976,38.6865515088214,-121.90056641872224,32.3,88818.0,77.0,0.0,77.0,0.0,217782.0,3.0,31040.0,0.0,0.0,1347535534.0
11633.0,22.443391582574453,0.0,1079.0,605.9503896179209,38.44659889460041,-120.65166651032878,49.9,81526.0,2.0,0.0,2.0,0.0,41029.0,4.0,800.0,0.0,0.0,131175196.0
15435.0,17.743946050883824,0.0,2986.0,1328.0941710001237,39.09948485335015,-122.75277619233945,44.2,58738.0,1.0,0.0,1.0,0.0,68139.0,4.0,400.0,0.0,0.0,144167078.0
7479.0,31.819817226739584,0.0,737.0,10227.099456702994,36.51016223187202,-117.40560074502446,45.6,72432.0,0.0,0.0,0.0,0.0,18803.0,1.0,0.0,0.0,0.0,78619581.0
71777.0,14.780215294542995,0.0,5967.0,1978.6519681682591,37.1916854374536,-120.71843298756356,31.8,65044.0,0.0,0.0,0.0,0.0,285597.0,1.0,0.0,0.0,0.0,684216494.0
16555.0,23.944468298268212,0.0,1555.0,2274.45156123147,38.02764357742436,-119.95493812698564,48.8,72259.0,0.0,0.0,0.0,0.0,54873.0,1.0,0.0,0.0,0.0,161969396.0
32015.0,24.923685784847603,0.0,4092.0,3878.1544171646246,39.43217732619602,-123.43132735660902,43.9,64688.0,0.0,0.0,0.0,0.0,90709.0,2.0,0.0,0.0,0.0,282501127.0
233556.0,21.572958036625103,0.0,16807.0,1426.6010791666342,37.93443695137347,-121.27165936777493,35.2,88531.0,0.0,0.0,0.0,0.0,787416.0,2.0,0.0,0.0,0.0,2413272771.0
196444.0,35.869939954606835,0.0,14692.0,3787.6908512866726,34.53743979389637,-120.0302768485835,34.5,95977.0,0.0,0.0,0.0,0.0,443975.0,2.0,0.0,0.0,0.0,2443570093.0
178919.0,19.136945701036627,0.0,14506.0,1514.057161459023,37.5589417190648,-120.99849485414198,34.8,79661.0,0.0,0.0,0.0,0.0,552250.0,2.0,0.0,0.0,0.0,1876841803.0
16942.0,18.843192237503896,0.0,1736.0,2962.174856842099,40.126040061066114,-122.2344962648283,40.1,61834.0,0.0,0.0,0.0,0.0,65520.0,2.0,0.0,0.0,0.0,161661813.0
62136.0,16.100269483279376,0.0,6925.0,4480.599127667921,33.03992461908436,-115.36534775339051,33.0,56393.0,2.0,0.0,2.0,0.0,179319.0,3.0,560.0,0.0,0.0,562221126.0
10109.0,13.212723998971104,0.0,723.0,4720.115276003642,40.67263063026285,-120.59327450404597,37.8,64395.0,0.0,0.0,0.0,0.0,31177.0,3.0,0.0,0.0,0.0,110492899.0
1514294.0,43.401037672660124,0.0,110886.0,949.7168045236148,33.67689578291624,-117.77656042636896,39.1,113702.0,570.0,0.0,570.0,0.0,3164063.0,3.0,1131920.0,0.0,0.0,21253501207.0
628434.0,33.28378226721884,0.0,53920.0,994.3623322860957,38.449053680297055,-121.34451586989564,37.2,88724.0,153.0,0.0,153.0,0.0,1584047.0,3.0,87900.0,0.0,0.0,8777748879.0
638438.0,33.28378226721884,0.0,54556.0,994.3623322860957,38.449053680297055,-121.34451586989564,37.2,88724.0,234.0,0.0,234.0,0.0,1584047.0,4.0,197840.0,0.0,0.0,9579425909.0
13251.0,23.083615573439392,0.0,1638.0,6347.938252495964,41.59330971236391,-122.54039224371505,47.4,55499.0,0.0,0.0,0.0,0.0,43834.0,4.0,0.0,0.0,0.0,128443060.0
320775.0,35.66576039958768,0.0,25691.0,2206.558936270178,34.355871204221266,-119.12654460816057,39.4,107327.0,36.0,0.0,36.0,0.0,838259.0,4.0,34720.0,0.0,0.0,4433881489.0
340080.0,44.91015896659383,0.0,29854.0,803.9099721779048,37.92353933794917,-121.95094420575256,40.3,125727.0,0.0,0.0,0.0,0.0,1161458.0,1.0,0.0,0.0,0.0,5714397145.0
2469.0,18.04651919323357,0.0,376.0,3207.610843179456,40.64915450943153,-123.11400057250617,54.8,53498.0,0.0,0.0,0.0,0.0,15886.0,1.0,0.0,0.0,0.0,21007066.0
4226915.0,35.470992419092156,0.0,448554.0,4749.439484208034,34.196118871519026,-118.2618483994794,37.9,87760.0,0.0,0.0,0.0,0.0,9848406.0,2.0,0.0,0.0,0.0,58028712080.0
147591.0,42.89064398957895,0.0,11666.0,1502.2359474204736,39.063807401803494,-120.71900434919911,42.4,114678.0,0.0,0.0,0.0,0.0,412435.0,2.0,0.0,0.0,0.0,1849843989.0
6211.0,20.46291425565492,0.0,831.0,2613.444068237541,40.00465046431037,-120.83794094599376,52.1,64946.0,0.0,0.0,0.0,0.0,19607.0,2.0,0.0,0.0,0.0,56879576.0
624976.0,33.28378226721884,0.0,53395.0,994.3623322860957,38.449053680297055,-121.34451586989564,37.2,88724.0,0.0,0.0,0.0,0.0,1584047.0,2.0,0.0,0.0,0.0,8579850084.0
527.0,24.404761904761905,0.0,116.0,962.1642285745723,39.580682227053714,-120.51601083545448,56.0,60000.0,0.0,0.0,0.0,0.0,2731.0,2.0,0.0,0.0,0.0,4251695.0
7707.0,31.819817226739584,0.0,741.0,10227.099456702994,36.51016223187202,-117.40560074502446,45.6,72432.0,0.0,0.0,0.0,0.0,18803.0,3.0,0.0,0.0,0.0,78320301.0
6836.0,34.32124352331606,0.0,616.0,3131.7985116614536,37.93840625683518,-118.88393311930923,40.3,86953.0,6.0,0.0,6.0,0.0,13169.0,3.0,2240.0,0.0,0.0,60746761.0
201712.0,27.883727092389556,0.0,13076.0,3771.2208005395887,36.239504143459484,-121.30662637129737,35.3,94486.0,27.0,0.0,27.0,0.0,435834.0,3.0,71920.0,0.0,0.0,2166644139.0
17253.0,18.843192237503896,0.0,1759.0,2962.174856842099,40.126040061066114,-122.2344962648283,40.1,61834.0,0.0,0.0,0.0,0.0,65520.0,3.0,0.0,0.0,0.0,171377745.0
77215.0,14.780215294542995,0.0,6206.0,1978.6519681682591,37.1916854374536,-120.71843298756356,31.8,65044.0,1.0,0.0,1.0,0.0,285597.0,4.0,640.0,0.0,0.0,792377065.0
1550089.0,43.401037672660124,0.0,113111.0,949.7168045236148,33.67689578291624,-117.77656042636896,39.1,113702.0,520.0,0.0,520.0,0.0,3164063.0,4.0,653512.0,0.0,0.0,24350147077.0
5959.0,20.46291425565492,0.0,841.0,2613.444068237541,40.00465046431037,-120.83794094599376,52.1,64946.0,1.0,0.0,1.0,0.0,19607.0,4.0,6400.0,0.0,0.0,63107708.0
1398197.0,42.08987125049854,0.0,105187.0,4525.7279337106775,33.02819299849969,-116.76989830322081,37.1,102285.0,602.0,0.0,602.0,0.0,3282782.0,4.0,540250.0,0.0,0.0,21550089557.0
234823.0,21.572958036625103,0.0,17192.0,1426.6010791666342,37.93443695137347,-121.27165936777493,35.2,88531.0,5.0,0.0,5.0,0.0,787416.0,4.0,2560.0,0.0,0.0,2729438173.0
154821.0,15.839490911134213,0.0,9642.0,4838.285667681717,36.220043432758864,-118.80036101709678,31.9,69489.0,3.0,0.0,3.0,0.0,475774.0,4.0,1820.0,0.0,0.0,1536890779.0
112464.0,39.201400387945306,0.0,9787.0,3615.766363116764,35.38757707614939,-120.4507099023192,40.2,93398.0,0.0,0.0,0.0,0.0,281486.0,1.0,0.0,0.0,0.0,1176364164.0
655427.0,25.084017687934303,0.0,55140.0,7303.023823440713,33.74663050890228,-115.99394024456193,36.7,89672.0,0.0,0.0,0.0,0.0,2449909.0,2.0,0.0,0.0,0.0,7046820023.0
131040.0,28.367041437079976,0.0,10385.0,906.1440952298753,38.26680192264813,-121.9401797035494,39.1,99994.0,0.0,0.0,0.0,0.0,450824.0,2.0,0.0,0.0,0.0,1699430394.0
29301.0,20.20745235030949,0.0,2985.0,608.4148120875715,39.03427456853581,-121.69453434561657,36.4,75450.0,0.0,0.0,0.0,0.0,98971.0,2.0,0.0,0.0,0.0,278073816.0
16241.0,17.8964071177604,0.0,1551.0,644.0076123533381,39.268749718550964,-121.35179088199844,33.9,73313.0,0.0,0.0,0.0,0.0,83079.0,2.0,0.0,0.0,0.0,185327119.0
10108.0,14.523979957050823,0.0,803.0,1156.353491058561,39.177506529661116,-122.23673277297777,35.7,75149.0,1.0,0.0,1.0,0.0,21895.0,3.0,400.0,0.0,0.0,104360834.0
16830.0,22.386651323360184,0.0,1538.0,1390.4738481890568,36.605527397901405,-121.07407728623134,35.9,108289.0,0.0,0.0,0.0,0.0,66056.0,3.0,0.0,0.0,0.0,178716226.0
13456.0,23.083615573439392,0.0,1626.0,6347.938252495964,41.59330971236391,-122.54039224371505,47.4,55499.0,0.0,0.0,0.0,0.0,43834.0,3.0,0.0,0.0,0.0,130070389.0
199232.0,37.8469385158651,0.0,19125.0,1767.3423561904444,38.525248521353824,-122.92188038526332,42.7,102840.0,61.0,0.0,61.0,0.0,485642.0,3.0,86960.0,0.0,0.0,2421112999.0
7583.0,31.819817226739584,0.0,744.0,10227.099456702994,36.51016223187202,-117.40560074502446,45.6,72432.0,0.0,0.0,0.0,0.0,18803.0,4.0,0.0,0.0,0.0,81959787.0
10712.0,13.212723998971104,0.0,724.0,4720.115276003642,40.67263063026285,-120.59327450404597,37.8,64395.0,0.0,0.0,0.0,0.0,31177.0,4.0,0.0,0.0,0.0,119146555.0
46012.0,17.12878493305018,0.0,4035.0,2153.2391289805496,37.21782461616294,-119.76474047044498,34.6,75496.0,0.0,0.0,0.0,0.0,158790.0,4.0,0.0,0.0,0.0,498926433.0
151435.0,42.89064398957895,0.0,12039.0,1502.2359474204736,39.063807401803494,-120.71900434919911,42.4,114678.0,5.0,0.0,5.0,0.0,412435.0,4.0,2000.0,0.0,0.0,2105820009.0
528.0,42.10526315789473,0.0,93.0,743.1887428922734,38.59709859657406,-119.82060282887257,41.1,110781.0,0.0,0.0,0.0,0.0,1695.0,1.0,0.0,0.0,0.0,4698208.0
30798.0,24.923685784847603,0.0,4066.0,3878.1544171646246,39.43217732619602,-123.43132735660902,43.9,64688.0,0.0,0.0,0.0,0.0,90709.0,1.0,0.0,0.0,0.0,263559792.0
7204.0,34.32124352331606,0.0,605.0,3131.7985116614536,37.93840625683518,-118.88393311930923,40.3,86953.0,0.0,0.0,0.0,0.0,13169.0,1.0,0.0,0.0,0.0,58755303.0
614172.0,33.28378226721884,0.0,52931.0,994.3623322860957,38.449053680297055,-121.34451586989564,37.2,88724.0,0.0,0.0,0.0,0.0,1584047.0,1.0,0.0,0.0,0.0,8815536196.0
1344703.0,42.08987125049854,0.0,100803.0,4525.7279337106775,33.02819299849969,-116.76989830322081,37.1,102285.0,0.0,0.0,0.0,0.0,3282782.0,1.0,0.0,0.0,0.0,19751782844.0
76055.0,14.780215294542995,0.0,6013.0,1978.6519681682591,37.1916854374536,-120.71843298756356,31.8,65044.0,0.0,0.0,0.0,0.0,285597.0,2.0,0.0,0.0,0.0,706745016.0
13375.0,23.083615573439392,0.0,1619.0,6347.938252495964,41.59330971236391,-122.54039224371505,47.4,55499.0,0.0,0.0,0.0,0.0,43834.0,2.0,0.0,0.0,0.0,120255030.0
318539.0,35.66576039958768,0.0,25027.0,2206.558936270178,34.355871204221266,-119.12654460816057,39.4,107327.0,0.0,0.0,0.0,0.0,838259.0,2.0,0.0,0.0,0.0,4489175107.0
159125.0,15.839490911134213,0.0,9468.0,4838.285667681717,36.220043432758864,-118.80036101709678,31.9,69489.0,5.0,0.0,5.0,0.0,475774.0,3.0,9240.0,0.0,0.0,1421533269.0
742763.0,51.46936470398402,0.0,59983.0,821.2085166728324,37.65058029746707,-121.91780145156679,38.7,126240.0,239.0,0.0,239.0,0.0,1651949.0,4.0,531664.0,0.0,0.0,13572455673.0
182381.0,27.883727092389556,0.0,13249.0,3771.2208005395887,36.239504143459484,-121.30662637129737,35.3,94486.0,8.0,0.0,8.0,0.0,435834.0,4.0,5440.0,0.0,0.0,2168357219.0
30351.0,39.46003256465599,0.0,3545.0,973.7957661243578,39.30167525657132,-120.76952482654217,50.3,84905.0,1.0,0.0,1.0,0.0,102452.0,4.0,400.0,0.0,0.0,343381997.0
45825.0,32.085138242686774,0.0,4665.0,4052.255054743655,40.70277291928399,-123.91630205492689,39.6,61135.0,0.0,0.0,0.0,0.0,135418.0,1.0,0.0,0.0,0.0,417741090.0
4179832.0,35.470992419092156,0.0,443083.0,4749.439484208034,34.196118871519026,-118.2618483994794,37.9,87760.0,0.0,0.0,0.0,0.0,9848406.0,1.0,0.0,0.0,0.0,60764645246.0
2258.0,23.004038521279902,0.0,353.0,4203.255762874587,41.58965368270825,-120.72501437875414,49.0,56648.0,0.0,0.0,0.0,0.0,8646.0,1.0,0.0,0.0,0.0,18834961.0
29746.0,39.46003256465599,0.0,3397.0,973.7957661243578,39.30167525657132,-120.76952482654217,50.3,84905.0,0.0,0.0,0.0,0.0,102452.0,1.0,0.0,0.0,0.0,300957606.0
12441.0,23.083615573439392,0.0,1601.0,6347.938252495964,41.59330971236391,-122.54039224371505,47.4,55499.0,0.0,0.0,0.0,0.0,43834.0,1.0,0.0,0.0,0.0,108685960.0
729057.0,51.46936470398402,0.0,58410.0,821.2085166728324,37.65058029746707,-121.91780145156679,38.7,126240.0,0.0,0.0,0.0,0.0,1651949.0,2.0,0.0,0.0,0.0,11912388545.0
65138.0,16.100269483279376,0.0,6830.0,4480.599127667921,33.03992461908436,-115.36534775339051,33.0,56393.0,0.0,0.0,0.0,0.0,179319.0,2.0,0.0,0.0,0.0,576780165.0
192969.0,27.883727092389556,0.0,12941.0,3771.2208005395887,36.239504143459484,-121.30662637129737,35.3,94486.0,0.0,0.0,0.0,0.0,435834.0,2.0,0.0,0.0,0.0,2025111876.0
5930.0,30.861708482676224,0.0,470.0,1462.8245424186043,37.58147179588342,-119.90594238514464,51.6,65378.0,0.0,0.0,0.0,0.0,17060.0,3.0,0.0,0.0,0.0,52259198.0
31569.0,24.923685784847603,0.0,4137.0,3878.1544171646246,39.43217732619602,-123.43132735660902,43.9,64688.0,5.0,0.0,5.0,0.0,90709.0,3.0,2000.0,0.0,0.0,286748518.0
113771.0,39.201400387945306,0.0,9983.0,3615.766363116764,35.38757707614939,-120.4507099023192,40.2,93398.0,55.0,0.0,55.0,0.0,281486.0,3.0,231600.0,0.0,0.0,1207061210.0
504.0,42.10526315789473,0.0,92.0,743.1887428922734,38.59709859657406,-119.82060282887257,41.1,110781.0,0.0,0.0,0.0,0.0,1695.0,4.0,0.0,0.0,0.0,5014235.0
8700.0,22.185801535272034,0.0,1281.0,1036.9263699809671,38.204458658099185,-120.5546675464701,52.0,79877.0,1.0,0.0,1.0,0.0,45995.0,4.0,400.0,0.0,0.0,88562126.0
6695.0,34.32124352331606,0.0,622.0,3131.7985116614536,37.93840625683518,-118.88393311930923,40.3,86953.0,1.0,0.0,1.0,0.0,13169.0,4.0,240.0,0.0,0.0,61419847.0
693512.0,60.12076421243264,0.0,59356.0,231.91378755252734,37.76007116407808,-122.69412210887407,39.7,141446.0,783.0,0.0,783.0,0.0,836321.0,4.0,5299936.0,0.0,0.0,17656893718.0
194848.0,35.869939954606835,0.0,15006.0,3787.6908512866726,34.53743979389637,-120.0302768485835,34.5,95977.0,55.0,0.0,55.0,0.0,443975.0,4.0,72206.0,0.0,0.0,2630249611.0
1040060.0,55.865627050350255,0.0,69049.0,1304.0557004984757,37.23243382622572,-121.69583325334833,37.9,159674.0,123.0,0.0,123.0,0.0,1903297.0,4.0,930880.0,0.0,0.0,31586786717.0
29101.0,20.20745235030949,0.0,3039.0,608.4148120875715,39.03427456853581,-121.69453434561657,36.4,75450.0,0.0,0.0,0.0,0.0,98971.0,4.0,0.0,0.0,0.0,301329203.0
8294.0,22.185801535272034,0.0,1238.0,1036.9263699809671,38.204458658099185,-120.5546675464701,52.0,79877.0,0.0,0.0,0.0,0.0,45995.0,1.0,0.0,0.0,0.0,73663043.0
61419.0,23.266685790040857,0.0,6567.0,3847.3961177642345,40.76364876697064,-122.04134718043841,41.7,71931.0,0.0,0.0,0.0,0.0,181554.0,1.0,0.0,0.0,0.0,597244662.0
10103.0,13.212723998971104,0.0,722.0,4720.115276003642,40.67263063026285,-120.59327450404597,37.8,64395.0,0.0,0.0,0.0,0.0,31177.0,2.0,0.0,0.0,0.0,106907586.0
115200.0,39.201400387945306,0.0,9883.0,3615.766363116764,35.38757707614939,-120.4507099023192,40.2,93398.0,0.0,0.0,0.0,0.0,281486.0,2.0,0.0,0.0,0.0,1187711260.0
102661.0,43.55796468303216,0.0,9198.0,607.1604721587531,37.02159018364554,-122.00957031229625,39.6,109266.0,0.0,0.0,0.0,0.0,266021.0,2.0,0.0,0.0,0.0,1147296626.0
492.0,42.10526315789473,0.0,91.0,743.1887428922734,38.59709859657406,-119.82060282887257,41.1,110781.0,0.0,0.0,0.0,0.0,1695.0,3.0,0.0,0.0,0.0,5227878.0
346117.0,44.91015896659383,0.0,30549.0,803.9099721779048,37.92353933794917,-121.95094420575256,40.3,125727.0,41.0,0.0,41.0,0.0,1161458.0,3.0,146960.0,0.0,0.0,5248484303.0
52213.0,38.82410175418806,0.0,5014.0,1786.3605240054378,38.778900011875415,-120.5250410581759,46.1,106190.0,29.0,0.0,29.0,0.0,192299.0,3.0,125600.0,0.0,0.0,574951016.0
77510.0,38.517125422897266,0.0,5639.0,792.3014390203438,38.506669323212186,-122.3304828015586,42.8,108970.0,33.0,0.0,33.0,0.0,136070.0,3.0,47020.0,0.0,0.0,964227303.0
235053.0,21.572958036625103,0.0,16997.0,1426.6010791666342,37.93443695137347,-121.27165936777493,35.2,88531.0,13.0,0.0,13.0,0.0,787416.0,3.0,14680.0,0.0,0.0,2545745969.0
195243.0,35.869939954606835,0.0,14793.0,3787.6908512866726,34.53743979389637,-120.0302768485835,34.5,95977.0,45.0,0.0,45.0,0.0,443975.0,3.0,97940.0,0.0,0.0,2377152787.0
2478.0,23.004038521279902,0.0,353.0,4203.255762874587,41.58965368270825,-120.72501437875414,49.0,56648.0,1.0,0.0,1.0,0.0,8646.0,4.0,960.0,0.0,0.0,22454456.0
7830.0,14.523979957050823,0.0,775.0,1156.353491058561,39.177506529661116,-122.23673277297777,35.7,75149.0,0.0,0.0,0.0,0.0,21895.0,1.0,0.0,0.0,0.0,76639210.0
44977.0,17.12878493305018,0.0,3915.0,2153.2391289805496,37.21782461616294,-119.76474047044498,34.6,75496.0,0.0,0.0,0.0,0.0,158790.0,1.0,0.0,0.0,0.0,427454748.0
5341.0,20.46291425565492,0.0,806.0,2613.444068237541,40.00465046431037,-120.83794094599376,52.1,64946.0,0.0,0.0,0.0,0.0,19607.0,1.0,0.0,0.0,0.0,51807494.0
16364.0,18.843192237503896,0.0,1729.0,2962.174856842099,40.126040061066114,-122.2344962648283,40.1,61834.0,0.0,0.0,0.0,0.0,65520.0,1.0,0.0,0.0,0.0,154248400.0
149197.0,15.839490911134213,0.0,9237.0,4838.285667681717,36.220043432758864,-118.80036101709678,31.9,69489.0,0.0,0.0,0.0,0.0,475774.0,1.0,0.0,0.0,0.0,1332237013.0
6338.0,34.32124352331606,0.0,614.0,3131.7985116614536,37.93840625683518,-118.88393311930923,40.3,86953.0,0.0,0.0,0.0,0.0,13169.0,2.0,0.0,0.0,0.0,55432725.0
380880.0,53.071234072167506,0.0,26504.0,740.947837007639,37.435907175553204,-122.3555722224761,40.6,156000.0,0.0,0.0,0.0,0.0,745100.0,2.0,0.0,0.0,0.0,9195006236.0
78774.0,31.720564273446563,0.0,7932.0,1677.1310334359375,39.66655443197179,-121.60070084884747,36.3,68574.0,12.0,0.0,12.0,0.0,209470.0,3.0,8080.0,0.0,0.0,745776908.0
680144.0,60.12076421243264,0.0,58667.0,231.91378755252734,37.76007116407808,-122.69412210887407,39.7,141446.0,563.0,0.0,563.0,0.0,836321.0,3.0,6050592.0,0.0,0.0,15171410466.0
516.0,24.404761904761905,0.0,114.0,962.1642285745723,39.580682227053714,-120.51601083545448,56.0,60000.0,0.0,0.0,0.0,0.0,2731.0,3.0,0.0,0.0,0.0,4654551.0
2888.0,18.04651919323357,0.0,396.0,3207.610843179456,40.64915450943153,-123.11400057250617,54.8,53498.0,6.0,0.0,6.0,0.0,15886.0,3.0,2400.0,0.0,0.0,27742473.0
8049.0,20.974160076562736,0.0,803.0,1229.681684316719,41.744691086401055,-123.95766040987809,40.8,66780.0,0.0,0.0,0.0,0.0,27293.0,4.0,0.0,0.0,0.0,75568344.0
5136.0,30.861708482676224,0.0,481.0,1462.8245424186043,37.58147179588342,-119.90594238514464,51.6,65378.0,0.0,0.0,0.0,0.0,17060.0,4.0,0.0,0.0,0.0,47836742.0
15923.0,22.386651323360184,0.0,1547.0,1390.4738481890568,36.605527397901405,-121.07407728623134,35.9,108289.0,0.0,0.0,0.0,0.0,66056.0,4.0,0.0,0.0,0.0,190150665.0
715027.0,51.46936470398402,0.0,57567.0,821.2085166728324,37.65058029746707,-121.91780145156679,38.7,126240.0,0.0,0.0,0.0,0.0,1651949.0,1.0,0.0,0.0,0.0,12447042409.0
162197.0,27.883727092389556,0.0,12830.0,3771.2208005395887,36.239504143459484,-121.30662637129737,35.3,94486.0,0.0,0.0,0.0,0.0,435834.0,1.0,0.0,0.0,0.0,1786546875.0
46878.0,32.085138242686774,0.0,4808.0,4052.255054743655,40.70277291928399,-123.91630205492689,39.6,61135.0,0.0,0.0,0.0,0.0,135418.0,2.0,0.0,0.0,0.0,427535332.0
46584.0,13.919095714061436,0.0,3547.0,1392.1942069005058,36.07496094489133,-119.81583856650784,32.3,68750.0,0.0,0.0,0.0,0.0,152830.0,2.0,0.0,0.0,0.0,460407408.0
197708.0,37.8469385158651,0.0,18950.0,1767.3423561904444,38.525248521353824,-122.92188038526332,42.7,102840.0,0.0,0.0,0.0,0.0,485642.0,2.0,0.0,0.0,0.0,2294162418.0
17048.0,23.944468298268212,0.0,1564.0,2274.45156123147,38.02764357742436,-119.95493812698564,48.8,72259.0,0.0,0.0,0.0,0.0,54873.0,2.0,0.0,0.0,0.0,170204092.0
29880.0,39.46003256465599,0.0,3492.0,973.7957661243578,39.30167525657132,-120.76952482654217,50.3,84905.0,2.0,0.0,2.0,0.0,102452.0,3.0,800.0,0.0,0.0,316368741.0
131223.0,28.367041437079976,0.0,10544.0,906.1440952298753,38.26680192264813,-121.9401797035494,39.1,99994.0,1.0,0.0,1.0,0.0,450824.0,3.0,960.0,0.0,0.0,1675255164.0
199655.0,37.8469385158651,0.0,19338.0,1767.3423561904444,38.525248521353824,-122.92188038526332,42.7,102840.0,68.0,0.0,68.0,0.0,485642.0,4.0,94760.0,0.0,0.0,2721132277.0
181922.0,19.136945701036627,0.0,14822.0,1514.057161459023,37.5589417190648,-120.99849485414198,34.8,79661.0,7.0,0.0,7.0,0.0,552250.0,4.0,3680.0,0.0,0.0,2101321634.0
223424.0,21.572958036625103,0.0,16739.0,1426.6010791666342,37.93443695137347,-121.27165936777493,35.2,88531.0,0.0,0.0,0.0,0.0,787416.0,1.0,0.0,0.0,0.0,2369029829.0
26983.0,20.20745235030949,0.0,2951.0,608.4148120875715,39.03427456853581,-121.69453434561657,36.4,75450.0,0.0,0.0,0.0,0.0,98971.0,1.0,0.0,0.0,0.0,259202496.0
8059.0,20.974160076562736,0.0,789.0,1229.681684316719,41.744691086401055,-123.95766040987809,40.8,66780.0,0.0,0.0,0.0,0.0,27293.0,2.0,0.0,0.0,0.0,72444571.0
1516300.0,43.401037672660124,0.0,109710.0,949.7168045236148,33.67689578291624,-117.77656042636896,39.1,113702.0,0.0,0.0,0.0,0.0,3164063.0,2.0,0.0,0.0,0.0,21377659746.0
15940.0,22.386651323360184,0.0,1517.0,1390.4738481890568,36.605527397901405,-121.07407728623134,35.9,108289.0,0.0,0.0,0.0,0.0,66056.0,2.0,0.0,0.0,0.0,165826869.0
1367071.0,42.08987125049854,0.0,102257.0,4525.7279337106775,33.02819299849969,-116.76989830322081,37.1,102285.0,0.0,0.0,0.0,0.0,3282782.0,2.0,0.0,0.0,0.0,19087878259.0
11867.0,22.443391582574453,0.0,1070.0,605.9503896179209,38.44659889460041,-120.65166651032878,49.9,81526.0,2.0,0.0,2.0,0.0,41029.0,3.0,800.0,0.0,0.0,123097491.0
8572.0,22.185801535272034,0.0,1270.0,1036.9263699809671,38.204458658099185,-120.5546675464701,52.0,79877.0,8.0,0.0,8.0,0.0,45995.0,3.0,45200.0,0.0,0.0,80210801.0
309378.0,35.66576039958768,0.0,25211.0,2206.558936270178,34.355871204221266,-119.12654460816057,39.4,107327.0,48.0,0.0,48.0,0.0,838259.0,3.0,72880.0,0.0,0.0,3866130555.0
8968.0,14.523979957050823,0.0,808.0,1156.353491058561,39.177506529661116,-122.23673277297777,35.7,75149.0,1.0,0.0,1.0,0.0,21895.0,4.0,400.0,0.0,0.0,101264317.0
8997.0,16.482336518844626,0.0,1187.0,1326.9767269702027,39.598476800476945,-122.39201249335272,35.9,70487.0,0.0,0.0,0.0,0.0,28623.0,4.0,0.0,0.0,0.0,89570887.0
315568.0,18.573575991839803,0.0,17680.0,8164.9173784182485,35.34353506527538,-118.72903973163824,32.4,67660.0,20.0,0.0,20.0,0.0,910433.0,4.0,26080.0,0.0,0.0,3625139416.0
4338614.0,35.470992419092156,0.0,462230.0,4749.439484208034,34.196118871519026,-118.2618483994794,37.9,87760.0,1764.0,0.0,1764.0,0.0,9848406.0,4.0,2656966.0,0.0,0.0,71451810724.0
392033.0,53.071234072167506,0.0,27222.0,740.947837007639,37.435907175553204,-122.3555722224761,40.6,156000.0,16.0,0.0,16.0,0.0,745100.0,4.0,8080.0,0.0,0.0,10686438646.0
101025.0,43.55796468303216,0.0,9426.0,607.1604721587531,37.02159018364554,-122.00957031229625,39.6,109266.0,69.0,0.0,69.0,0.0,266021.0,4.0,39880.0,0.0,0.0,1247528324.0
64882.0,23.266685790040857,0.0,6712.0,3847.3961177642345,40.76364876697064,-122.04134718043841,41.7,71931.0,8.0,0.0,8.0,0.0,181554.0,4.0,6594.0,0.0,0.0,679927997.0
2707.0,18.04651919323357,0.0,394.0,3207.610843179456,40.64915450943153,-123.11400057250617,54.8,53498.0,2.0,0.0,2.0,0.0,15886.0,4.0,800.0,0.0,0.0,25233772.0
16636.0,17.8964071177604,0.0,1595.0,644.0076123533381,39.268749718550964,-121.35179088199844,33.9,73313.0,2.0,0.0,2.0,0.0,83079.0,4.0,12800.0,0.0,0.0,203798976.0
310903.0,18.573575991839803,0.0,17345.0,8164.9173784182485,35.34353506527538,-118.72903973163824,32.4,67660.0,0.0,0.0,0.0,0.0,910433.0,2.0,0.0,0.0,0.0,3285760370.0
5456.0,30.861708482676224,0.0,471.0,1462.8245424186043,37.58147179588342,-119.90594238514464,51.6,65378.0,0.0,0.0,0.0,0.0,17060.0,2.0,0.0,0.0,0.0,46741586.0
729129.0,51.46936470398402,0.0,59122.0,821.2085166728324,37.65058029746707,-121.91780145156679,38.7,126240.0,241.0,0.0,241.0,0.0,1651949.0,3.0,273608.0,0.0,0.0,12216683806.0
8985.0,16.482336518844626,0.0,1182.0,1326.9767269702027,39.598476800476945,-122.39201249335272,35.9,70487.0,0.0,0.0,0.0,0.0,28623.0,3.0,0.0,0.0,0.0,84015622.0
4233224.0,35.470992419092156,0.0,453685.0,4749.439484208034,34.196118871519026,-118.2618483994794,37.9,87760.0,1625.0,0.0,1625.0,0.0,9848406.0,3.0,3103003.0,0.0,0.0,59095832820.0
80097.0,31.720564273446563,0.0,8051.0,1677.1310334359375,39.66655443197179,-121.60070084884747,36.3,68574.0,20.0,0.0,20.0,0.0,209470.0,4.0,17120.0,0.0,0.0,833791927.0
17173.0,23.944468298268212,0.0,1581.0,2274.45156123147,38.02764357742436,-119.95493812698564,48.8,72259.0,0.0,0.0,0.0,0.0,54873.0,4.0,0.0,0.0,0.0,184750217.0
96998.0,44.08385081248704,0.0,6386.0,1021.8257443699976,38.6865515088214,-121.90056641872224,32.3,88818.0,9.0,0.0,9.0,0.0,217782.0,4.0,3840.0,0.0,0.0,1451517826.0
50480.0,38.82410175418806,0.0,4880.0,1786.3605240054378,38.778900011875415,-120.5250410581759,46.1,106190.0,0.0,0.0,0.0,0.0,192299.0,1.0,0.0,0.0,0.0,569127347.0
10052.0,13.212723998971104,0.0,723.0,4720.115276003642,40.67263063026285,-120.59327450404597,37.8,64395.0,0.0,0.0,0.0,0.0,31177.0,1.0,0.0,0.0,0.0,102920333.0
145389.0,42.89064398957895,0.0,11480.0,1502.2359474204736,39.063807401803494,-120.71900434919911,42.4,114678.0,0.0,0.0,0.0,0.0,412435.0,1.0,0.0,0.0,0.0,1867183620.0
192277.0,37.8469385158651,0.0,18828.0,1767.3423561904444,38.525248521353824,-122.92188038526332,42.7,102840.0,0.0,0.0,0.0,0.0,485642.0,1.0,0.0,0.0,0.0,2305875449.0
346645.0,44.91015896659383,0.0,30222.0,803.9099721779048,37.92353933794917,-121.95094420575256,40.3,125727.0,0.0,0.0,0.0,0.0,1161458.0,2.0,0.0,0.0,0.0,5226681943.0
8821.0,16.482336518844626,0.0,1157.0,1326.9767269702027,39.598476800476945,-122.39201249335272,35.9,70487.0,0.0,0.0,0.0,0.0,28623.0,2.0,0.0,0.0,0.0,82939328.0
15776.0,17.743946050883824,0.0,2852.0,1328.0941710001237,39.09948485335015,-122.75277619233945,44.2,58738.0,0.0,0.0,0.0,0.0,68139.0,2.0,0.0,0.0,0.0,130732798.0
46247.0,17.12878493305018,0.0,3954.0,2153.2391289805496,37.21782461616294,-119.76474047044498,34.6,75496.0,0.0,0.0,0.0,0.0,158790.0,2.0,0.0,0.0,0.0,448247316.0
669057.0,60.12076421243264,0.0,58140.0,231.91378755252734,37.76007116407808,-122.69412210887407,39.7,141446.0,0.0,0.0,0.0,0.0,836321.0,2.0,0.0,0.0,0.0,15020899682.0
2762.0,18.04651919323357,0.0,386.0,3207.610843179456,40.64915450943153,-123.11400057250617,54.8,53498.0,0.0,0.0,0.0,0.0,15886.0,2.0,0.0,0.0,0.0,23398418.0
319777.0,18.573575991839803,0.0,17492.0,8164.9173784182485,35.34353506527538,-118.72903973163824,32.4,67660.0,16.0,0.0,16.0,0.0,910433.0,3.0,40160.0,0.0,0.0,3443719253.0
149610.0,42.89064398957895,0.0,11848.0,1502.2359474204736,39.063807401803494,-120.71900434919911,42.4,114678.0,21.0,0.0,21.0,0.0,412435.0,3.0,20400.0,0.0,0.0,1924839137.0
656800.0,25.084017687934303,0.0,56379.0,7303.023823440713,33.74663050890228,-115.99394024456193,36.7,89672.0,43.0,0.0,43.0,0.0,2449909.0,3.0,17480.0,0.0,0.0,6682837919.0
63599.0,23.266685790040857,0.0,6668.0,3847.3961177642345,40.76364876697064,-122.04134718043841,41.7,71931.0,5.0,0.0,5.0,0.0,181554.0,3.0,6312.0,0.0,0.0,640321362.0
52453.0,38.82410175418806,0.0,5121.0,1786.3605240054378,38.778900011875415,-120.5250410581759,46.1,106190.0,48.0,0.0,48.0,0.0,192299.0,4.0,61200.0,0.0,0.0,644740980.0
17549.0,18.843192237503896,0.0,1787.0,2962.174856842099,40.126040061066114,-122.2344962648283,40.1,61834.0,0.0,0.0,0.0,0.0,65520.0,4.0,0.0,0.0,0.0,187879663.0
8613.0,16.482336518844626,0.0,1161.0,1326.9767269702027,39.598476800476945,-122.39201249335272,35.9,70487.0,0.0,0.0,0.0,0.0,28623.0,1.0,0.0,0.0,0.0,77578272.0
43859.0,13.919095714061436,0.0,3498.0,1392.1942069005058,36.07496094489133,-119.81583856650784,32.3,68750.0,0.0,0.0,0.0,0.0,152830.0,1.0,0.0,0.0,0.0,422458360.0
15033.0,17.743946050883824,0.0,2846.0,1328.0941710001237,39.09948485335015,-122.75277619233945,44.2,58738.0,0.0,0.0,0.0,0.0,68139.0,1.0,0.0,0.0,0.0,136190199.0
375597.0,53.071234072167506,0.0,26111.0,740.947837007639,37.435907175553204,-122.3555722224761,40.6,156000.0,0.0,0.0,0.0,0.0,745100.0,1.0,0.0,0.0,0.0,10025245498.0
15571.0,17.8964071177604,0.0,1537.0,644.0076123533381,39.268749718550964,-121.35179088199844,33.9,73313.0,0.0,0.0,0.0,0.0,83079.0,1.0,0.0,0.0,0.0,178300286.0
491.0,42.10526315789473,0.0,94.0,743.1887428922734,38.59709859657406,-119.82060282887257,41.1,110781.0,0.0,0.0,0.0,0.0,1695.0,2.0,0.0,0.0,0.0,4645363.0
8598.0,22.185801535272034,0.0,1256.0,1036.9263699809671,38.204458658099185,-120.5546675464701,52.0,79877.0,0.0,0.0,0.0,0.0,45995.0,2.0,0.0,0.0,0.0,74589927.0
51095.0,38.82410175418806,0.0,4937.0,1786.3605240054378,38.778900011875415,-120.5250410581759,46.1,106190.0,0.0,0.0,0.0,0.0,192299.0,2.0,0.0,0.0,0.0,552368331.0
29550.0,39.46003256465599,0.0,3448.0,973.7957661243578,39.30167525657132,-120.76952482654217,50.3,84905.0,0.0,0.0,0.0,0.0,102452.0,2.0,0.0,0.0,0.0,303005158.0
682304.0,22.901440338137302,0.0,52743.0,20105.394817801967,34.842030309075156,-116.17662379678129,34.4,82184.0,0.0,0.0,0.0,0.0,2187816.0,2.0,0.0,0.0,0.0,7289575653.0
684126.0,22.901440338137302,0.0,53364.0,20105.394817801967,34.842030309075156,-116.17662379678129,34.4,82184.0,89.0,0.0,89.0,0.0,2187816.0,3.0,224800.0,0.0,0.0,7256136698.0
1021865.0,55.865627050350255,0.0,67797.0,1304.0557004984757,37.23243382622572,-121.69583325334833,37.9,159674.0,188.0,0.0,188.0,0.0,1903297.0,3.0,1280840.0,0.0,0.0,27549172770.0
64246.0,16.100269483279376,0.0,6988.0,4480.599127667921,33.03992461908436,-115.36534775339051,33.0,56393.0,0.0,0.0,0.0,0.0,179319.0,4.0,0.0,0.0,0.0,606620296.0
113957.0,60.45916621480051,0.0,12345.0,828.1766410487686,38.05513917820608,-122.74857941401069,47.3,142785.0,48.0,0.0,48.0,0.0,258765.0,4.0,29600.0,0.0,0.0,1978494173.0
74615.0,38.517125422897266,0.0,5691.0,792.3014390203438,38.506669323212186,-122.3304828015586,42.8,108970.0,39.0,0.0,39.0,0.0,136070.0,4.0,26240.0,0.0,0.0,1040002724.0
134119.0,28.367041437079976,0.0,10668.0,906.1440952298753,38.26680192264813,-121.9401797035494,39.1,99994.0,1.0,0.0,1.0,0.0,450824.0,4.0,960.0,0.0,0.0,1883629018.0
109718.0,60.45916621480051,0.0,11911.0,828.1766410487686,38.05513917820608,-122.74857941401069,47.3,142785.0,0.0,0.0,0.0,0.0,258765.0,1.0,0.0,0.0,0.0,1759948774.0
676457.0,22.901440338137302,0.0,52150.0,20105.394817801967,34.842030309075156,-116.17662379678129,34.4,82184.0,0.0,0.0,0.0,0.0,2187816.0,1.0,0.0,0.0,0.0,7130962944.0
173043.0,19.136945701036627,0.0,14437.0,1514.057161459023,37.5589417190648,-120.99849485414198,34.8,79661.0,0.0,0.0,0.0,0.0,552250.0,1.0,0.0,0.0,0.0,1861833896.0
314531.0,35.66576039958768,0.0,24799.0,2206.558936270178,34.355871204221266,-119.12654460816057,39.4,107327.0,0.0,0.0,0.0,0.0,838259.0,1.0,0.0,0.0,0.0,4242166501.0
78389.0,31.720564273446563,0.0,7823.0,1677.1310334359375,39.66655443197179,-121.60070084884747,36.3,68574.0,0.0,0.0,0.0,0.0,209470.0,2.0,0.0,0.0,0.0,741500145.0
9216.0,14.523979957050823,0.0,796.0,1156.353491058561,39.177506529661116,-122.23673277297777,35.7,75149.0,0.0,0.0,0.0,0.0,21895.0,2.0,0.0,0.0,0.0,85912918.0
2661.0,23.004038521279902,0.0,353.0,4203.255762874587,41.58965368270825,-120.72501437875414,49.0,56648.0,0.0,0.0,0.0,0.0,8646.0,2.0,0.0,0.0,0.0,22849164.0
1013006.0,55.865627050350255,0.0,66957.0,1304.0557004984757,37.23243382622572,-121.69583325334833,37.9,159674.0,0.0,0.0,0.0,0.0,1903297.0,2.0,0.0,0.0,0.0,27838958236.0
97662.0,44.08385081248704,0.0,6255.0,1021.8257443699976,38.6865515088214,-121.90056641872224,32.3,88818.0,0.0,0.0,0.0,0.0,217782.0,2.0,0.0,0.0,0.0,1258475395.0
371671.0,23.854495908489586,0.0,32318.0,6011.127948199015,36.75853094618111,-119.65342684363189,33.2,71434.0,37.0,0.0,37.0,0.0,1012152.0,3.0,112320.0,0.0,0.0,3732410890.0
15897.0,17.743946050883824,0.0,2936.0,1328.0941710001237,39.09948485335015,-122.75277619233945,44.2,58738.0,2.0,0.0,2.0,0.0,68139.0,3.0,1360.0,0.0,0.0,136658378.0
47118.0,17.12878493305018,0.0,4012.0,2153.2391289805496,37.21782461616294,-119.76474047044498,34.6,75496.0,1.0,0.0,1.0,0.0,158790.0,3.0,6400.0,0.0,0.0,455922596.0
111864.0,60.45916621480051,0.0,12131.0,828.1766410487686,38.05513917820608,-122.74857941401069,47.3,142785.0,56.0,0.0,56.0,0.0,258765.0,3.0,51440.0,0.0,0.0,1716916325.0
30708.0,20.20745235030949,0.0,3010.0,608.4148120875715,39.03427456853581,-121.69453434561657,36.4,75450.0,1.0,0.0,1.0,0.0,98971.0,3.0,6400.0,0.0,0.0,296342017.0
354605.0,44.91015896659383,0.0,31051.0,803.9099721779048,37.92353933794917,-121.95094420575256,40.3,125727.0,15.0,0.0,15.0,0.0,1161458.0,4.0,4880.0,0.0,0.0,5937456578.0
31810.0,24.923685784847603,0.0,4163.0,3878.1544171646246,39.43217732619602,-123.43132735660902,43.9,64688.0,5.0,0.0,5.0,0.0,90709.0,4.0,2000.0,0.0,0.0,306492819.0
676675.0,25.084017687934303,0.0,57707.0,7303.023823440713,33.74663050890228,-115.99394024456193,36.7,89672.0,65.0,0.0,65.0,0.0,2449909.0,4.0,37678.0,0.0,0.0,7388624805.0
115340.0,39.201400387945306,0.0,10097.0,3615.766363116764,35.38757707614939,-120.4507099023192,40.2,93398.0,12.0,0.0,12.0,0.0,281486.0,4.0,40800.0,0.0,0.0,1350667063.0
519.0,24.404761904761905,0.0,119.0,962.1642285745723,39.580682227053714,-120.51601083545448,56.0,60000.0,3.0,0.0,3.0,0.0,2731.0,4.0,1200.0,0.0,0.0,5172564.0
739142.0,51.46936470398402,0.0,59826.0,821.2085166728324,37.65058029746707,-121.91780145156679,38.7,126240.0,0.0,0.0,0.0,0.0,1651949.0,1.0,0.0,0.0,0.0,13023627607.0
7539.0,34.32124352331606,0.0,603.0,3131.7985116614536,37.93840625683518,-118.88393311930923,40.3,86953.0,0.0,0.0,0.0,0.0,13169.0,1.0,0.0,0.0,0.0,66455931.0
691010.0,60.12076421243264,0.0,58659.0,231.91378755252734,37.76007116407808,-122.69412210887407,39.7,141446.0,0.0,0.0,0.0,0.0,836321.0,1.0,0.0,0.0,0.0,18503744872.0
1026197.0,55.865627050350255,0.0,68777.0,1304.0557004984757,37.23243382622572,-121.69583325334833,37.9,159674.0,0.0,0.0,0.0,0.0,1903297.0,1.0,0.0,0.0,0.0,29372397134.0
359902.0,44.91015896659383,0.0,31086.0,803.9099721779048,37.92353933794917,-121.95094420575256,40.3,125727.0,0.0,0.0,0.0,0.0,1161458.0,2.0,0.0,0.0,0.0,5603818908.0
8321.0,20.974160076562736,0.0,806.0,1229.681684316719,41.744691086401055,-123.95766040987809,40.8,66780.0,0.0,0.0,0.0,0.0,27293.0,2.0,0.0,0.0,0.0,79073691.0
314711.0,18.573575991839803,0.0,17785.0,8164.9173784182485,35.34353506527538,-118.72903973163824,32.4,67660.0,0.0,0.0,0.0,0.0,910433.0,2.0,0.0,0.0,0.0,3364615584.0
2739.0,23.004038521279902,0.0,357.0,4203.255762874587,41.58965368270825,-120.72501437875414,49.0,56648.0,0.0,0.0,0.0,0.0,8646.0,2.0,0.0,0.0,0.0,24536045.0
76794.0,38.517125422897266,0.0,5699.0,792.3014390203438,38.506669323212186,-122.3304828015586,42.8,108970.0,0.0,0.0,0.0,0.0,136070.0,2.0,0.0,0.0,0.0,974410324.0
1557203.0,43.401037672660124,0.0,113317.0,949.7168045236148,33.67689578291624,-117.77656042636896,39.1,113702.0,0.0,0.0,0.0,0.0,3164063.0,2.0,0.0,0.0,0.0,22323684081.0
639485.0,33.28378226721884,0.0,54891.0,994.3623322860957,38.449053680297055,-121.34451586989564,37.2,88724.0,0.0,0.0,0.0,0.0,1584047.0,2.0,0.0,0.0,0.0,8868621389.0
533.0,24.404761904761905,0.0,120.0,962.1642285745723,39.580682227053714,-120.51601083545448,56.0,60000.0,0.0,0.0,0.0,0.0,2731.0,2.0,0.0,0.0,0.0,4830506.0
2775.0,18.04651919323357,0.0,401.0,3207.610843179456,40.64915450943153,-123.11400057250617,54.8,53498.0,0.0,0.0,0.0,0.0,15886.0,2.0,0.0,0.0,0.0,24196464.0
2731.0,23.004038521279902,0.0,354.0,4203.255762874587,41.58965368270825,-120.72501437875414,49.0,56648.0,1.0,0.0,1.0,0.0,8646.0,3.0,400.0,0.0,0.0,26746444.0
135437.0,28.367041437079976,0.0,10990.0,906.1440952298753,38.26680192264813,-121.9401797035494,39.1,99994.0,5.0,0.0,5.0,0.0,450824.0,3.0,14560.0,0.0,0.0,1864648940.0
16724.0,17.8964071177604,0.0,1609.0,644.0076123533381,39.268749718550964,-121.35179088199844,33.9,73313.0,13.0,0.0,13.0,0.0,83079.0,3.0,83200.0,0.0,0.0,201481265.0
8997.0,14.523979957050823,0.0,818.0,1156.353491058561,39.177506529661116,-122.23673277297777,35.7,75149.0,0.0,0.0,0.0,0.0,21895.0,4.0,0.0,0.0,0.0,98435053.0
46341.0,13.919095714061436,0.0,3726.0,1392.1942069005058,36.07496094489133,-119.81583856650784,32.3,68750.0,1.0,0.0,1.0,0.0,152830.0,4.0,400.0,0.0,0.0,493402991.0
48365.0,17.12878493305018,0.0,4079.0,2153.2391289805496,37.21782461616294,-119.76474047044498,34.6,75496.0,0.0,0.0,0.0,0.0,158790.0,4.0,0.0,0.0,0.0,512505767.0
78347.0,14.780215294542995,0.0,6344.0,1978.6519681682591,37.1916854374536,-120.71843298756356,31.8,65044.0,3.0,0.0,3.0,0.0,285597.0,4.0,2880.0,0.0,0.0,822015811.0
5994.0,20.46291425565492,0.0,853.0,2613.444068237541,40.00465046431037,-120.83794094599376,52.1,64946.0,0.0,0.0,0.0,0.0,19607.0,4.0,0.0,0.0,0.0,62992477.0
44222.0,13.919095714061436,0.0,3674.0,1392.1942069005058,36.07496094489133,-119.81583856650784,32.3,68750.0,0.0,0.0,0.0,0.0,152830.0,1.0,0.0,0.0,0.0,433105858.0
385056.0,53.071234072167506,0.0,26930.0,740.947837007639,37.435907175553204,-122.3555722224761,40.6,156000.0,0.0,0.0,0.0,0.0,745100.0,1.0,0.0,0.0,0.0,10991050923.0
177253.0,19.136945701036627,0.0,14729.0,1514.057161459023,37.5589417190648,-120.99849485414198,34.8,79661.0,0.0,0.0,0.0,0.0,552250.0,1.0,0.0,0.0,0.0,1938984775.0
16855.0,23.944468298268212,0.0,1560.0,2274.45156123147,38.02764357742436,-119.95493812698564,48.8,72259.0,0.0,0.0,0.0,0.0,54873.0,1.0,0.0,0.0,0.0,165560284.0
53478.0,38.82410175418806,0.0,5162.0,1786.3605240054378,38.778900011875415,-120.5250410581759,46.1,106190.0,0.0,0.0,0.0,0.0,192299.0,2.0,0.0,0.0,0.0,599029996.0
6817.0,34.32124352331606,0.0,610.0,3131.7985116614536,37.93840625683518,-118.88393311930923,40.3,86953.0,0.0,0.0,0.0,0.0,13169.0,2.0,0.0,0.0,0.0,60982533.0
700462.0,60.12076421243264,0.0,59122.0,231.91378755252734,37.76007116407808,-122.69412210887407,39.7,141446.0,0.0,0.0,0.0,0.0,836321.0,2.0,0.0,0.0,0.0,16426323945.0
17641.0,18.843192237503896,0.0,1774.0,2962.174856842099,40.126040061066114,-122.2344962648283,40.1,61834.0,0.0,0.0,0.0,0.0,65520.0,2.0,0.0,0.0,0.0,175669641.0
203788.0,27.883727092389556,0.0,13428.0,3771.2208005395887,36.239504143459484,-121.30662637129737,35.3,94486.0,30.0,0.0,30.0,0.0,435834.0,3.0,89040.0,0.0,0.0,2360581418.0
82560.0,31.720564273446563,0.0,8196.0,1677.1310334359375,39.66655443197179,-121.60070084884747,36.3,68574.0,18.0,0.0,18.0,0.0,209470.0,4.0,13600.0,0.0,0.0,846990490.0
8123.0,20.974160076562736,0.0,796.0,1229.681684316719,41.744691086401055,-123.95766040987809,40.8,66780.0,0.0,0.0,0.0,0.0,27293.0,4.0,0.0,0.0,0.0,78140150.0
10440.0,13.212723998971104,0.0,716.0,4720.115276003642,40.67263063026285,-120.59327450404597,37.8,64395.0,0.0,0.0,0.0,0.0,31177.0,4.0,0.0,0.0,0.0,118492174.0
30906.0,39.46003256465599,0.0,3594.0,973.7957661243578,39.30167525657132,-120.76952482654217,50.3,84905.0,0.0,0.0,0.0,0.0,102452.0,4.0,0.0,0.0,0.0,352114262.0
157800.0,42.89064398957895,0.0,12472.0,1502.2359474204736,39.063807401803494,-120.71900434919911,42.4,114678.0,10.0,0.0,10.0,0.0,412435.0,4.0,4000.0,0.0,0.0,2219780811.0
17130.0,22.386651323360184,0.0,1582.0,1390.4738481890568,36.605527397901405,-121.07407728623134,35.9,108289.0,0.0,0.0,0.0,0.0,66056.0,4.0,0.0,0.0,0.0,200888005.0
103184.0,43.55796468303216,0.0,9471.0,607.1604721587531,37.02159018364554,-122.00957031229625,39.6,109266.0,96.0,0.0,96.0,0.0,266021.0,4.0,56120.0,0.0,0.0,1252509424.0
99804.0,44.08385081248704,0.0,6535.0,1021.8257443699976,38.6865515088214,-121.90056641872224,32.3,88818.0,5.0,0.0,5.0,0.0,217782.0,4.0,11280.0,0.0,0.0,1434033211.0
317144.0,35.66576039958768,0.0,25491.0,2206.558936270178,34.355871204221266,-119.12654460816057,39.4,107327.0,0.0,0.0,0.0,0.0,838259.0,1.0,0.0,0.0,0.0,4442393097.0
752707.0,51.46936470398402,0.0,60378.0,821.2085166728324,37.65058029746707,-121.91780145156679,38.7,126240.0,0.0,0.0,0.0,0.0,1651949.0,2.0,0.0,0.0,0.0,12736081813.0
7640.0,31.819817226739584,0.0,737.0,10227.099456702994,36.51016223187202,-117.40560074502446,45.6,72432.0,0.0,0.0,0.0,0.0,18803.0,2.0,0.0,0.0,0.0,79058418.0
9234.0,22.185801535272034,0.0,1307.0,1036.9263699809671,38.204458658099185,-120.5546675464701,52.0,79877.0,7.0,0.0,7.0,0.0,45995.0,3.0,38520.0,0.0,0.0,89983145.0
30582.0,39.46003256465599,0.0,3570.0,973.7957661243578,39.30167525657132,-120.76952482654217,50.3,84905.0,0.0,0.0,0.0,0.0,102452.0,3.0,0.0,0.0,0.0,340319414.0
6865.0,34.32124352331606,0.0,616.0,3131.7985116614536,37.93840625683518,-118.88393311930923,40.3,86953.0,0.0,0.0,0.0,0.0,13169.0,4.0,0.0,0.0,0.0,62663105.0
75072.0,38.517125422897266,0.0,5757.0,792.3014390203438,38.506669323212186,-122.3304828015586,42.8,108970.0,9.0,0.0,9.0,0.0,136070.0,4.0,7520.0,0.0,0.0,1037372170.0
713982.0,60.12076421243264,0.0,59649.0,231.91378755252734,37.76007116407808,-122.69412210887407,39.7,141446.0,738.0,0.0,738.0,0.0,836321.0,4.0,3199864.0,0.0,0.0,19208296440.0
362021.0,23.854495908489586,0.0,32877.0,6011.127948199015,36.75853094618111,-119.65342684363189,33.2,71434.0,0.0,0.0,0.0,0.0,1012152.0,1.0,0.0,0.0,0.0,3632955370.0
166462.0,15.839490911134213,0.0,9843.0,4838.285667681717,36.220043432758864,-118.80036101709678,31.9,69489.0,0.0,0.0,0.0,0.0,475774.0,2.0,0.0,0.0,0.0,1529277782.0
603.0,42.10526315789473,0.0,90.0,743.1887428922734,38.59709859657406,-119.82060282887257,41.1,110781.0,0.0,0.0,0.0,0.0,1695.0,3.0,0.0,0.0,0.0,6898902.0
9696.0,14.523979957050823,0.0,823.0,1156.353491058561,39.177506529661116,-122.23673277297777,35.7,75149.0,1.0,0.0,1.0,0.0,21895.0,3.0,400.0,0.0,0.0,100269222.0
48015.0,32.085138242686774,0.0,4999.0,4052.255054743655,40.70277291928399,-123.91630205492689,39.6,61135.0,43.0,0.0,43.0,0.0,135418.0,3.0,19760.0,0.0,0.0,477983144.0
4327308.0,35.470992419092156,0.0,468508.0,4749.439484208034,34.196118871519026,-118.2618483994794,37.9,87760.0,1495.0,0.0,1495.0,0.0,9848406.0,3.0,3242204.0,0.0,0.0,63604123869.0
202888.0,37.8469385158651,0.0,19567.0,1767.3423561904444,38.525248521353824,-122.92188038526332,42.7,102840.0,69.0,0.0,69.0,0.0,485642.0,3.0,92120.0,0.0,0.0,2629594078.0
185891.0,27.883727092389556,0.0,13392.0,3771.2208005395887,36.239504143459484,-121.30662637129737,35.3,94486.0,5.0,0.0,5.0,0.0,435834.0,4.0,3120.0,0.0,0.0,2204153703.0
722508.0,22.901440338137302,0.0,55834.0,20105.394817801967,34.842030309075156,-116.17662379678129,34.4,82184.0,200.0,0.0,200.0,0.0,2187816.0,4.0,2327840.0,0.0,0.0,8368811077.0
18206.0,18.843192237503896,0.0,1795.0,2962.174856842099,40.126040061066114,-122.2344962648283,40.1,61834.0,0.0,0.0,0.0,0.0,65520.0,4.0,0.0,0.0,0.0,193887631.0
4934.0,30.861708482676224,0.0,479.0,1462.8245424186043,37.58147179588342,-119.90594238514464,51.6,65378.0,0.0,0.0,0.0,0.0,17060.0,1.0,0.0,0.0,0.0,45881126.0
2374.0,23.004038521279902,0.0,350.0,4203.255762874587,41.58965368270825,-120.72501437875414,49.0,56648.0,0.0,0.0,0.0,0.0,8646.0,1.0,0.0,0.0,0.0,20758263.0
5386.0,20.46291425565492,0.0,837.0,2613.444068237541,40.00465046431037,-120.83794094599376,52.1,64946.0,0.0,0.0,0.0,0.0,19607.0,1.0,0.0,0.0,0.0,52760988.0
97495.0,43.55796468303216,0.0,9301.0,607.1604721587531,37.02159018364554,-122.00957031229625,39.6,109266.0,0.0,0.0,0.0,0.0,266021.0,1.0,0.0,0.0,0.0,1114988516.0
197916.0,35.869939954606835,0.0,15032.0,3787.6908512866726,34.53743979389637,-120.0302768485835,34.5,95977.0,0.0,0.0,0.0,0.0,443975.0,2.0,0.0,0.0,0.0,2434573970.0
323752.0,35.66576039958768,0.0,25764.0,2206.558936270178,34.355871204221266,-119.12654460816057,39.4,107327.0,0.0,0.0,0.0,0.0,838259.0,2.0,0.0,0.0,0.0,4144360352.0
752012.0,51.46936470398402,0.0,61081.0,821.2085166728324,37.65058029746707,-121.91780145156679,38.7,126240.0,176.0,0.0,176.0,0.0,1651949.0,3.0,725736.0,0.0,0.0,13604562942.0
358200.0,44.91015896659383,0.0,31406.0,803.9099721779048,37.92353933794917,-121.95094420575256,40.3,125727.0,48.0,0.0,48.0,0.0,1161458.0,3.0,135360.0,0.0,0.0,5803231817.0
79366.0,14.780215294542995,0.0,6393.0,1978.6519681682591,37.1916854374536,-120.71843298756356,31.8,65044.0,0.0,0.0,0.0,0.0,285597.0,3.0,0.0,0.0,0.0,836059003.0
702637.0,22.901440338137302,0.0,55922.0,20105.394817801967,34.842030309075156,-116.17662379678129,34.4,82184.0,244.0,0.0,244.0,0.0,2187816.0,3.0,410160.0,0.0,0.0,8025985398.0
707297.0,60.12076421243264,0.0,59620.0,231.91378755252734,37.76007116407808,-122.69412210887407,39.7,141446.0,557.0,0.0,557.0,0.0,836321.0,3.0,6505922.0,0.0,0.0,17344911178.0
2839.0,18.04651919323357,0.0,407.0,3207.610843179456,40.64915450943153,-123.11400057250617,54.8,53498.0,3.0,0.0,3.0,0.0,15886.0,3.0,1200.0,0.0,0.0,27362109.0
163012.0,15.839490911134213,0.0,9994.0,4838.285667681717,36.220043432758864,-118.80036101709678,31.9,69489.0,6.0,0.0,6.0,0.0,475774.0,3.0,14400.0,0.0,0.0,1575358331.0
5255.0,30.861708482676224,0.0,484.0,1462.8245424186043,37.58147179588342,-119.90594238514464,51.6,65378.0,0.0,0.0,0.0,0.0,17060.0,4.0,0.0,0.0,0.0,50850331.0
703891.0,25.084017687934303,0.0,59778.0,7303.023823440713,33.74663050890228,-115.99394024456193,36.7,89672.0,70.0,0.0,70.0,0.0,2449909.0,4.0,1241754.0,0.0,0.0,7642698056.0
522.0,24.404761904761905,0.0,119.0,962.1642285745723,39.580682227053714,-120.51601083545448,56.0,60000.0,0.0,0.0,0.0,0.0,2731.0,4.0,0.0,0.0,0.0,4961834.0
353708.0,44.91015896659383,0.0,30789.0,803.9099721779048,37.92353933794917,-121.95094420575256,40.3,125727.0,0.0,0.0,0.0,0.0,1161458.0,1.0,0.0,0.0,0.0,5890256720.0
153532.0,42.89064398957895,0.0,12081.0,1502.2359474204736,39.063807401803494,-120.71900434919911,42.4,114678.0,0.0,0.0,0.0,0.0,412435.0,1.0,0.0,0.0,0.0,1982211631.0
112570.0,39.201400387945306,0.0,10028.0,3615.766363116764,35.38757707614939,-120.4507099023192,40.2,93398.0,0.0,0.0,0.0,0.0,281486.0,1.0,0.0,0.0,0.0,1205766710.0
114752.0,60.45916621480051,0.0,12251.0,828.1766410487686,38.05513917820608,-122.74857941401069,47.3,142785.0,0.0,0.0,0.0,0.0,258765.0,2.0,0.0,0.0,0.0,1886527785.0
31658.0,20.20745235030949,0.0,3108.0,608.4148120875715,39.03427456853581,-121.69453434561657,36.4,75450.0,0.0,0.0,0.0,0.0,98971.0,3.0,0.0,0.0,0.0,318839284.0
11676.0,22.443391582574453,0.0,1093.0,605.9503896179209,38.44659889460041,-120.65166651032878,49.9,81526.0,0.0,0.0,0.0,0.0,41029.0,4.0,0.0,0.0,0.0,129040907.0
9135.0,16.482336518844626,0.0,1183.0,1326.9767269702027,39.598476800476945,-122.39201249335272,35.9,70487.0,0.0,0.0,0.0,0.0,28623.0,4.0,0.0,0.0,0.0,91589668.0
7619.0,31.819817226739584,0.0,743.0,10227.099456702994,36.51016223187202,-117.40560074502446,45.6,72432.0,0.0,0.0,0.0,0.0,18803.0,4.0,0.0,0.0,0.0,81430020.0
398199.0,53.071234072167506,0.0,27488.0,740.947837007639,37.435907175553204,-122.3555722224761,40.6,156000.0,21.0,0.0,21.0,0.0,745100.0,4.0,7960.0,0.0,0.0,10887693530.0
65756.0,23.266685790040857,0.0,6743.0,3847.3961177642345,40.76364876697064,-122.04134718043841,41.7,71931.0,6.0,0.0,6.0,0.0,181554.0,4.0,4434.0,0.0,0.0,693131412.0
17817.0,23.944468298268212,0.0,1588.0,2274.45156123147,38.02764357742436,-119.95493812698564,48.8,72259.0,1.0,0.0,1.0,0.0,54873.0,4.0,640.0,0.0,0.0,187438563.0
9905.0,13.212723998971104,0.0,717.0,4720.115276003642,40.67263063026285,-120.59327450404597,37.8,64395.0,0.0,0.0,0.0,0.0,31177.0,1.0,0.0,0.0,0.0,109713325.0
11837.0,22.443391582574453,0.0,1093.0,605.9503896179209,38.44659889460041,-120.65166651032878,49.9,81526.0,3.0,0.0,3.0,0.0,41029.0,3.0,1200.0,0.0,0.0,125800795.0
382872.0,23.854495908489586,0.0,33708.0,6011.127948199015,36.75853094618111,-119.65342684363189,33.2,71434.0,32.0,0.0,32.0,0.0,1012152.0,3.0,82015.0,0.0,0.0,4016878179.0
114122.0,60.45916621480051,0.0,12335.0,828.1766410487686,38.05513917820608,-122.74857941401069,47.3,142785.0,64.0,0.0,64.0,0.0,258765.0,3.0,54240.0,0.0,0.0,1845116179.0
684353.0,25.084017687934303,0.0,59769.0,7303.023823440713,33.74663050890228,-115.99394024456193,36.7,89672.0,30.0,0.0,30.0,0.0,2449909.0,3.0,16800.0,0.0,0.0,7497073950.0
17835.0,22.386651323360184,0.0,1586.0,1390.4738481890568,36.605527397901405,-121.07407728623134,35.9,108289.0,0.0,0.0,0.0,0.0,66056.0,3.0,0.0,0.0,0.0,202102885.0
9119.0,22.185801535272034,0.0,1317.0,1036.9263699809671,38.204458658099185,-120.5546675464701,52.0,79877.0,0.0,0.0,0.0,0.0,45995.0,4.0,0.0,0.0,0.0,93864672.0
15958.0,17.743946050883824,0.0,3003.0,1328.0941710001237,39.09948485335015,-122.75277619233945,44.2,58738.0,0.0,0.0,0.0,0.0,68139.0,4.0,0.0,0.0,0.0,149484375.0
8026.0,14.523979957050823,0.0,808.0,1156.353491058561,39.177506529661116,-122.23673277297777,35.7,75149.0,0.0,0.0,0.0,0.0,21895.0,1.0,0.0,0.0,0.0,76055650.0
8564.0,16.482336518844626,0.0,1175.0,1326.9767269702027,39.598476800476945,-122.39201249335272,35.9,70487.0,0.0,0.0,0.0,0.0,28623.0,1.0,0.0,0.0,0.0,76726801.0
65049.0,16.100269483279376,0.0,7028.0,4480.599127667921,33.03992461908436,-115.36534775339051,33.0,56393.0,0.0,0.0,0.0,0.0,179319.0,1.0,0.0,0.0,0.0,569516216.0
72431.0,14.780215294542995,0.0,6227.0,1978.6519681682591,37.1916854374536,-120.71843298756356,31.8,65044.0,0.0,0.0,0.0,0.0,285597.0,1.0,0.0,0.0,0.0,705664274.0
72842.0,38.517125422897266,0.0,5659.0,792.3014390203438,38.506669323212186,-122.3304828015586,42.8,108970.0,0.0,0.0,0.0,0.0,136070.0,1.0,0.0,0.0,0.0,904325665.0
1384529.0,42.08987125049854,0.0,104178.0,4525.7279337106775,33.02819299849969,-116.76989830322081,37.1,102285.0,0.0,0.0,0.0,0.0,3282782.0,1.0,0.0,0.0,0.0,19889140231.0
154314.0,15.839490911134213,0.0,9721.0,4838.285667681717,36.220043432758864,-118.80036101709678,31.9,69489.0,0.0,0.0,0.0,0.0,475774.0,1.0,0.0,0.0,0.0,1414797364.0
30319.0,39.46003256465599,0.0,3517.0,973.7957661243578,39.30167525657132,-120.76952482654217,50.3,84905.0,0.0,0.0,0.0,0.0,102452.0,2.0,0.0,0.0,0.0,319672295.0
1045635.0,55.865627050350255,0.0,69347.0,1304.0557004984757,37.23243382622572,-121.69583325334833,37.9,159674.0,0.0,0.0,0.0,0.0,1903297.0,2.0,0.0,0.0,0.0,30648941491.0
30809.0,20.20745235030949,0.0,3090.0,608.4148120875715,39.03427456853581,-121.69453434561657,36.4,75450.0,0.0,0.0,0.0,0.0,98971.0,2.0,0.0,0.0,0.0,301035836.0
9079.0,16.482336518844626,0.0,1189.0,1326.9767269702027,39.598476800476945,-122.39201249335272,35.9,70487.0,0.0,0.0,0.0,0.0,28623.0,3.0,0.0,0.0,0.0,87446678.0
59921.0,16.100269483279376,0.0,7181.0,4480.599127667921,33.03992461908436,-115.36534775339051,33.0,56393.0,1.0,0.0,1.0,0.0,179319.0,3.0,400.0,0.0,0.0,590442006.0
77303.0,38.517125422897266,0.0,5759.0,792.3014390203438,38.506669323212186,-122.3304828015586,42.8,108970.0,9.0,0.0,9.0,0.0,136070.0,3.0,5840.0,0.0,0.0,1023108904.0
48816.0,32.085138242686774,0.0,4971.0,4052.255054743655,40.70277291928399,-123.91630205492689,39.6,61135.0,56.0,0.0,56.0,0.0,135418.0,4.0,32360.0,0.0,0.0,485618195.0
2592.0,23.004038521279902,0.0,351.0,4203.255762874587,41.58965368270825,-120.72501437875414,49.0,56648.0,1.0,0.0,1.0,0.0,8646.0,4.0,960.0,0.0,0.0,24083159.0
7830.0,20.974160076562736,0.0,793.0,1229.681684316719,41.744691086401055,-123.95766040987809,40.8,66780.0,0.0,0.0,0.0,0.0,27293.0,1.0,0.0,0.0,0.0,70662014.0
112221.0,60.45916621480051,0.0,12144.0,828.1766410487686,38.05513917820608,-122.74857941401069,47.3,142785.0,0.0,0.0,0.0,0.0,258765.0,1.0,0.0,0.0,0.0,1871036970.0
16064.0,22.386651323360184,0.0,1556.0,1390.4738481890568,36.605527397901405,-121.07407728623134,35.9,108289.0,0.0,0.0,0.0,0.0,66056.0,1.0,0.0,0.0,0.0,168197353.0
12788.0,23.083615573439392,0.0,1654.0,6347.938252495964,41.59330971236391,-122.54039224371505,47.4,55499.0,0.0,0.0,0.0,0.0,43834.0,1.0,0.0,0.0,0.0,113929910.0
81145.0,31.720564273446563,0.0,8149.0,1677.1310334359375,39.66655443197179,-121.60070084884747,36.3,68574.0,0.0,0.0,0.0,0.0,209470.0,2.0,0.0,0.0,0.0,788037791.0
9390.0,14.523979957050823,0.0,818.0,1156.353491058561,39.177506529661116,-122.23673277297777,35.7,75149.0,0.0,0.0,0.0,0.0,21895.0,2.0,0.0,0.0,0.0,92527735.0
48802.0,32.085138242686774,0.0,4931.0,4052.255054743655,40.70277291928399,-123.91630205492689,39.6,61135.0,0.0,0.0,0.0,0.0,135418.0,2.0,0.0,0.0,0.0,457161435.0
46877.0,13.919095714061436,0.0,3711.0,1392.1942069005058,36.07496094489133,-119.81583856650784,32.3,68750.0,0.0,0.0,0.0,0.0,152830.0,2.0,0.0,0.0,0.0,467904092.0
16298.0,17.743946050883824,0.0,2996.0,1328.0941710001237,39.09948485335015,-122.75277619233945,44.2,58738.0,0.0,0.0,0.0,0.0,68139.0,2.0,0.0,0.0,0.0,141758040.0
156259.0,42.89064398957895,0.0,12260.0,1502.2359474204736,39.063807401803494,-120.71900434919911,42.4,114678.0,0.0,0.0,0.0,0.0,412435.0,2.0,0.0,0.0,0.0,2019372890.0
389639.0,53.071234072167506,0.0,27148.0,740.947837007639,37.435907175553204,-122.3555722224761,40.6,156000.0,0.0,0.0,0.0,0.0,745100.0,2.0,0.0,0.0,0.0,9466352664.0
32040.0,24.923685784847603,0.0,4148.0,3878.1544171646246,39.43217732619602,-123.43132735660902,43.9,64688.0,2.0,0.0,2.0,0.0,90709.0,3.0,800.0,0.0,0.0,315003305.0
7061.0,34.32124352331606,0.0,614.0,3131.7985116614536,37.93840625683518,-118.88393311930923,40.3,86953.0,5.0,0.0,5.0,0.0,13169.0,3.0,2000.0,0.0,0.0,67649492.0
157493.0,42.89064398957895,0.0,12396.0,1502.2359474204736,39.063807401803494,-120.71900434919911,42.4,114678.0,36.0,0.0,36.0,0.0,412435.0,3.0,26400.0,0.0,0.0,2141114854.0
241299.0,21.572958036625103,0.0,17317.0,1426.6010791666342,37.93443695137347,-121.27165936777493,35.2,88531.0,14.0,0.0,14.0,0.0,787416.0,3.0,18720.0,0.0,0.0,2745974244.0
107690.0,43.55796468303216,0.0,9466.0,607.1604721587531,37.02159018364554,-122.00957031229625,39.6,109266.0,73.0,0.0,73.0,0.0,266021.0,3.0,42400.0,0.0,0.0,1311025654.0
17757.0,23.944468298268212,0.0,1583.0,2274.45156123147,38.02764357742436,-119.95493812698564,48.8,72259.0,5.0,0.0,5.0,0.0,54873.0,3.0,2000.0,0.0,0.0,186569249.0
374203.0,23.854495908489586,0.0,33542.0,6011.127948199015,36.75853094618111,-119.65342684363189,33.2,71434.0,51.0,0.0,51.0,0.0,1012152.0,4.0,125080.0,0.0,0.0,4172259060.0
31716.0,24.923685784847603,0.0,4115.0,3878.1544171646246,39.43217732619602,-123.43132735660902,43.9,64688.0,11.0,0.0,11.0,0.0,90709.0,4.0,4400.0,0.0,0.0,306827655.0
1589185.0,43.401037672660124,0.0,115578.0,949.7168045236148,33.67689578291624,-117.77656042636896,39.1,113702.0,487.0,0.0,487.0,0.0,3164063.0,4.0,611440.0,0.0,0.0,24808475364.0
115603.0,39.201400387945306,0.0,10241.0,3615.766363116764,35.38757707614939,-120.4507099023192,40.2,93398.0,19.0,0.0,19.0,0.0,281486.0,4.0,55600.0,0.0,0.0,1328264260.0
138044.0,28.367041437079976,0.0,10994.0,906.1440952298753,38.26680192264813,-121.9401797035494,39.1,99994.0,2.0,0.0,2.0,0.0,450824.0,4.0,1120.0,0.0,0.0,1925370599.0
4299420.0,35.470992419092156,0.0,459362.0,4749.439484208034,34.196118871519026,-118.2618483994794,37.9,87760.0,0.0,0.0,0.0,0.0,9848406.0,1.0,0.0,0.0,0.0,63482086781.0
197947.0,37.8469385158651,0.0,19275.0,1767.3423561904444,38.525248521353824,-122.92188038526332,42.7,102840.0,0.0,0.0,0.0,0.0,485642.0,1.0,0.0,0.0,0.0,2372984283.0
9185.0,22.185801535272034,0.0,1303.0,1036.9263699809671,38.204458658099185,-120.5546675464701,52.0,79877.0,0.0,0.0,0.0,0.0,45995.0,2.0,0.0,0.0,0.0,83691798.0
48574.0,17.12878493305018,0.0,4048.0,2153.2391289805496,37.21782461616294,-119.76474047044498,34.6,75496.0,0.0,0.0,0.0,0.0,158790.0,2.0,0.0,0.0,0.0,483464619.0
198752.0,27.883727092389556,0.0,13316.0,3771.2208005395887,36.239504143459484,-121.30662637129737,35.3,94486.0,0.0,0.0,0.0,0.0,435834.0,2.0,0.0,0.0,0.0,2167309824.0
100702.0,44.08385081248704,0.0,6466.0,1021.8257443699976,38.6865515088214,-121.90056641872224,32.3,88818.0,0.0,0.0,0.0,0.0,217782.0,2.0,0.0,0.0,0.0,1376373675.0
54800.0,38.82410175418806,0.0,5251.0,1786.3605240054378,38.778900011875415,-120.5250410581759,46.1,106190.0,37.0,0.0,37.0,0.0,192299.0,3.0,134800.0,0.0,0.0,654877397.0
10281.0,13.212723998971104,0.0,713.0,4720.115276003642,40.67263063026285,-120.59327450404597,37.8,64395.0,0.0,0.0,0.0,0.0,31177.0,3.0,0.0,0.0,0.0,118831416.0
1407207.0,42.08987125049854,0.0,106493.0,4525.7279337106775,33.02819299849969,-116.76989830322081,37.1,102285.0,544.0,0.0,544.0,0.0,3282782.0,3.0,2548263.0,0.0,0.0,20663685591.0
113772.0,39.201400387945306,0.0,10186.0,3615.766363116764,35.38757707614939,-120.4507099023192,40.2,93398.0,52.0,0.0,52.0,0.0,281486.0,3.0,184000.0,0.0,0.0,1278161281.0
393662.0,53.071234072167506,0.0,27330.0,740.947837007639,37.435907175553204,-122.3555722224761,40.6,156000.0,21.0,0.0,21.0,0.0,745100.0,3.0,19360.0,0.0,0.0,10744040015.0
189058.0,19.136945701036627,0.0,14853.0,1514.057161459023,37.5589417190648,-120.99849485414198,34.8,79661.0,90.0,0.0,90.0,0.0,552250.0,3.0,38240.0,0.0,0.0,2183603221.0
104569.0,44.08385081248704,0.0,6531.0,1021.8257443699976,38.6865515088214,-121.90056641872224,32.3,88818.0,6.0,0.0,6.0,0.0,217782.0,3.0,2400.0,0.0,0.0,1513944248.0
709.0,42.10526315789473,0.0,90.0,743.1887428922734,38.59709859657406,-119.82060282887257,41.1,110781.0,0.0,0.0,0.0,0.0,1695.0,4.0,0.0,0.0,0.0,6386062.0
64506.0,16.100269483279376,0.0,7109.0,4480.599127667921,33.03992461908436,-115.36534775339051,33.0,56393.0,0.0,0.0,0.0,0.0,179319.0,4.0,0.0,0.0,0.0,604768870.0
319022.0,18.573575991839803,0.0,17994.0,8164.9173784182485,35.34353506527538,-118.72903973163824,32.4,67660.0,22.0,0.0,22.0,0.0,910433.0,4.0,15920.0,0.0,0.0,3599466434.0
2631.0,18.04651919323357,0.0,398.0,3207.610843179456,40.64915450943153,-123.11400057250617,54.8,53498.0,5.0,0.0,5.0,0.0,15886.0,4.0,2000.0,0.0,0.0,25476749.0
1063.0,42.10526315789473,0.0,89.0,743.1887428922734,38.59709859657406,-119.82060282887257,41.1,110781.0,0.0,0.0,0.0,0.0,1695.0,1.0,0.0,0.0,0.0,7655133.0
11245.0,22.443391582574453,0.0,1070.0,605.9503896179209,38.44659889460041,-120.65166651032878,49.9,81526.0,0.0,0.0,0.0,0.0,41029.0,1.0,0.0,0.0,0.0,115318181.0
15577.0,17.743946050883824,0.0,2982.0,1328.0941710001237,39.09948485335015,-122.75277619233945,44.2,58738.0,0.0,0.0,0.0,0.0,68139.0,1.0,0.0,0.0,0.0,138430410.0
47532.0,17.12878493305018,0.0,4022.0,2153.2391289805496,37.21782461616294,-119.76474047044498,34.6,75496.0,0.0,0.0,0.0,0.0,158790.0,1.0,0.0,0.0,0.0,460613985.0
30550.0,39.46003256465599,0.0,3483.0,973.7957661243578,39.30167525657132,-120.76952482654217,50.3,84905.0,0.0,0.0,0.0,0.0,102452.0,1.0,0.0,0.0,0.0,311653925.0
9005.0,16.482336518844626,0.0,1181.0,1326.9767269702027,39.598476800476945,-122.39201249335272,35.9,70487.0,0.0,0.0,0.0,0.0,28623.0,2.0,0.0,0.0,0.0,85422742.0
5401.0,30.861708482676224,0.0,473.0,1462.8245424186043,37.58147179588342,-119.90594238514464,51.6,65378.0,0.0,0.0,0.0,0.0,17060.0,2.0,0.0,0.0,0.0,49913705.0
32604.0,24.923685784847603,0.0,4132.0,3878.1544171646246,39.43217732619602,-123.43132735660902,43.9,64688.0,0.0,0.0,0.0,0.0,90709.0,2.0,0.0,0.0,0.0,297256051.0
689671.0,25.084017687934303,0.0,58831.0,7303.023823440713,33.74663050890228,-115.99394024456193,36.7,89672.0,0.0,0.0,0.0,0.0,2449909.0,2.0,0.0,0.0,0.0,7270412793.0
240373.0,21.572958036625103,0.0,17183.0,1426.6010791666342,37.93443695137347,-121.27165936777493,35.2,88531.0,0.0,0.0,0.0,0.0,787416.0,2.0,0.0,0.0,0.0,2585750825.0
105643.0,43.55796468303216,0.0,9375.0,607.1604721587531,37.02159018364554,-122.00957031229625,39.6,109266.0,0.0,0.0,0.0,0.0,266021.0,2.0,0.0,0.0,0.0,1237551014.0
65416.0,23.266685790040857,0.0,6708.0,3847.3961177642345,40.76364876697064,-122.04134718043841,41.7,71931.0,0.0,0.0,0.0,0.0,181554.0,2.0,0.0,0.0,0.0,640221593.0
183860.0,19.136945701036627,0.0,14721.0,1514.057161459023,37.5589417190648,-120.99849485414198,34.8,79661.0,0.0,0.0,0.0,0.0,552250.0,2.0,0.0,0.0,0.0,1960116152.0
16840.0,17.8964071177604,0.0,1603.0,644.0076123533381,39.268749718550964,-121.35179088199844,33.9,73313.0,0.0,0.0,0.0,0.0,83079.0,2.0,0.0,0.0,0.0,198963011.0
1552423.0,43.401037672660124,0.0,114687.0,949.7168045236148,33.67689578291624,-117.77656042636896,39.1,113702.0,454.0,0.0,454.0,0.0,3164063.0,3.0,1240248.0,0.0,0.0,23268029676.0
530.0,24.404761904761905,0.0,120.0,962.1642285745723,39.580682227053714,-120.51601083545448,56.0,60000.0,2.0,0.0,2.0,0.0,2731.0,3.0,800.0,0.0,0.0,5783536.0
244133.0,21.572958036625103,0.0,17338.0,1426.6010791666342,37.93443695137347,-121.27165936777493,35.2,88531.0,12.0,0.0,12.0,0.0,787416.0,4.0,21760.0,0.0,0.0,2825713626.0
29670.0,20.20745235030949,0.0,3112.0,608.4148120875715,39.03427456853581,-121.69453434561657,36.4,75450.0,0.0,0.0,0.0,0.0,98971.0,4.0,0.0,0.0,0.0,312183668.0
321939.0,35.66576039958768,0.0,26232.0,2206.558936270178,34.355871204221266,-119.12654460816057,39.4,107327.0,78.0,0.0,78.0,0.0,838259.0,4.0,43640.0,0.0,0.0,4369878661.0
7403.0,31.819817226739584,0.0,726.0,10227.099456702994,36.51016223187202,-117.40560074502446,45.6,72432.0,0.0,0.0,0.0,0.0,18803.0,1.0,0.0,0.0,0.0,75377524.0
189558.0,35.869939954606835,0.0,14881.0,3787.6908512866726,34.53743979389637,-120.0302768485835,34.5,95977.0,0.0,0.0,0.0,0.0,443975.0,1.0,0.0,0.0,0.0,2292569019.0
4349483.0,35.470992419092156,0.0,463185.0,4749.439484208034,34.196118871519026,-118.2618483994794,37.9,87760.0,0.0,0.0,0.0,0.0,9848406.0,2.0,0.0,0.0,0.0,61063884659.0
701996.0,22.901440338137302,0.0,55059.0,20105.394817801967,34.842030309075156,-116.17662379678129,34.4,82184.0,0.0,0.0,0.0,0.0,2187816.0,2.0,0.0,0.0,0.0,7693100237.0
8330.0,20.974160076562736,0.0,797.0,1229.681684316719,41.744691086401055,-123.95766040987809,40.8,66780.0,0.0,0.0,0.0,0.0,27293.0,3.0,0.0,0.0,0.0,75761750.0
762532.0,51.46936470398402,0.0,61146.0,821.2085166728324,37.65058029746707,-121.91780145156679,38.7,126240.0,297.0,0.0,297.0,0.0,1651949.0,4.0,602448.0,0.0,0.0,13670816099.0
365157.0,44.91015896659383,0.0,31511.0,803.9099721779048,37.92353933794917,-121.95094420575256,40.3,125727.0,12.0,0.0,12.0,0.0,1161458.0,4.0,5960.0,0.0,0.0,6120712212.0
115153.0,60.45916621480051,0.0,12414.0,828.1766410487686,38.05513917820608,-122.74857941401069,47.3,142785.0,61.0,0.0,61.0,0.0,258765.0,4.0,26560.0,0.0,0.0,2063627801.0
185738.0,19.136945701036627,0.0,14803.0,1514.057161459023,37.5589417190648,-120.99849485414198,34.8,79661.0,6.0,0.0,6.0,0.0,552250.0,4.0,3520.0,0.0,0.0,2136373645.0
78431.0,31.720564273446563,0.0,8037.0,1677.1310334359375,39.66655443197179,-121.60070084884747,36.3,68574.0,0.0,0.0,0.0,0.0,209470.0,1.0,0.0,0.0,0.0,736588059.0
52400.0,38.82410175418806,0.0,5084.0,1786.3605240054378,38.778900011875415,-120.5250410581759,46.1,106190.0,0.0,0.0,0.0,0.0,192299.0,1.0,0.0,0.0,0.0,602319902.0
165909.0,27.883727092389556,0.0,13226.0,3771.2208005395887,36.239504143459484,-121.30662637129737,35.3,94486.0,0.0,0.0,0.0,0.0,435834.0,1.0,0.0,0.0,0.0,1834549046.0
628381.0,33.28378226721884,0.0,54228.0,994.3623322860957,38.449053680297055,-121.34451586989564,37.2,88724.0,0.0,0.0,0.0,0.0,1584047.0,1.0,0.0,0.0,0.0,8993106075.0
697688.0,22.901440338137302,0.0,54410.0,20105.394817801967,34.842030309075156,-116.17662379678129,34.4,82184.0,0.0,0.0,0.0,0.0,2187816.0,1.0,0.0,0.0,0.0,7432023115.0
231451.0,21.572958036625103,0.0,17176.0,1426.6010791666342,37.93443695137347,-121.27165936777493,35.2,88531.0,0.0,0.0,0.0,0.0,787416.0,1.0,0.0,0.0,0.0,2469949108.0
483.0,24.404761904761905,0.0,120.0,962.1642285745723,39.580682227053714,-120.51601083545448,56.0,60000.0,0.0,0.0,0.0,0.0,2731.0,1.0,0.0,0.0,0.0,3971972.0
2531.0,18.04651919323357,0.0,393.0,3207.610843179456,40.64915450943153,-123.11400057250617,54.8,53498.0,0.0,0.0,0.0,0.0,15886.0,1.0,0.0,0.0,0.0,22214019.0
380657.0,23.854495908489586,0.0,33286.0,6011.127948199015,36.75853094618111,-119.65342684363189,33.2,71434.0,0.0,0.0,0.0,0.0,1012152.0,2.0,0.0,0.0,0.0,3835889854.0
62163.0,16.100269483279376,0.0,7089.0,4480.599127667921,33.03992461908436,-115.36534775339051,33.0,56393.0,0.0,0.0,0.0,0.0,179319.0,2.0,0.0,0.0,0.0,583950881.0
17138.0,22.386651323360184,0.0,1575.0,1390.4738481890568,36.605527397901405,-121.07407728623134,35.9,108289.0,0.0,0.0,0.0,0.0,66056.0,2.0,0.0,0.0,0.0,185499891.0
13840.0,23.083615573439392,0.0,1679.0,6347.938252495964,41.59330971236391,-122.54039224371505,47.4,55499.0,0.0,0.0,0.0,0.0,43834.0,2.0,0.0,0.0,0.0,130240649.0
136313.0,28.367041437079976,0.0,10836.0,906.1440952298753,38.26680192264813,-121.9401797035494,39.1,99994.0,0.0,0.0,0.0,0.0,450824.0,2.0,0.0,0.0,0.0,1783733061.0
321227.0,18.573575991839803,0.0,17985.0,8164.9173784182485,35.34353506527538,-118.72903973163824,32.4,67660.0,20.0,0.0,20.0,0.0,910433.0,3.0,55920.0,0.0,0.0,3595633486.0
5811.0,30.861708482676224,0.0,481.0,1462.8245424186043,37.58147179588342,-119.90594238514464,51.6,65378.0,0.0,0.0,0.0,0.0,17060.0,3.0,0.0,0.0,0.0,57375923.0
64631.0,23.266685790040857,0.0,6788.0,3847.3961177642345,40.76364876697064,-122.04134718043841,41.7,71931.0,4.0,0.0,4.0,0.0,181554.0,3.0,1600.0,0.0,0.0,689194938.0
13977.0,23.083615573439392,0.0,1701.0,6347.938252495964,41.59330971236391,-122.54039224371505,47.4,55499.0,1.0,0.0,1.0,0.0,43834.0,3.0,400.0,0.0,0.0,141959183.0
313374.0,35.66576039958768,0.0,26066.0,2206.558936270178,34.355871204221266,-119.12654460816057,39.4,107327.0,30.0,0.0,30.0,0.0,838259.0,3.0,45000.0,0.0,0.0,4149038287.0
160189.0,15.839490911134213,0.0,9986.0,4838.285667681717,36.220043432758864,-118.80036101709678,31.9,69489.0,0.0,0.0,0.0,0.0,475774.0,4.0,0.0,0.0,0.0,1609446389.0
17010.0,17.8964071177604,0.0,1605.0,644.0076123533381,39.268749718550964,-121.35179088199844,33.9,73313.0,0.0,0.0,0.0,0.0,83079.0,4.0,0.0,0.0,0.0,212767883.0
47406.0,32.085138242686774,0.0,4899.0,4052.255054743655,40.70277291928399,-123.91630205492689,39.6,61135.0,0.0,0.0,0.0,0.0,135418.0,1.0,0.0,0.0,0.0,428902291.0
301890.0,18.573575991839803,0.0,17642.0,8164.9173784182485,35.34353506527538,-118.72903973163824,32.4,67660.0,0.0,0.0,0.0,0.0,910433.0,1.0,0.0,0.0,0.0,3313768138.0
31298.0,24.923685784847603,0.0,4129.0,3878.1544171646246,39.43217732619602,-123.43132735660902,43.9,64688.0,0.0,0.0,0.0,0.0,90709.0,1.0,0.0,0.0,0.0,277651211.0
1541024.0,43.401037672660124,0.0,112150.0,949.7168045236148,33.67689578291624,-117.77656042636896,39.1,113702.0,0.0,0.0,0.0,0.0,3164063.0,1.0,0.0,0.0,0.0,22882562842.0
679630.0,25.084017687934303,0.0,57942.0,7303.023823440713,33.74663050890228,-115.99394024456193,36.7,89672.0,0.0,0.0,0.0,0.0,2449909.0,1.0,0.0,0.0,0.0,7235158851.0
63064.0,23.266685790040857,0.0,6658.0,3847.3961177642345,40.76364876697064,-122.04134718043841,41.7,71931.0,0.0,0.0,0.0,0.0,181554.0,1.0,0.0,0.0,0.0,611249571.0
96111.0,44.08385081248704,0.0,6421.0,1021.8257443699976,38.6865515088214,-121.90056641872224,32.3,88818.0,0.0,0.0,0.0,0.0,217782.0,1.0,0.0,0.0,0.0,1285301825.0
704.0,42.10526315789473,0.0,91.0,743.1887428922734,38.59709859657406,-119.82060282887257,41.1,110781.0,0.0,0.0,0.0,0.0,1695.0,2.0,0.0,0.0,0.0,6512369.0
11833.0,22.443391582574453,0.0,1079.0,605.9503896179209,38.44659889460041,-120.65166651032878,49.9,81526.0,0.0,0.0,0.0,0.0,41029.0,2.0,0.0,0.0,0.0,122675697.0
48834.0,17.12878493305018,0.0,4102.0,2153.2391289805496,37.21782461616294,-119.76474047044498,34.6,75496.0,3.0,0.0,3.0,0.0,158790.0,3.0,13200.0,0.0,0.0,513451425.0
54875.0,38.82410175418806,0.0,5279.0,1786.3605240054378,38.778900011875415,-120.5250410581759,46.1,106190.0,66.0,0.0,66.0,0.0,192299.0,4.0,146880.0,0.0,0.0,674245624.0
4400315.0,35.470992419092156,0.0,470304.0,4749.439484208034,34.196118871519026,-118.2618483994794,37.9,87760.0,1859.0,0.0,1859.0,0.0,9848406.0,4.0,2598765.0,0.0,0.0,72154881893.0
646102.0,33.28378226721884,0.0,55626.0,994.3623322860957,38.449053680297055,-121.34451586989564,37.2,88724.0,256.0,0.0,256.0,0.0,1584047.0,4.0,1254380.0,0.0,0.0,9506287493.0
1062198.0,55.865627050350255,0.0,70519.0,1304.0557004984757,37.23243382622572,-121.69583325334833,37.9,159674.0,124.0,0.0,124.0,0.0,1903297.0,4.0,875520.0,0.0,0.0,32656377454.0
14082.0,23.083615573439392,0.0,1691.0,6347.938252495964,41.59330971236391,-122.54039224371505,47.4,55499.0,0.0,0.0,0.0,0.0,43834.0,4.0,0.0,0.0,0.0,137545979.0
203750.0,37.8469385158651,0.0,19539.0,1767.3423561904444,38.525248521353824,-122.92188038526332,42.7,102840.0,59.0,0.0,59.0,0.0,485642.0,4.0,102320.0,0.0,0.0,2697098882.0
27855.0,20.20745235030949,0.0,3047.0,608.4148120875715,39.03427456853581,-121.69453434561657,36.4,75450.0,0.0,0.0,0.0,0.0,98971.0,1.0,0.0,0.0,0.0,259748736.0
16167.0,17.8964071177604,0.0,1589.0,644.0076123533381,39.268749718550964,-121.35179088199844,33.9,73313.0,0.0,0.0,0.0,0.0,83079.0,1.0,0.0,0.0,0.0,185773214.0
10329.0,13.212723998971104,0.0,711.0,4720.115276003642,40.67263063026285,-120.59327450404597,37.8,64395.0,0.0,0.0,0.0,0.0,31177.0,2.0,0.0,0.0,0.0,110762966.0
202915.0,37.8469385158651,0.0,19413.0,1767.3423561904444,38.525248521353824,-122.92188038526332,42.7,102840.0,0.0,0.0,0.0,0.0,485642.0,2.0,0.0,0.0,0.0,2453952991.0
17538.0,23.944468298268212,0.0,1568.0,2274.45156123147,38.02764357742436,-119.95493812698564,48.8,72259.0,0.0,0.0,0.0,0.0,54873.0,2.0,0.0,0.0,0.0,173210667.0
7759.0,31.819817226739584,0.0,747.0,10227.099456702994,36.51016223187202,-117.40560074502446,45.6,72432.0,1.0,0.0,1.0,0.0,18803.0,3.0,160.0,0.0,0.0,81077413.0
46089.0,13.919095714061436,0.0,3756.0,1392.1942069005058,36.07496094489133,-119.81583856650784,32.3,68750.0,0.0,0.0,0.0,0.0,152830.0,3.0,0.0,0.0,0.0,480093587.0
16572.0,17.743946050883824,0.0,3034.0,1328.0941710001237,39.09948485335015,-122.75277619233945,44.2,58738.0,0.0,0.0,0.0,0.0,68139.0,3.0,0.0,0.0,0.0,151027471.0
6670.0,20.46291425565492,0.0,853.0,2613.444068237541,40.00465046431037,-120.83794094599376,52.1,64946.0,7.0,0.0,7.0,0.0,19607.0,3.0,32800.0,0.0,0.0,68654145.0
196949.0,35.869939954606835,0.0,15154.0,3787.6908512866726,34.53743979389637,-120.0302768485835,34.5,95977.0,43.0,0.0,43.0,0.0,443975.0,3.0,80541.0,0.0,0.0,2561332393.0
17986.0,18.843192237503896,0.0,1820.0,2962.174856842099,40.126040061066114,-122.2344962648283,40.1,61834.0,1.0,0.0,1.0,0.0,65520.0,3.0,960.0,0.0,0.0,184551957.0
1425844.0,42.08987125049854,0.0,107235.0,4525.7279337106775,33.02819299849969,-116.76989830322081,37.1,102285.0,587.0,0.0,587.0,0.0,3282782.0,4.0,526233.0,0.0,0.0,21699207400.0
195571.0,35.869939954606835,0.0,15182.0,3787.6908512866726,34.53743979389637,-120.0302768485835,34.5,95977.0,56.0,0.0,56.0,0.0,443975.0,4.0,66886.0,0.0,0.0,2604585078.0
9017.0,22.185801535272034,0.0,1282.0,1036.9263699809671,38.204458658099185,-120.5546675464701,52.0,79877.0,0.0,0.0,0.0,0.0,45995.0,1.0,0.0,0.0,0.0,81322807.0
133370.0,28.367041437079976,0.0,10653.0,906.1440952298753,38.26680192264813,-121.9401797035494,39.1,99994.0,0.0,0.0,0.0,0.0,450824.0,1.0,0.0,0.0,0.0,1853388321.0
16915.0,18.843192237503896,0.0,1767.0,2962.174856842099,40.126040061066114,-122.2344962648283,40.1,61834.0,0.0,0.0,0.0,0.0,65520.0,1.0,0.0,0.0,0.0,159121275.0
77352.0,14.780215294542995,0.0,6308.0,1978.6519681682591,37.1916854374536,-120.71843298756356,31.8,65044.0,0.0,0.0,0.0,0.0,285597.0,2.0,0.0,0.0,0.0,764704014.0
6340.0,20.46291425565492,0.0,848.0,2613.444068237541,40.00465046431037,-120.83794094599376,52.1,64946.0,0.0,0.0,0.0,0.0,19607.0,2.0,0.0,0.0,0.0,58141935.0
1405649.0,42.08987125049854,0.0,105237.0,4525.7279337106775,33.02819299849969,-116.76989830322081,37.1,102285.0,0.0,0.0,0.0,0.0,3282782.0,2.0,0.0,0.0,0.0,19563751384.0
115738.0,39.201400387945306,0.0,10066.0,3615.766363116764,35.38757707614939,-120.4507099023192,40.2,93398.0,0.0,0.0,0.0,0.0,281486.0,2.0,0.0,0.0,0.0,1256032447.0
81069.0,31.720564273446563,0.0,8226.0,1677.1310334359375,39.66655443197179,-121.60070084884747,36.3,68574.0,14.0,0.0,14.0,0.0,209470.0,3.0,14960.0,0.0,0.0,822324417.0
639721.0,33.28378226721884,0.0,55584.0,994.3623322860957,38.449053680297055,-121.34451586989564,37.2,88724.0,145.0,0.0,145.0,0.0,1584047.0,3.0,75340.0,0.0,0.0,9283920534.0
1050166.0,55.865627050350255,0.0,70187.0,1304.0557004984757,37.23243382622572,-121.69583325334833,37.9,159674.0,206.0,0.0,206.0,0.0,1903297.0,3.0,2080240.0,0.0,0.0,30806702468.0
301556.0,18.573575991839803,0.0,17921.0,8164.9173784182485,35.34353506527538,-118.72903973163824,32.4,67660.0,0.0,0.0,0.0,0.0,910433.0,1.0,0.0,0.0,0.0,3484855781.0
5649.0,30.861708482676224,0.0,496.0,1462.8245424186043,37.58147179588342,-119.90594238514464,51.6,65378.0,0.0,0.0,0.0,0.0,17060.0,2.0,0.0,0.0,0.0,52626378.0
138926.0,28.367041437079976,0.0,11237.0,906.1440952298753,38.26680192264813,-121.9401797035494,39.1,99994.0,0.0,0.0,0.0,0.0,450824.0,2.0,0.0,0.0,0.0,1911138865.0
48919.0,32.085138242686774,0.0,5444.0,4052.255054743655,40.70277291928399,-123.91630205492689,39.6,61135.0,29.0,0.0,29.0,0.0,135418.0,3.0,10800.0,0.0,0.0,489551809.0
4373181.0,35.470992419092156,0.0,484227.0,4749.439484208034,34.196118871519026,-118.2618483994794,37.9,87760.0,1483.0,0.0,1483.0,0.0,9848406.0,3.0,3167260.0,0.0,0.0,65094822718.0
17708.0,22.386651323360184,0.0,1610.0,1390.4738481890568,36.605527397901405,-121.07407728623134,35.9,108289.0,0.0,0.0,0.0,0.0,66056.0,3.0,0.0,0.0,0.0,203917889.0
32547.0,20.20745235030949,0.0,3196.0,608.4148120875715,39.03427456853581,-121.69453434561657,36.4,75450.0,0.0,0.0,0.0,0.0,98971.0,3.0,0.0,0.0,0.0,321451098.0
189204.0,27.883727092389556,0.0,13787.0,3771.2208005395887,36.239504143459484,-121.30662637129737,35.3,94486.0,3.0,0.0,3.0,0.0,435834.0,4.0,1760.0,0.0,0.0,2338359501.0
163860.0,42.89064398957895,0.0,13096.0,1502.2359474204736,39.063807401803494,-120.71900434919911,42.4,114678.0,6.0,0.0,6.0,0.0,412435.0,4.0,2400.0,0.0,0.0,2354482893.0
103606.0,43.55796468303216,0.0,9581.0,607.1604721587531,37.02159018364554,-122.00957031229625,39.6,109266.0,115.0,0.0,115.0,0.0,266021.0,4.0,62240.0,0.0,0.0,1310053305.0
17415.0,23.944468298268212,0.0,1614.0,2274.45156123147,38.02764357742436,-119.95493812698564,48.8,72259.0,4.0,0.0,4.0,0.0,54873.0,4.0,1600.0,0.0,0.0,198006340.0
362318.0,44.91015896659383,0.0,31152.0,803.9099721779048,37.92353933794917,-121.95094420575256,40.3,125727.0,0.0,0.0,0.0,0.0,1161458.0,1.0,0.0,0.0,0.0,6343660048.0
239535.0,21.572958036625103,0.0,17255.0,1426.6010791666342,37.93443695137347,-121.27165936777493,35.2,88531.0,0.0,0.0,0.0,0.0,787416.0,1.0,0.0,0.0,0.0,2647827961.0
8968.0,16.482336518844626,0.0,1170.0,1326.9767269702027,39.598476800476945,-122.39201249335272,35.9,70487.0,0.0,0.0,0.0,0.0,28623.0,2.0,0.0,0.0,0.0,88598966.0
4374222.0,35.470992419092156,0.0,479013.0,4749.439484208034,34.196118871519026,-118.2618483994794,37.9,87760.0,0.0,0.0,0.0,0.0,9848406.0,2.0,0.0,0.0,0.0,64134724422.0
2605.0,23.004038521279902,0.0,349.0,4203.255762874587,41.58965368270825,-120.72501437875414,49.0,56648.0,0.0,0.0,0.0,0.0,8646.0,2.0,0.0,0.0,0.0,23203170.0
1435345.0,42.08987125049854,0.0,108463.0,4525.7279337106775,33.02819299849969,-116.76989830322081,37.1,102285.0,0.0,0.0,0.0,0.0,3282782.0,2.0,0.0,0.0,0.0,20555341263.0
399461.0,53.071234072167506,0.0,27731.0,740.947837007639,37.435907175553204,-122.3555722224761,40.6,156000.0,0.0,0.0,0.0,0.0,745100.0,2.0,0.0,0.0,0.0,10859763205.0
12347.0,22.443391582574453,0.0,1133.0,605.9503896179209,38.44659889460041,-120.65166651032878,49.9,81526.0,2.0,0.0,2.0,0.0,41029.0,3.0,800.0,0.0,0.0,131940352.0
9682.0,22.185801535272034,0.0,1320.0,1036.9263699809671,38.204458658099185,-120.5546675464701,52.0,79877.0,8.0,0.0,8.0,0.0,45995.0,3.0,45200.0,0.0,0.0,90887197.0
18527.0,18.843192237503896,0.0,1840.0,2962.174856842099,40.126040061066114,-122.2344962648283,40.1,61834.0,0.0,0.0,0.0,0.0,65520.0,3.0,0.0,0.0,0.0,189044667.0
371009.0,44.91015896659383,0.0,32481.0,803.9099721779048,37.92353933794917,-121.95094420575256,40.3,125727.0,30.0,0.0,30.0,0.0,1161458.0,4.0,94960.0,0.0,0.0,6487410148.0
9113.0,16.482336518844626,0.0,1200.0,1326.9767269702027,39.598476800476945,-122.39201249335272,35.9,70487.0,2.0,0.0,2.0,0.0,28623.0,4.0,800.0,0.0,0.0,98988624.0
81837.0,14.780215294542995,0.0,6685.0,1978.6519681682591,37.1916854374536,-120.71843298756356,31.8,65044.0,1.0,0.0,1.0,0.0,285597.0,4.0,400.0,0.0,0.0,869759317.0
6200.0,20.46291425565492,0.0,870.0,2613.444068237541,40.00465046431037,-120.83794094599376,52.1,64946.0,0.0,0.0,0.0,0.0,19607.0,4.0,0.0,0.0,0.0,69406806.0
17875.0,17.8964071177604,0.0,1674.0,644.0076123533381,39.268749718550964,-121.35179088199844,33.9,73313.0,3.0,0.0,3.0,0.0,83079.0,4.0,19200.0,0.0,0.0,231709977.0
368084.0,44.91015896659383,0.0,31621.0,803.9099721779048,37.92353933794917,-121.95094420575256,40.3,125727.0,0.0,0.0,0.0,0.0,1161458.0,2.0,0.0,0.0,0.0,5940323886.0
10236.0,13.212723998971104,0.0,721.0,4720.115276003642,40.67263063026285,-120.59327450404597,37.8,64395.0,0.0,0.0,0.0,0.0,31177.0,2.0,0.0,0.0,0.0,112722010.0
32614.0,24.923685784847603,0.0,4145.0,3878.1544171646246,39.43217732619602,-123.43132735660902,43.9,64688.0,0.0,0.0,0.0,0.0,90709.0,2.0,0.0,0.0,0.0,305858007.0
200410.0,27.883727092389556,0.0,13546.0,3771.2208005395887,36.239504143459484,-121.30662637129737,35.3,94486.0,0.0,0.0,0.0,0.0,435834.0,2.0,0.0,0.0,0.0,2283442296.0
249796.0,21.572958036625103,0.0,17473.0,1426.6010791666342,37.93443695137347,-121.27165936777493,35.2,88531.0,0.0,0.0,0.0,0.0,787416.0,2.0,0.0,0.0,0.0,2798422337.0
1069188.0,55.865627050350255,0.0,71347.0,1304.0557004984757,37.23243382622572,-121.69583325334833,37.9,159674.0,0.0,0.0,0.0,0.0,1903297.0,2.0,0.0,0.0,0.0,33333645645.0
646917.0,33.28378226721884,0.0,57646.0,994.3623322860957,38.449053680297055,-121.34451586989564,37.2,88724.0,168.0,0.0,168.0,0.0,1584047.0,3.0,402300.0,0.0,0.0,9333064623.0
719179.0,60.12076421243264,0.0,60149.0,231.91378755252734,37.76007116407808,-122.69412210887407,39.7,141446.0,496.0,0.0,496.0,0.0,836321.0,3.0,4696288.0,0.0,0.0,18257394727.0
54794.0,38.82410175418806,0.0,5232.0,1786.3605240054378,38.778900011875415,-120.5250410581759,46.1,106190.0,0.0,0.0,0.0,0.0,192299.0,1.0,0.0,0.0,0.0,666146858.0
48052.0,32.085138242686774,0.0,4948.0,4052.255054743655,40.70277291928399,-123.91630205492689,39.6,61135.0,0.0,0.0,0.0,0.0,135418.0,1.0,0.0,0.0,0.0,469492388.0
700768.0,25.084017687934303,0.0,60144.0,7303.023823440713,33.74663050890228,-115.99394024456193,36.7,89672.0,0.0,0.0,0.0,0.0,2449909.0,1.0,0.0,0.0,0.0,7893467562.0
115001.0,39.201400387945306,0.0,10137.0,3615.766363116764,35.38757707614939,-120.4507099023192,40.2,93398.0,0.0,0.0,0.0,0.0,281486.0,1.0,0.0,0.0,0.0,1287411184.0
1052198.0,55.865627050350255,0.0,69872.0,1304.0557004984757,37.23243382622572,-121.69583325334833,37.9,159674.0,0.0,0.0,0.0,0.0,1903297.0,1.0,0.0,0.0,0.0,33569281655.0
13123.0,23.083615573439392,0.0,1676.0,6347.938252495964,41.59330971236391,-122.54039224371505,47.4,55499.0,0.0,0.0,0.0,0.0,43834.0,1.0,0.0,0.0,0.0,126166281.0
98033.0,44.08385081248704,0.0,6515.0,1021.8257443699976,38.6865515088214,-121.90056641872224,32.3,88818.0,0.0,0.0,0.0,0.0,217782.0,1.0,0.0,0.0,0.0,1460747492.0
49250.0,17.12878493305018,0.0,4188.0,2153.2391289805496,37.21782461616294,-119.76474047044498,34.6,75496.0,0.0,0.0,0.0,0.0,158790.0,2.0,0.0,0.0,0.0,504169272.0
32499.0,24.923685784847603,0.0,4199.0,3878.1544171646246,39.43217732619602,-123.43132735660902,43.9,64688.0,25.0,0.0,25.0,0.0,90709.0,3.0,11600.0,0.0,0.0,318130648.0
205233.0,27.883727092389556,0.0,13663.0,3771.2208005395887,36.239504143459484,-121.30662637129737,35.3,94486.0,19.0,0.0,19.0,0.0,435834.0,3.0,69200.0,0.0,0.0,2404004635.0
161608.0,42.89064398957895,0.0,12891.0,1502.2359474204736,39.063807401803494,-120.71900434919911,42.4,114678.0,35.0,0.0,35.0,0.0,412435.0,3.0,14000.0,0.0,0.0,2166127545.0
6795.0,20.46291425565492,0.0,864.0,2613.444068237541,40.00465046431037,-120.83794094599376,52.1,64946.0,1.0,0.0,1.0,0.0,19607.0,3.0,160.0,0.0,0.0,71113229.0
250805.0,21.572958036625103,0.0,17614.0,1426.6010791666342,37.93443695137347,-121.27165936777493,35.2,88531.0,14.0,0.0,14.0,0.0,787416.0,3.0,15520.0,0.0,0.0,2825612392.0
17379.0,17.8964071177604,0.0,1673.0,644.0076123533381,39.268749718550964,-121.35179088199844,33.9,73313.0,24.0,0.0,24.0,0.0,83079.0,3.0,153600.0,0.0,0.0,210338307.0
780.0,42.10526315789473,0.0,78.0,743.1887428922734,38.59709859657406,-119.82060282887257,41.1,110781.0,0.0,0.0,0.0,0.0,1695.0,4.0,0.0,0.0,0.0,6590933.0
7013.0,34.32124352331606,0.0,637.0,3131.7985116614536,37.93840625683518,-118.88393311930923,40.3,86953.0,0.0,0.0,0.0,0.0,13169.0,4.0,0.0,0.0,0.0,68089415.0
728358.0,60.12076421243264,0.0,60754.0,231.91378755252734,37.76007116407808,-122.69412210887407,39.7,141446.0,798.0,0.0,798.0,0.0,836321.0,4.0,4663064.0,0.0,0.0,21142253489.0
1088860.0,55.865627050350255,0.0,73062.0,1304.0557004984757,37.23243382622572,-121.69583325334833,37.9,159674.0,134.0,0.0,134.0,0.0,1903297.0,4.0,1159040.0,0.0,0.0,36475368509.0
140921.0,28.367041437079976,0.0,11499.0,906.1440952298753,38.26680192264813,-121.9401797035494,39.1,99994.0,3.0,0.0,3.0,0.0,450824.0,4.0,2880.0,0.0,0.0,2045125062.0
207051.0,37.8469385158651,0.0,20095.0,1767.3423561904444,38.525248521353824,-122.92188038526332,42.7,102840.0,39.0,0.0,39.0,0.0,485642.0,4.0,78200.0,0.0,0.0,2879376107.0
757984.0,51.46936470398402,0.0,60887.0,821.2085166728324,37.65058029746707,-121.91780145156679,38.7,126240.0,0.0,0.0,0.0,0.0,1651949.0,1.0,0.0,0.0,0.0,14378209081.0
7788.0,34.32124352331606,0.0,608.0,3131.7985116614536,37.93840625683518,-118.88393311930923,40.3,86953.0,0.0,0.0,0.0,0.0,13169.0,1.0,0.0,0.0,0.0,75970286.0
167033.0,27.883727092389556,0.0,13255.0,3771.2208005395887,36.239504143459484,-121.30662637129737,35.3,94486.0,0.0,0.0,0.0,0.0,435834.0,1.0,0.0,0.0,0.0,1954019822.0
716318.0,22.901440338137302,0.0,56104.0,20105.394817801967,34.842030309075156,-116.17662379678129,34.4,82184.0,0.0,0.0,0.0,0.0,2187816.0,1.0,0.0,0.0,0.0,8171826355.0
28124.0,20.20745235030949,0.0,3108.0,608.4148120875715,39.03427456853581,-121.69453434561657,36.4,75450.0,0.0,0.0,0.0,0.0,98971.0,1.0,0.0,0.0,0.0,278023347.0
49557.0,32.085138242686774,0.0,5308.0,4052.255054743655,40.70277291928399,-123.91630205492689,39.6,61135.0,0.0,0.0,0.0,0.0,135418.0,2.0,0.0,0.0,0.0,486284585.0
6382.0,20.46291425565492,0.0,865.0,2613.444068237541,40.00465046431037,-120.83794094599376,52.1,64946.0,0.0,0.0,0.0,0.0,19607.0,2.0,0.0,0.0,0.0,61671022.0
119210.0,39.201400387945306,0.0,10281.0,3615.766363116764,35.38757707614939,-120.4507099023192,40.2,93398.0,0.0,0.0,0.0,0.0,281486.0,2.0,0.0,0.0,0.0,1351006131.0
170847.0,15.839490911134213,0.0,10232.0,4838.285667681717,36.220043432758864,-118.80036101709678,31.9,69489.0,0.0,0.0,0.0,0.0,475774.0,2.0,0.0,0.0,0.0,1570024042.0
102559.0,44.08385081248704,0.0,6620.0,1021.8257443699976,38.6865515088214,-121.90056641872224,32.3,88818.0,0.0,0.0,0.0,0.0,217782.0,2.0,0.0,0.0,0.0,1459721882.0
82657.0,31.720564273446563,0.0,8483.0,1677.1310334359375,39.66655443197179,-121.60070084884747,36.3,68574.0,13.0,0.0,13.0,0.0,209470.0,3.0,6880.0,0.0,0.0,847708037.0
8207.0,20.974160076562736,0.0,805.0,1229.681684316719,41.744691086401055,-123.95766040987809,40.8,66780.0,1.0,0.0,1.0,0.0,27293.0,3.0,0.0,0.0,0.0,77144470.0
57189.0,38.82410175418806,0.0,5448.0,1786.3605240054378,38.778900011875415,-120.5250410581759,46.1,106190.0,24.0,0.0,24.0,0.0,192299.0,3.0,129600.0,0.0,0.0,675124461.0
7444.0,31.819817226739584,0.0,730.0,10227.099456702994,36.51016223187202,-117.40560074502446,45.6,72432.0,0.0,0.0,0.0,0.0,18803.0,3.0,0.0,0.0,0.0,77915089.0
16831.0,17.743946050883824,0.0,3148.0,1328.0941710001237,39.09948485335015,-122.75277619233945,44.2,58738.0,1.0,0.0,1.0,0.0,68139.0,3.0,400.0,0.0,0.0,154114428.0
200408.0,35.869939954606835,0.0,15438.0,3787.6908512866726,34.53743979389637,-120.0302768485835,34.5,95977.0,40.0,0.0,40.0,0.0,443975.0,3.0,73836.0,0.0,0.0,2549549252.0
63332.0,16.100269483279376,0.0,7448.0,4480.599127667921,33.03992461908436,-115.36534775339051,33.0,56393.0,0.0,0.0,0.0,0.0,179319.0,4.0,0.0,0.0,0.0,630901370.0
32225.0,24.923685784847603,0.0,4227.0,3878.1544171646246,39.43217732619602,-123.43132735660902,43.9,64688.0,0.0,0.0,0.0,0.0,90709.0,4.0,0.0,0.0,0.0,332411139.0
1457432.0,42.08987125049854,0.0,111429.0,4525.7279337106775,33.02819299849969,-116.76989830322081,37.1,102285.0,531.0,0.0,531.0,0.0,3282782.0,4.0,596503.0,0.0,0.0,23140408127.0
118063.0,39.201400387945306,0.0,10437.0,3615.766363116764,35.38757707614939,-120.4507099023192,40.2,93398.0,7.0,0.0,7.0,0.0,281486.0,4.0,14800.0,0.0,0.0,1428770051.0
2685.0,18.04651919323357,0.0,409.0,3207.610843179456,40.64915450943153,-123.11400057250617,54.8,53498.0,6.0,0.0,6.0,0.0,15886.0,4.0,2400.0,0.0,0.0,27299922.0
368695.0,23.854495908489586,0.0,33695.0,6011.127948199015,36.75853094618111,-119.65342684363189,33.2,71434.0,0.0,0.0,0.0,0.0,1012152.0,1.0,0.0,0.0,0.0,3849694144.0
8184.0,20.974160076562736,0.0,802.0,1229.681684316719,41.744691086401055,-123.95766040987809,40.8,66780.0,0.0,0.0,0.0,0.0,27293.0,2.0,0.0,0.0,0.0,76648427.0
713672.0,25.084017687934303,0.0,62268.0,7303.023823440713,33.74663050890228,-115.99394024456193,36.7,89672.0,0.0,0.0,0.0,0.0,2449909.0,2.0,0.0,0.0,0.0,7647995475.0
9783.0,14.523979957050823,0.0,826.0,1156.353491058561,39.177506529661116,-122.23673277297777,35.7,75149.0,0.0,0.0,0.0,0.0,21895.0,3.0,0.0,0.0,0.0,102092646.0
115160.0,60.45916621480051,0.0,12383.0,828.1766410487686,38.05513917820608,-122.74857941401069,47.3,142785.0,56.0,0.0,56.0,0.0,258765.0,3.0,49920.0,0.0,0.0,1845350698.0
81243.0,14.780215294542995,0.0,6645.0,1978.6519681682591,37.1916854374536,-120.71843298756356,31.8,65044.0,0.0,0.0,0.0,0.0,285597.0,3.0,0.0,0.0,0.0,845214709.0
14082.0,23.083615573439392,0.0,1726.0,6347.938252495964,41.59330971236391,-122.54039224371505,47.4,55499.0,1.0,0.0,1.0,0.0,43834.0,3.0,0.0,0.0,0.0,146282017.0
9515.0,22.185801535272034,0.0,1321.0,1036.9263699809671,38.204458658099185,-120.5546675464701,52.0,79877.0,1.0,0.0,1.0,0.0,45995.0,4.0,400.0,0.0,0.0,99650612.0
7660.0,31.819817226739584,0.0,735.0,10227.099456702994,36.51016223187202,-117.40560074502446,45.6,72432.0,0.0,0.0,0.0,0.0,18803.0,4.0,0.0,0.0,0.0,82434435.0
47735.0,13.919095714061436,0.0,3947.0,1392.1942069005058,36.07496094489133,-119.81583856650784,32.3,68750.0,1.0,0.0,1.0,0.0,152830.0,4.0,960.0,0.0,0.0,520879861.0
405729.0,53.071234072167506,0.0,28374.0,740.947837007639,37.435907175553204,-122.3555722224761,40.6,156000.0,79.0,0.0,79.0,0.0,745100.0,4.0,31360.0,0.0,0.0,12352740360.0
11585.0,22.443391582574453,0.0,1099.0,605.9503896179209,38.44659889460041,-120.65166651032878,49.9,81526.0,0.0,0.0,0.0,0.0,41029.0,1.0,0.0,0.0,0.0,124112849.0
113605.0,60.45916621480051,0.0,12105.0,828.1766410487686,38.05513917820608,-122.74857941401069,47.3,142785.0,0.0,0.0,0.0,0.0,258765.0,1.0,0.0,0.0,0.0,1973317659.0
704437.0,60.12076421243264,0.0,58835.0,231.91378755252734,37.76007116407808,-122.69412210887407,39.7,141446.0,0.0,0.0,0.0,0.0,836321.0,1.0,0.0,0.0,0.0,20777749366.0
17601.0,18.843192237503896,0.0,1770.0,2962.174856842099,40.126040061066114,-122.2344962648283,40.1,61834.0,0.0,0.0,0.0,0.0,65520.0,1.0,0.0,0.0,0.0,176075642.0
318383.0,35.66576039958768,0.0,26007.0,2206.558936270178,34.355871204221266,-119.12654460816057,39.4,107327.0,0.0,0.0,0.0,0.0,838259.0,1.0,0.0,0.0,0.0,4600254317.0
1594509.0,43.401037672660124,0.0,117726.0,949.7168045236148,33.67689578291624,-117.77656042636896,39.1,113702.0,0.0,0.0,0.0,0.0,3164063.0,2.0,0.0,0.0,0.0,23381057267.0
648309.0,33.28378226721884,0.0,56927.0,994.3623322860957,38.449053680297055,-121.34451586989564,37.2,88724.0,0.0,0.0,0.0,0.0,1584047.0,2.0,0.0,0.0,0.0,9343494336.0
515.0,24.404761904761905,0.0,117.0,962.1642285745723,39.580682227053714,-120.51601083545448,56.0,60000.0,0.0,0.0,0.0,0.0,2731.0,2.0,0.0,0.0,0.0,4240129.0
207277.0,37.8469385158651,0.0,19756.0,1767.3423561904444,38.525248521353824,-122.92188038526332,42.7,102840.0,0.0,0.0,0.0,0.0,485642.0,2.0,0.0,0.0,0.0,2622593477.0
17504.0,23.944468298268212,0.0,1579.0,2274.45156123147,38.02764357742436,-119.95493812698564,48.8,72259.0,0.0,0.0,0.0,0.0,54873.0,2.0,0.0,0.0,0.0,180359687.0
593.0,42.10526315789473,0.0,82.0,743.1887428922734,38.59709859657406,-119.82060282887257,41.1,110781.0,0.0,0.0,0.0,0.0,1695.0,3.0,0.0,0.0,0.0,6389777.0
388391.0,23.854495908489586,0.0,35282.0,6011.127948199015,36.75853094618111,-119.65342684363189,33.2,71434.0,33.0,0.0,33.0,0.0,1012152.0,3.0,109055.0,0.0,0.0,4063944115.0
75879.0,38.517125422897266,0.0,5889.0,792.3014390203438,38.506669323212186,-122.3304828015586,42.8,108970.0,25.0,0.0,25.0,0.0,136070.0,4.0,17320.0,0.0,0.0,1103732734.0
252126.0,21.572958036625103,0.0,17814.0,1426.6010791666342,37.93443695137347,-121.27165936777493,35.2,88531.0,8.0,0.0,8.0,0.0,787416.0,4.0,14080.0,0.0,0.0,3022836566.0
189630.0,19.136945701036627,0.0,15711.0,1514.057161459023,37.5589417190648,-120.99849485414198,34.8,79661.0,4.0,0.0,4.0,0.0,552250.0,4.0,3840.0,0.0,0.0,2254773121.0
8652.0,16.482336518844626,0.0,1173.0,1326.9767269702027,39.598476800476945,-122.39201249335272,35.9,70487.0,0.0,0.0,0.0,0.0,28623.0,1.0,0.0,0.0,0.0,82899030.0
7348.0,31.819817226739584,0.0,726.0,10227.099456702994,36.51016223187202,-117.40560074502446,45.6,72432.0,0.0,0.0,0.0,0.0,18803.0,1.0,0.0,0.0,0.0,79838810.0
15961.0,17.743946050883824,0.0,3032.0,1328.0941710001237,39.09948485335015,-122.75277619233945,44.2,58738.0,0.0,0.0,0.0,0.0,68139.0,1.0,0.0,0.0,0.0,150394206.0
74605.0,14.780215294542995,0.0,6374.0,1978.6519681682591,37.1916854374536,-120.71843298756356,31.8,65044.0,0.0,0.0,0.0,0.0,285597.0,1.0,0.0,0.0,0.0,781883930.0
5491.0,20.46291425565492,0.0,840.0,2613.444068237541,40.00465046431037,-120.83794094599376,52.1,64946.0,0.0,0.0,0.0,0.0,19607.0,1.0,0.0,0.0,0.0,57938811.0
154440.0,15.839490911134213,0.0,10007.0,4838.285667681717,36.220043432758864,-118.80036101709678,31.9,69489.0,0.0,0.0,0.0,0.0,475774.0,1.0,0.0,0.0,0.0,1506687154.0
725733.0,22.901440338137302,0.0,57680.0,20105.394817801967,34.842030309075156,-116.17662379678129,34.4,82184.0,0.0,0.0,0.0,0.0,2187816.0,2.0,0.0,0.0,0.0,8134237375.0
365469.0,44.91015896659383,0.0,32026.0,803.9099721779048,37.92353933794917,-121.95094420575256,40.3,125727.0,25.0,0.0,25.0,0.0,1161458.0,3.0,67200.0,0.0,0.0,5879919734.0
79039.0,38.517125422897266,0.0,5834.0,792.3014390203438,38.506669323212186,-122.3304828015586,42.8,108970.0,14.0,0.0,14.0,0.0,136070.0,3.0,6800.0,0.0,0.0,1045434501.0
1589786.0,43.401037672660124,0.0,119137.0,949.7168045236148,33.67689578291624,-117.77656042636896,39.1,113702.0,403.0,0.0,403.0,0.0,3164063.0,3.0,2063152.0,0.0,0.0,23431300585.0
728063.0,22.901440338137302,0.0,58563.0,20105.394817801967,34.842030309075156,-116.17662379678129,34.4,82184.0,197.0,0.0,197.0,0.0,2187816.0,3.0,779040.0,0.0,0.0,8174749527.0
117424.0,39.201400387945306,0.0,10311.0,3615.766363116764,35.38757707614939,-120.4507099023192,40.2,93398.0,44.0,0.0,44.0,0.0,281486.0,3.0,183360.0,0.0,0.0,1312570370.0
509.0,24.404761904761905,0.0,117.0,962.1642285745723,39.580682227053714,-120.51601083545448,56.0,60000.0,0.0,0.0,0.0,0.0,2731.0,3.0,0.0,0.0,0.0,5578685.0
5457.0,30.861708482676224,0.0,524.0,1462.8245424186043,37.58147179588342,-119.90594238514464,51.6,65378.0,0.0,0.0,0.0,0.0,17060.0,4.0,0.0,0.0,0.0,55493803.0
2436.0,23.004038521279902,0.0,368.0,4203.255762874587,41.58965368270825,-120.72501437875414,49.0,56648.0,0.0,0.0,0.0,0.0,8646.0,4.0,0.0,0.0,0.0,23528615.0
729403.0,25.084017687934303,0.0,64414.0,7303.023823440713,33.74663050890228,-115.99394024456193,36.7,89672.0,63.0,0.0,63.0,0.0,2449909.0,4.0,1429172.0,0.0,0.0,8271702396.0
16641.0,22.386651323360184,0.0,1622.0,1390.4738481890568,36.605527397901405,-121.07407728623134,35.9,108289.0,0.0,0.0,0.0,0.0,66056.0,4.0,0.0,0.0,0.0,204922792.0
326092.0,35.66576039958768,0.0,27292.0,2206.558936270178,34.355871204221266,-119.12654460816057,39.4,107327.0,55.0,0.0,55.0,0.0,838259.0,4.0,22720.0,0.0,0.0,4552889198.0
80350.0,31.720564273446563,0.0,8182.0,1677.1310334359375,39.66655443197179,-121.60070084884747,36.3,68574.0,0.0,0.0,0.0,0.0,209470.0,1.0,0.0,0.0,0.0,808834874.0
4801.0,30.861708482676224,0.0,489.0,1462.8245424186043,37.58147179588342,-119.90594238514464,51.6,65378.0,0.0,0.0,0.0,0.0,17060.0,1.0,0.0,0.0,0.0,47093249.0
2294.0,23.004038521279902,0.0,342.0,4203.255762874587,41.58965368270825,-120.72501437875414,49.0,56648.0,0.0,0.0,0.0,0.0,8646.0,1.0,0.0,0.0,0.0,21288932.0
1570570.0,43.401037672660124,0.0,115102.0,949.7168045236148,33.67689578291624,-117.77656042636896,39.1,113702.0,0.0,0.0,0.0,0.0,3164063.0,1.0,0.0,0.0,0.0,25014384636.0
180800.0,19.136945701036627,0.0,14841.0,1514.057161459023,37.5589417190648,-120.99849485414198,34.8,79661.0,0.0,0.0,0.0,0.0,552250.0,1.0,0.0,0.0,0.0,2074993253.0
773062.0,51.46936470398402,0.0,62247.0,821.2085166728324,37.65058029746707,-121.91780145156679,38.7,126240.0,0.0,0.0,0.0,0.0,1651949.0,2.0,0.0,0.0,0.0,13848346884.0
16619.0,17.743946050883824,0.0,3110.0,1328.0941710001237,39.09948485335015,-122.75277619233945,44.2,58738.0,0.0,0.0,0.0,0.0,68139.0,2.0,0.0,0.0,0.0,151213662.0
78014.0,38.517125422897266,0.0,5783.0,792.3014390203438,38.506669323212186,-122.3304828015586,42.8,108970.0,0.0,0.0,0.0,0.0,136070.0,2.0,0.0,0.0,0.0,1022462503.0
31384.0,20.20745235030949,0.0,3168.0,608.4148120875715,39.03427456853581,-121.69453434561657,36.4,75450.0,0.0,0.0,0.0,0.0,98971.0,2.0,0.0,0.0,0.0,314659477.0
8991.0,16.482336518844626,0.0,1186.0,1326.9767269702027,39.598476800476945,-122.39201249335272,35.9,70487.0,0.0,0.0,0.0,0.0,28623.0,3.0,0.0,0.0,0.0,91278489.0
6039.0,30.861708482676224,0.0,513.0,1462.8245424186043,37.58147179588342,-119.90594238514464,51.6,65378.0,0.0,0.0,0.0,0.0,17060.0,3.0,0.0,0.0,0.0,60426761.0
401116.0,53.071234072167506,0.0,27983.0,740.947837007639,37.435907175553204,-122.3555722224761,40.6,156000.0,22.0,0.0,22.0,0.0,745100.0,3.0,8840.0,0.0,0.0,11057560264.0
189984.0,19.136945701036627,0.0,15522.0,1514.057161459023,37.5589417190648,-120.99849485414198,34.8,79661.0,9.0,0.0,9.0,0.0,552250.0,3.0,3920.0,0.0,0.0,2172179052.0
17578.0,23.944468298268212,0.0,1597.0,2274.45156123147,38.02764357742436,-119.95493812698564,48.8,72259.0,7.0,0.0,7.0,0.0,54873.0,3.0,20800.0,0.0,0.0,188523571.0
31357.0,39.46003256465599,0.0,3679.0,973.7957661243578,39.30167525657132,-120.76952482654217,50.3,84905.0,2.0,0.0,2.0,0.0,102452.0,4.0,800.0,0.0,0.0,374879595.0
975.0,42.10526315789473,0.0,87.0,743.1887428922734,38.59709859657406,-119.82060282887257,41.1,110781.0,0.0,0.0,0.0,0.0,1695.0,1.0,0.0,0.0,0.0,8510954.0
63947.0,16.100269483279376,0.0,7168.0,4480.599127667921,33.03992461908436,-115.36534775339051,33.0,56393.0,0.0,0.0,0.0,0.0,179319.0,1.0,0.0,0.0,0.0,612216566.0
74113.0,38.517125422897266,0.0,5685.0,792.3014390203438,38.506669323212186,-122.3304828015586,42.8,108970.0,0.0,0.0,0.0,0.0,136070.0,1.0,0.0,0.0,0.0,966894814.0
1414890.0,42.08987125049854,0.0,106440.0,4525.7279337106775,33.02819299849969,-116.76989830322081,37.1,102285.0,0.0,0.0,0.0,0.0,3282782.0,1.0,0.0,0.0,0.0,21568766799.0
134875.0,28.367041437079976,0.0,10946.0,906.1440952298753,38.26680192264813,-121.9401797035494,39.1,99994.0,0.0,0.0,0.0,0.0,450824.0,1.0,0.0,0.0,0.0,1971980015.0
49386.0,17.12878493305018,0.0,4250.0,2153.2391289805496,37.21782461616294,-119.76474047044498,34.6,75496.0,6.0,0.0,6.0,0.0,158790.0,3.0,14400.0,0.0,0.0,524459606.0
206774.0,37.8469385158651,0.0,19891.0,1767.3423561904444,38.525248521353824,-122.92188038526332,42.7,102840.0,57.0,0.0,57.0,0.0,485642.0,3.0,99640.0,0.0,0.0,2667349172.0
783669.0,51.46936470398402,0.0,63733.0,821.2085166728324,37.65058029746707,-121.91780145156679,38.7,126240.0,308.0,0.0,308.0,0.0,1651949.0,4.0,731555.0,0.0,0.0,14831261200.0
9665.0,14.523979957050823,0.0,841.0,1156.353491058561,39.177506529661116,-122.23673277297777,35.7,75149.0,0.0,0.0,0.0,0.0,21895.0,4.0,0.0,0.0,0.0,106615573.0
50033.0,32.085138242686774,0.0,5495.0,4052.255054743655,40.70277291928399,-123.91630205492689,39.6,61135.0,36.0,0.0,36.0,0.0,135418.0,4.0,19520.0,0.0,0.0,515854203.0
10741.0,13.212723998971104,0.0,715.0,4720.115276003642,40.67263063026285,-120.59327450404597,37.8,64395.0,0.0,0.0,0.0,0.0,31177.0,4.0,0.0,0.0,0.0,122492452.0
19107.0,18.843192237503896,0.0,1857.0,2962.174856842099,40.126040061066114,-122.2344962648283,40.1,61834.0,1.0,0.0,1.0,0.0,65520.0,4.0,400.0,0.0,0.0,211871909.0
101998.0,44.08385081248704,0.0,6753.0,1021.8257443699976,38.6865515088214,-121.90056641872224,32.3,88818.0,11.0,0.0,11.0,0.0,217782.0,4.0,4400.0,0.0,0.0,1527920600.0
635576.0,33.28378226721884,0.0,55561.0,994.3623322860957,38.449053680297055,-121.34451586989564,37.2,88724.0,0.0,0.0,0.0,0.0,1584047.0,1.0,0.0,0.0,0.0,9513481063.0
189447.0,35.869939954606835,0.0,15077.0,3787.6908512866726,34.53743979389637,-120.0302768485835,34.5,95977.0,0.0,0.0,0.0,0.0,443975.0,1.0,0.0,0.0,0.0,2499191775.0
2471.0,18.04651919323357,0.0,398.0,3207.610843179456,40.64915450943153,-123.11400057250617,54.8,53498.0,0.0,0.0,0.0,0.0,15886.0,1.0,0.0,0.0,0.0,23045224.0
12209.0,22.443391582574453,0.0,1126.0,605.9503896179209,38.44659889460041,-120.65166651032878,49.9,81526.0,0.0,0.0,0.0,0.0,41029.0,2.0,0.0,0.0,0.0,132364520.0
116683.0,60.45916621480051,0.0,12302.0,828.1766410487686,38.05513917820608,-122.74857941401069,47.3,142785.0,0.0,0.0,0.0,0.0,258765.0,2.0,0.0,0.0,0.0,1939493076.0
79804.0,14.780215294542995,0.0,6549.0,1978.6519681682591,37.1916854374536,-120.71843298756356,31.8,65044.0,0.0,0.0,0.0,0.0,285597.0,2.0,0.0,0.0,0.0,816541891.0
17400.0,22.386651323360184,0.0,1574.0,1390.4738481890568,36.605527397901405,-121.07407728623134,35.9,108289.0,0.0,0.0,0.0,0.0,66056.0,2.0,0.0,0.0,0.0,196378903.0
65853.0,23.266685790040857,0.0,6883.0,3847.3961177642345,40.76364876697064,-122.04134718043841,41.7,71931.0,0.0,0.0,0.0,0.0,181554.0,2.0,0.0,0.0,0.0,678148186.0
14295.0,23.083615573439392,0.0,1722.0,6347.938252495964,41.59330971236391,-122.54039224371505,47.4,55499.0,0.0,0.0,0.0,0.0,43834.0,2.0,0.0,0.0,0.0,138258038.0
17472.0,17.8964071177604,0.0,1639.0,644.0076123533381,39.268749718550964,-121.35179088199844,33.9,73313.0,0.0,0.0,0.0,0.0,83079.0,2.0,0.0,0.0,0.0,220399205.0
771891.0,51.46936470398402,0.0,62922.0,821.2085166728324,37.65058029746707,-121.91780145156679,38.7,126240.0,235.0,0.0,235.0,0.0,1651949.0,3.0,655318.0,0.0,0.0,13960320289.0
317901.0,35.66576039958768,0.0,26824.0,2206.558936270178,34.355871204221266,-119.12654460816057,39.4,107327.0,34.0,0.0,34.0,0.0,838259.0,3.0,51960.0,0.0,0.0,4085657271.0
84001.0,31.720564273446563,0.0,8545.0,1677.1310334359375,39.66655443197179,-121.60070084884747,36.3,68574.0,17.0,0.0,17.0,0.0,209470.0,4.0,8320.0,0.0,0.0,902132659.0
49302.0,17.12878493305018,0.0,4292.0,2153.2391289805496,37.21782461616294,-119.76474047044498,34.6,75496.0,0.0,0.0,0.0,0.0,158790.0,4.0,0.0,0.0,0.0,543266578.0
510.0,24.404761904761905,0.0,122.0,962.1642285745723,39.580682227053714,-120.51601083545448,56.0,60000.0,0.0,0.0,0.0,0.0,2731.0,4.0,0.0,0.0,0.0,4937115.0
8961.0,14.523979957050823,0.0,819.0,1156.353491058561,39.177506529661116,-122.23673277297777,35.7,75149.0,0.0,0.0,0.0,0.0,21895.0,2.0,0.0,0.0,0.0,91086246.0
318401.0,18.573575991839803,0.0,18542.0,8164.9173784182485,35.34353506527538,-118.72903973163824,32.4,67660.0,0.0,0.0,0.0,0.0,910433.0,2.0,0.0,0.0,0.0,3486837619.0
47533.0,13.919095714061436,0.0,3852.0,1392.1942069005058,36.07496094489133,-119.81583856650784,32.3,68750.0,0.0,0.0,0.0,0.0,152830.0,2.0,0.0,0.0,0.0,480704525.0
160886.0,42.89064398957895,0.0,12729.0,1502.2359474204736,39.063807401803494,-120.71900434919911,42.4,114678.0,0.0,0.0,0.0,0.0,412435.0,2.0,0.0,0.0,0.0,2128393762.0
31107.0,39.46003256465599,0.0,3631.0,973.7957661243578,39.30167525657132,-120.76952482654217,50.3,84905.0,5.0,0.0,5.0,0.0,102452.0,3.0,1600.0,0.0,0.0,343124087.0
138759.0,28.367041437079976,0.0,11369.0,906.1440952298753,38.26680192264813,-121.9401797035494,39.1,99994.0,5.0,0.0,5.0,0.0,450824.0,3.0,9680.0,0.0,0.0,1907732650.0
749901.0,22.901440338137302,0.0,59201.0,20105.394817801967,34.842030309075156,-116.17662379678129,34.4,82184.0,204.0,0.0,204.0,0.0,2187816.0,4.0,1434094.0,0.0,0.0,8843806046.0
66711.0,23.266685790040857,0.0,6994.0,3847.3961177642345,40.76364876697064,-122.04134718043841,41.7,71931.0,22.0,0.0,22.0,0.0,181554.0,4.0,23276.0,0.0,0.0,742794794.0
161138.0,15.839490911134213,0.0,10511.0,4838.285667681717,36.220043432758864,-118.80036101709678,31.9,69489.0,2.0,0.0,2.0,0.0,475774.0,4.0,1420.0,0.0,0.0,1698319906.0
9017.0,22.185801535272034,0.0,1291.0,1036.9263699809671,38.204458658099185,-120.5546675464701,52.0,79877.0,0.0,0.0,0.0,0.0,45995.0,1.0,0.0,0.0,0.0,82368238.0
7617.0,14.523979957050823,0.0,808.0,1156.353491058561,39.177506529661116,-122.23673277297777,35.7,75149.0,0.0,0.0,0.0,0.0,21895.0,1.0,0.0,0.0,0.0,76535932.0
44880.0,13.919095714061436,0.0,3740.0,1392.1942069005058,36.07496094489133,-119.81583856650784,32.3,68750.0,0.0,0.0,0.0,0.0,152830.0,1.0,0.0,0.0,0.0,462047866.0
47773.0,17.12878493305018,0.0,4058.0,2153.2391289805496,37.21782461616294,-119.76474047044498,34.6,75496.0,0.0,0.0,0.0,0.0,158790.0,1.0,0.0,0.0,0.0,496097584.0
30940.0,39.46003256465599,0.0,3546.0,973.7957661243578,39.30167525657132,-120.76952482654217,50.3,84905.0,0.0,0.0,0.0,0.0,102452.0,1.0,0.0,0.0,0.0,330491438.0
17028.0,23.944468298268212,0.0,1555.0,2274.45156123147,38.02764357742436,-119.95493812698564,48.8,72259.0,0.0,0.0,0.0,0.0,54873.0,1.0,0.0,0.0,0.0,178950574.0
31112.0,39.46003256465599,0.0,3615.0,973.7957661243578,39.30167525657132,-120.76952482654217,50.3,84905.0,0.0,0.0,0.0,0.0,102452.0,2.0,0.0,0.0,0.0,337359637.0
201345.0,35.869939954606835,0.0,15322.0,3787.6908512866726,34.53743979389637,-120.0302768485835,34.5,95977.0,0.0,0.0,0.0,0.0,443975.0,2.0,0.0,0.0,0.0,2581672786.0
187673.0,19.136945701036627,0.0,15235.0,1514.057161459023,37.5589417190648,-120.99849485414198,34.8,79661.0,0.0,0.0,0.0,0.0,552250.0,2.0,0.0,0.0,0.0,2095370677.0
18359.0,18.843192237503896,0.0,1818.0,2962.174856842099,40.126040061066114,-122.2344962648283,40.1,61834.0,0.0,0.0,0.0,0.0,65520.0,2.0,0.0,0.0,0.0,190079829.0
59768.0,16.100269483279376,0.0,7375.0,4480.599127667921,33.03992461908436,-115.36534775339051,33.0,56393.0,0.0,0.0,0.0,0.0,179319.0,3.0,0.0,0.0,0.0,592507470.0
10058.0,13.212723998971104,0.0,726.0,4720.115276003642,40.67263063026285,-120.59327450404597,37.8,64395.0,1.0,0.0,1.0,0.0,31177.0,3.0,0.0,0.0,0.0,120501915.0
1075543.0,55.865627050350255,0.0,72138.0,1304.0557004984757,37.23243382622572,-121.69583325334833,37.9,159674.0,272.0,0.0,272.0,0.0,1903297.0,3.0,2434240.0,0.0,0.0,32381993748.0
2895.0,18.04651919323357,0.0,405.0,3207.610843179456,40.64915450943153,-123.11400057250617,54.8,53498.0,5.0,0.0,5.0,0.0,15886.0,3.0,2000.0,0.0,0.0,29119346.0
323236.0,18.573575991839803,0.0,19147.0,8164.9173784182485,35.34353506527538,-118.72903973163824,32.4,67660.0,18.0,0.0,18.0,0.0,910433.0,4.0,57760.0,0.0,0.0,3739298998.0
4451881.0,35.470992419092156,0.0,492452.0,4749.439484208034,34.196118871519026,-118.2618483994794,37.9,87760.0,1948.0,0.0,1948.0,0.0,9848406.0,4.0,3472875.0,0.0,0.0,78140317983.0
1622203.0,43.401037672660124,0.0,121345.0,949.7168045236148,33.67689578291624,-117.77656042636896,39.1,113702.0,444.0,0.0,444.0,0.0,3164063.0,4.0,761712.0,0.0,0.0,26047347559.0
658016.0,33.28378226721884,0.0,58378.0,994.3623322860957,38.449053680297055,-121.34451586989564,37.2,88724.0,227.0,0.0,227.0,0.0,1584047.0,4.0,1170320.0,0.0,0.0,10093380741.0
14127.0,23.083615573439392,0.0,1743.0,6347.938252495964,41.59330971236391,-122.54039224371505,47.4,55499.0,0.0,0.0,0.0,0.0,43834.0,4.0,0.0,0.0,0.0,143508665.0
30435.0,20.20745235030949,0.0,3257.0,608.4148120875715,39.03427456853581,-121.69453434561657,36.4,75450.0,0.0,0.0,0.0,0.0,98971.0,4.0,0.0,0.0,0.0,326599658.0
395735.0,53.071234072167506,0.0,27251.0,740.947837007639,37.435907175553204,-122.3555722224761,40.6,156000.0,0.0,0.0,0.0,0.0,745100.0,1.0,0.0,0.0,0.0,12277044725.0
82904.0,31.720564273446563,0.0,8378.0,1677.1310334359375,39.66655443197179,-121.60070084884747,36.3,68574.0,0.0,0.0,0.0,0.0,209470.0,2.0,0.0,0.0,0.0,831120792.0
56232.0,38.82410175418806,0.0,5381.0,1786.3605240054378,38.778900011875415,-120.5250410581759,46.1,106190.0,0.0,0.0,0.0,0.0,192299.0,2.0,0.0,0.0,0.0,650877350.0
106878.0,43.55796468303216,0.0,9469.0,607.1604721587531,37.02159018364554,-122.00957031229625,39.6,109266.0,0.0,0.0,0.0,0.0,266021.0,2.0,0.0,0.0,0.0,1314193395.0
7394.0,34.32124352331606,0.0,632.0,3131.7985116614536,37.93840625683518,-118.88393311930923,40.3,86953.0,18.0,0.0,18.0,0.0,13169.0,3.0,7200.0,0.0,0.0,98940162.0
1432762.0,42.08987125049854,0.0,109704.0,4525.7279337106775,33.02819299849969,-116.76989830322081,37.1,102285.0,578.0,0.0,578.0,0.0,3282782.0,3.0,2793863.0,0.0,0.0,20700214227.0
8130.0,20.974160076562736,0.0,818.0,1229.681684316719,41.744691086401055,-123.95766040987809,40.8,66780.0,0.0,0.0,0.0,0.0,27293.0,4.0,0.0,0.0,0.0,78295644.0
381738.0,23.854495908489586,0.0,35594.0,6011.127948199015,36.75853094618111,-119.65342684363189,33.2,71434.0,62.0,0.0,62.0,0.0,1012152.0,4.0,306645.0,0.0,0.0,4404121803.0
116278.0,60.45916621480051,0.0,12528.0,828.1766410487686,38.05513917820608,-122.74857941401069,47.3,142785.0,71.0,0.0,71.0,0.0,258765.0,4.0,24240.0,0.0,0.0,2114187807.0
7901.0,20.974160076562736,0.0,784.0,1229.681684316719,41.744691086401055,-123.95766040987809,40.8,66780.0,0.0,0.0,0.0,0.0,27293.0,1.0,0.0,0.0,0.0,77353225.0
9538.0,13.212723998971104,0.0,708.0,4720.115276003642,40.67263063026285,-120.59327450404597,37.8,64395.0,0.0,0.0,0.0,0.0,31177.0,1.0,0.0,0.0,0.0,111649546.0
158318.0,42.89064398957895,0.0,12484.0,1502.2359474204736,39.063807401803494,-120.71900434919911,42.4,114678.0,0.0,0.0,0.0,0.0,412435.0,1.0,0.0,0.0,0.0,2175958772.0
16151.0,22.386651323360184,0.0,1559.0,1390.4738481890568,36.605527397901405,-121.07407728623134,35.9,108289.0,0.0,0.0,0.0,0.0,66056.0,1.0,0.0,0.0,0.0,180482247.0
200939.0,37.8469385158651,0.0,19470.0,1767.3423561904444,38.525248521353824,-122.92188038526332,42.7,102840.0,0.0,0.0,0.0,0.0,485642.0,1.0,0.0,0.0,0.0,2553795857.0
9425.0,22.185801535272034,0.0,1311.0,1036.9263699809671,38.204458658099185,-120.5546675464701,52.0,79877.0,0.0,0.0,0.0,0.0,45995.0,2.0,0.0,0.0,0.0,89763638.0
715694.0,60.12076421243264,0.0,59756.0,231.91378755252734,37.76007116407808,-122.69412210887407,39.7,141446.0,0.0,0.0,0.0,0.0,836321.0,2.0,0.0,0.0,0.0,18039438971.0
708883.0,25.084017687934303,0.0,63335.0,7303.023823440713,33.74663050890228,-115.99394024456193,36.7,89672.0,40.0,0.0,40.0,0.0,2449909.0,3.0,18480.0,0.0,0.0,7628061210.0
108469.0,43.55796468303216,0.0,9537.0,607.1604721587531,37.02159018364554,-122.00957031229625,39.6,109266.0,68.0,0.0,68.0,0.0,266021.0,3.0,33400.0,0.0,0.0,1301852131.0
12177.0,22.443391582574453,0.0,1135.0,605.9503896179209,38.44659889460041,-120.65166651032878,49.9,81526.0,0.0,0.0,0.0,0.0,41029.0,4.0,0.0,0.0,0.0,140315064.0
57438.0,38.82410175418806,0.0,5529.0,1786.3605240054378,38.778900011875415,-120.5250410581759,46.1,106190.0,62.0,0.0,62.0,0.0,192299.0,4.0,180200.0,0.0,0.0,733283348.0
199209.0,35.869939954606835,0.0,15582.0,3787.6908512866726,34.53743979389637,-120.0302768485835,34.5,95977.0,51.0,0.0,51.0,0.0,443975.0,4.0,48876.0,0.0,0.0,2765136784.0
4328059.0,35.470992419092156,0.0,469173.0,4749.439484208034,34.196118871519026,-118.2618483994794,37.9,87760.0,0.0,0.0,0.0,0.0,9848406.0,1.0,0.0,0.0,0.0,68588413729.0
31446.0,24.923685784847603,0.0,4088.0,3878.1544171646246,39.43217732619602,-123.43132735660902,43.9,64688.0,0.0,0.0,0.0,0.0,90709.0,1.0,0.0,0.0,0.0,297215512.0
98161.0,43.55796468303216,0.0,9359.0,607.1604721587531,37.02159018364554,-122.00957031229625,39.6,109266.0,0.0,0.0,0.0,0.0,266021.0,1.0,0.0,0.0,0.0,1222339371.0
63830.0,23.266685790040857,0.0,6759.0,3847.3961177642345,40.76364876697064,-122.04134718043841,41.7,71931.0,0.0,0.0,0.0,0.0,181554.0,1.0,0.0,0.0,0.0,660768865.0
456.0,24.404761904761905,0.0,117.0,962.1642285745723,39.580682227053714,-120.51601083545448,56.0,60000.0,0.0,0.0,0.0,0.0,2731.0,1.0,0.0,0.0,0.0,4372942.0
16573.0,17.8964071177604,0.0,1605.0,644.0076123533381,39.268749718550964,-121.35179088199844,33.9,73313.0,0.0,0.0,0.0,0.0,83079.0,1.0,0.0,0.0,0.0,199248493.0
656.0,42.10526315789473,0.0,85.0,743.1887428922734,38.59709859657406,-119.82060282887257,41.1,110781.0,0.0,0.0,0.0,0.0,1695.0,2.0,0.0,0.0,0.0,5780228.0
389163.0,23.854495908489586,0.0,34841.0,6011.127948199015,36.75853094618111,-119.65342684363189,33.2,71434.0,0.0,0.0,0.0,0.0,1012152.0,2.0,0.0,0.0,0.0,4064485106.0
64415.0,16.100269483279376,0.0,7303.0,4480.599127667921,33.03992461908436,-115.36534775339051,33.0,56393.0,0.0,0.0,0.0,0.0,179319.0,2.0,0.0,0.0,0.0,605476668.0
7358.0,31.819817226739584,0.0,730.0,10227.099456702994,36.51016223187202,-117.40560074502446,45.6,72432.0,0.0,0.0,0.0,0.0,18803.0,2.0,0.0,0.0,0.0,77182340.0
7281.0,34.32124352331606,0.0,624.0,3131.7985116614536,37.93840625683518,-118.88393311930923,40.3,86953.0,0.0,0.0,0.0,0.0,13169.0,2.0,0.0,0.0,0.0,66816823.0
2833.0,18.04651919323357,0.0,398.0,3207.610843179456,40.64915450943153,-123.11400057250617,54.8,53498.0,0.0,0.0,0.0,0.0,15886.0,2.0,0.0,0.0,0.0,25559525.0
326999.0,35.66576039958768,0.0,26532.0,2206.558936270178,34.355871204221266,-119.12654460816057,39.4,107327.0,0.0,0.0,0.0,0.0,838259.0,2.0,0.0,0.0,0.0,4307327188.0
323450.0,18.573575991839803,0.0,18803.0,8164.9173784182485,35.34353506527538,-118.72903973163824,32.4,67660.0,14.0,0.0,14.0,0.0,910433.0,3.0,60160.0,0.0,0.0,3557663507.0
47344.0,13.919095714061436,0.0,3911.0,1392.1942069005058,36.07496094489133,-119.81583856650784,32.3,68750.0,2.0,0.0,2.0,0.0,152830.0,3.0,800.0,0.0,0.0,495001326.0
2609.0,23.004038521279902,0.0,355.0,4203.255762874587,41.58965368270825,-120.72501437875414,49.0,56648.0,0.0,0.0,0.0,0.0,8646.0,3.0,0.0,0.0,0.0,26407784.0
65465.0,23.266685790040857,0.0,6942.0,3847.3961177642345,40.76364876697064,-122.04134718043841,41.7,71931.0,5.0,0.0,5.0,0.0,181554.0,3.0,5200.0,0.0,0.0,705988869.0
161859.0,15.839490911134213,0.0,10337.0,4838.285667681717,36.220043432758864,-118.80036101709678,31.9,69489.0,6.0,0.0,6.0,0.0,475774.0,3.0,14220.0,0.0,0.0,1548171769.0
104802.0,44.08385081248704,0.0,6697.0,1021.8257443699976,38.6865515088214,-121.90056641872224,32.3,88818.0,4.0,0.0,4.0,0.0,217782.0,3.0,1600.0,0.0,0.0,1484495742.0
16185.0,17.743946050883824,0.0,3151.0,1328.0941710001237,39.09948485335015,-122.75277619233945,44.2,58738.0,3.0,0.0,3.0,0.0,68139.0,4.0,1760.0,0.0,0.0,158229702.0
16365.0,17.743946050883824,0.0,3135.0,1328.0941710001237,39.09948485335015,-122.75277619233945,44.2,58738.0,0.0,0.0,0.0,0.0,68139.0,1.0,0.0,0.0,0.0,164276247.0
114258.0,60.45916621480051,0.0,12317.0,828.1766410487686,38.05513917820608,-122.74857941401069,47.3,142785.0,0.0,0.0,0.0,0.0,258765.0,1.0,0.0,0.0,0.0,2098040153.0
7853.0,34.32124352331606,0.0,628.0,3131.7985116614536,37.93840625683518,-118.88393311930923,40.3,86953.0,0.0,0.0,0.0,0.0,13169.0,1.0,0.0,0.0,0.0,73494894.0
31566.0,39.46003256465599,0.0,3619.0,973.7957661243578,39.30167525657132,-120.76952482654217,50.3,84905.0,0.0,0.0,0.0,0.0,102452.0,1.0,0.0,0.0,0.0,345642095.0
192636.0,35.869939954606835,0.0,15318.0,3787.6908512866726,34.53743979389637,-120.0302768485835,34.5,95977.0,0.0,0.0,0.0,0.0,443975.0,1.0,0.0,0.0,0.0,2550772772.0
9615.0,14.523979957050823,0.0,840.0,1156.353491058561,39.177506529661116,-122.23673277297777,35.7,75149.0,0.0,0.0,0.0,0.0,21895.0,2.0,0.0,0.0,0.0,108986754.0
370485.0,44.91015896659383,0.0,32474.0,803.9099721779048,37.92353933794917,-121.95094420575256,40.3,125727.0,0.0,0.0,0.0,0.0,1161458.0,2.0,0.0,0.0,0.0,6142696705.0
80017.0,38.517125422897266,0.0,5846.0,792.3014390203438,38.506669323212186,-122.3304828015586,42.8,108970.0,0.0,1.0,0.0,0.0,136070.0,2.0,0.0,0.0,120000.0,1079049497.0
1465608.0,42.08987125049854,0.0,111404.0,4525.7279337106775,33.02819299849969,-116.76989830322081,37.1,102285.0,0.0,0.0,0.0,0.0,3282782.0,2.0,0.0,0.0,0.0,21674854427.0
119663.0,39.201400387945306,0.0,10399.0,3615.766363116764,35.38757707614939,-120.4507099023192,40.2,93398.0,0.0,0.0,0.0,0.0,281486.0,2.0,0.0,0.0,0.0,1414144716.0
17614.0,23.944468298268212,0.0,1620.0,2274.45156123147,38.02764357742436,-119.95493812698564,48.8,72259.0,0.0,0.0,0.0,0.0,54873.0,2.0,0.0,0.0,0.0,188343280.0
666592.0,33.28378226721884,0.0,59250.0,994.3623322860957,38.449053680297055,-121.34451586989564,37.2,88724.0,152.0,0.0,152.0,0.0,1584047.0,3.0,185260.0,0.0,0.0,9783304782.0
141564.0,28.367041437079976,0.0,11686.0,906.1440952298753,38.26680192264813,-121.9401797035494,39.1,99994.0,3.0,0.0,3.0,0.0,450824.0,3.0,1200.0,0.0,0.0,2010764412.0
17652.0,23.944468298268212,0.0,1645.0,2274.45156123147,38.02764357742436,-119.95493812698564,48.8,72259.0,26.0,0.0,26.0,0.0,54873.0,3.0,10200.0,0.0,0.0,192644055.0
7109.0,34.32124352331606,0.0,651.0,3131.7985116614536,37.93840625683518,-118.88393311930923,40.3,86953.0,2.0,0.0,2.0,0.0,13169.0,4.0,400.0,0.0,0.0,70619410.0
330168.0,35.66576039958768,0.0,28049.0,2206.558936270178,34.355871204221266,-119.12654460816057,39.4,107327.0,55.0,0.0,55.0,0.0,838259.0,4.0,40120.0,0.0,0.0,4717285815.0
1446280.0,42.08987125049854,0.0,109957.0,4525.7279337106775,33.02819299849969,-116.76989830322081,37.1,102285.0,0.0,1.0,0.0,0.0,3282782.0,1.0,0.0,0.0,25000.0,22862263567.0
664701.0,33.28378226721884,0.0,58660.0,994.3623322860957,38.449053680297055,-121.34451586989564,37.2,88724.0,0.0,0.0,0.0,0.0,1584047.0,2.0,0.0,0.0,0.0,9811747532.0
5853.0,30.861708482676224,0.0,535.0,1462.8245424186043,37.58147179588342,-119.90594238514464,51.6,65378.0,0.0,0.0,0.0,0.0,17060.0,3.0,0.0,0.0,0.0,59442670.0
322305.0,35.66576039958768,0.0,27599.0,2206.558936270178,34.355871204221266,-119.12654460816057,39.4,107327.0,43.0,0.0,43.0,0.0,838259.0,3.0,62400.0,0.0,0.0,4264638112.0
9636.0,22.185801535272034,0.0,1353.0,1036.9263699809671,38.204458658099185,-120.5546675464701,52.0,79877.0,0.0,0.0,0.0,0.0,45995.0,4.0,0.0,0.0,0.0,103393829.0
7571.0,31.819817226739584,0.0,748.0,10227.099456702994,36.51016223187202,-117.40560074502446,45.6,72432.0,0.0,0.0,0.0,0.0,18803.0,4.0,0.0,0.0,0.0,87456591.0
32107.0,39.46003256465599,0.0,3755.0,973.7957661243578,39.30167525657132,-120.76952482654217,50.3,84905.0,0.0,0.0,0.0,0.0,102452.0,4.0,0.0,0.0,0.0,384741133.0
6383.0,20.46291425565492,0.0,887.0,2613.444068237541,40.00465046431037,-120.83794094599376,52.1,64946.0,0.0,0.0,0.0,0.0,19607.0,4.0,0.0,0.0,0.0,71539085.0
17706.0,23.944468298268212,0.0,1671.0,2274.45156123147,38.02764357742436,-119.95493812698564,48.8,72259.0,3.0,0.0,3.0,0.0,54873.0,4.0,1000.0,0.0,0.0,203254987.0
1614090.0,43.401037672660124,0.0,119840.0,949.7168045236148,33.67689578291624,-117.77656042636896,39.1,113702.0,0.0,1.0,0.0,0.0,3164063.0,1.0,0.0,0.0,60000.0,26347304361.0
454.0,24.404761904761905,0.0,124.0,962.1642285745723,39.580682227053714,-120.51601083545448,56.0,60000.0,0.0,0.0,0.0,0.0,2731.0,1.0,0.0,0.0,0.0,4493915.0
2500.0,18.04651919323357,0.0,408.0,3207.610843179456,40.64915450943153,-123.11400057250617,54.8,53498.0,0.0,0.0,0.0,0.0,15886.0,1.0,0.0,0.0,0.0,24694737.0
5776.0,30.861708482676224,0.0,522.0,1462.8245424186043,37.58147179588342,-119.90594238514464,51.6,65378.0,0.0,0.0,0.0,0.0,17060.0,2.0,0.0,0.0,0.0,55171603.0
141799.0,28.367041437079976,0.0,11559.0,906.1440952298753,38.26680192264813,-121.9401797035494,39.1,99994.0,0.0,0.0,0.0,0.0,450824.0,2.0,0.0,0.0,0.0,1980747951.0
331658.0,35.66576039958768,0.0,27335.0,2206.558936270178,34.355871204221266,-119.12654460816057,39.4,107327.0,0.0,0.0,0.0,0.0,838259.0,2.0,0.0,0.0,0.0,4459419430.0
115979.0,60.45916621480051,0.0,12445.0,828.1766410487686,38.05513917820608,-122.74857941401069,47.3,142785.0,61.0,0.0,61.0,0.0,258765.0,3.0,52320.0,0.0,0.0,1944522365.0
17449.0,22.386651323360184,0.0,1601.0,1390.4738481890568,36.605527397901405,-121.07407728623134,35.9,108289.0,1.0,0.0,1.0,0.0,66056.0,3.0,400.0,0.0,0.0,204821598.0
17860.0,17.8964071177604,0.0,1691.0,644.0076123533381,39.268749718550964,-121.35179088199844,33.9,73313.0,9.0,0.0,9.0,0.0,83079.0,3.0,57600.0,0.0,0.0,225137911.0
32959.0,24.923685784847603,0.0,4284.0,3878.1544171646246,39.43217732619602,-123.43132735660902,43.9,64688.0,11.0,0.0,11.0,0.0,90709.0,4.0,4400.0,0.0,0.0,341760217.0
82638.0,14.780215294542995,0.0,6786.0,1978.6519681682591,37.1916854374536,-120.71843298756356,31.8,65044.0,1.0,0.0,1.0,0.0,285597.0,4.0,960.0,0.0,0.0,899207696.0
104587.0,43.55796468303216,0.0,9620.0,607.1604721587531,37.02159018364554,-122.00957031229625,39.6,109266.0,100.0,0.0,100.0,0.0,266021.0,4.0,53120.0,0.0,0.0,1393237709.0
192153.0,19.136945701036627,0.0,16121.0,1514.057161459023,37.5589417190648,-120.99849485414198,34.8,79661.0,13.0,0.0,13.0,0.0,552250.0,4.0,8000.0,0.0,0.0,2354789485.0
164558.0,15.839490911134213,0.0,11127.0,4838.285667681717,36.220043432758864,-118.80036101709678,31.9,69489.0,2.0,0.0,2.0,0.0,475774.0,4.0,1420.0,0.0,0.0,1736343425.0
11995.0,22.443391582574453,0.0,1132.0,605.9503896179209,38.44659889460041,-120.65166651032878,49.9,81526.0,0.0,0.0,0.0,0.0,41029.0,1.0,0.0,0.0,0.0,132380024.0
9355.0,22.185801535272034,0.0,1310.0,1036.9263699809671,38.204458658099185,-120.5546675464701,52.0,79877.0,0.0,0.0,0.0,0.0,45995.0,1.0,0.0,0.0,0.0,91089112.0
56129.0,38.82410175418806,0.0,5440.0,1786.3605240054378,38.778900011875415,-120.5250410581759,46.1,106190.0,0.0,0.0,0.0,0.0,192299.0,1.0,0.0,0.0,0.0,720426972.0
7376.0,31.819817226739584,0.0,729.0,10227.099456702994,36.51016223187202,-117.40560074502446,45.6,72432.0,0.0,0.0,0.0,0.0,18803.0,1.0,0.0,0.0,0.0,81011384.0
323920.0,18.573575991839803,0.0,19457.0,8164.9173784182485,35.34353506527538,-118.72903973163824,32.4,67660.0,0.0,1.0,0.0,0.0,910433.0,2.0,0.0,0.0,25000.0,3664341215.0
4430992.0,35.470992419092156,0.0,493104.0,4749.439484208034,34.196118871519026,-118.2618483994794,37.9,87760.0,0.0,1.0,0.0,0.0,9848406.0,2.0,0.0,0.0,69200.0,67827357811.0
6557.0,20.46291425565492,0.0,878.0,2613.444068237541,40.00465046431037,-120.83794094599376,52.1,64946.0,0.0,0.0,0.0,0.0,19607.0,2.0,0.0,0.0,0.0,67489995.0
402063.0,53.071234072167506,0.0,28138.0,740.947837007639,37.435907175553204,-122.3555722224761,40.6,156000.0,0.0,0.0,0.0,0.0,745100.0,2.0,0.0,0.0,0.0,12310149284.0
106347.0,43.55796468303216,0.0,9442.0,607.1604721587531,37.02159018364554,-122.00957031229625,39.6,109266.0,0.0,0.0,0.0,0.0,266021.0,2.0,0.0,0.0,0.0,1360955368.0
66982.0,23.266685790040857,0.0,7039.0,3847.3961177642345,40.76364876697064,-122.04134718043841,41.7,71931.0,0.0,0.0,0.0,0.0,181554.0,2.0,0.0,0.0,0.0,704636045.0
2786.0,18.04651919323357,0.0,425.0,3207.610843179456,40.64915450943153,-123.11400057250617,54.8,53498.0,0.0,0.0,0.0,0.0,15886.0,2.0,0.0,0.0,0.0,26368977.0
627.0,42.10526315789473,0.0,83.0,743.1887428922734,38.59709859657406,-119.82060282887257,41.1,110781.0,0.0,0.0,0.0,0.0,1695.0,3.0,0.0,0.0,0.0,6460573.0
9843.0,22.185801535272034,0.0,1334.0,1036.9263699809671,38.204458658099185,-120.5546675464701,52.0,79877.0,8.0,0.0,8.0,0.0,45995.0,3.0,51200.0,0.0,0.0,97009180.0
397444.0,23.854495908489586,0.0,36501.0,6011.127948199015,36.75853094618111,-119.65342684363189,33.2,71434.0,39.0,0.0,39.0,0.0,1012152.0,3.0,146975.0,0.0,0.0,4260333934.0
169217.0,42.89064398957895,0.0,13306.0,1502.2359474204736,39.063807401803494,-120.71900434919911,42.4,114678.0,32.0,0.0,32.0,0.0,412435.0,3.0,24800.0,0.0,0.0,2302728597.0
370569.0,44.91015896659383,0.0,33281.0,803.9099721779048,37.92353933794917,-121.95094420575256,40.3,125727.0,11.0,0.0,11.0,0.0,1161458.0,4.0,8440.0,0.0,0.0,6683846947.0
116596.0,60.45916621480051,0.0,12605.0,828.1766410487686,38.05513917820608,-122.74857941401069,47.3,142785.0,71.0,0.0,71.0,0.0,258765.0,4.0,22240.0,0.0,0.0,2222095318.0
769670.0,22.901440338137302,0.0,61549.0,20105.394817801967,34.842030309075156,-116.17662379678129,34.4,82184.0,123.0,0.0,123.0,0.0,2187816.0,4.0,1285134.0,0.0,0.0,9338758154.0
81976.0,31.720564273446563,0.0,8514.0,1677.1310334359375,39.66655443197179,-121.60070084884747,36.3,68574.0,0.0,0.0,0.0,0.0,209470.0,1.0,0.0,0.0,0.0,851096113.0
13047.0,23.083615573439392,0.0,1731.0,6347.938252495964,41.59330971236391,-122.54039224371505,47.4,55499.0,0.0,0.0,0.0,0.0,43834.0,1.0,0.0,0.0,0.0,129568959.0
788336.0,51.46936470398402,0.0,64044.0,821.2085166728324,37.65058029746707,-121.91780145156679,38.7,126240.0,0.0,0.0,0.0,0.0,1651949.0,2.0,0.0,0.0,0.0,14527007066.0
168037.0,42.89064398957895,0.0,13135.0,1502.2359474204736,39.063807401803494,-120.71900434919911,42.4,114678.0,0.0,0.0,0.0,0.0,412435.0,2.0,0.0,0.0,0.0,2272772989.0
1461995.0,42.08987125049854,0.0,112479.0,4525.7279337106775,33.02819299849969,-116.76989830322081,37.1,102285.0,418.0,3.0,418.0,0.0,3282782.0,3.0,1163117.0,0.0,275000.0,21848394370.0
743260.0,60.12076421243264,0.0,60927.0,231.91378755252734,37.76007116407808,-122.69412210887407,39.7,141446.0,525.0,1.0,525.0,0.0,836321.0,3.0,5044794.0,0.0,225000.0,20221512854.0
105987.0,44.08385081248704,0.0,6801.0,1021.8257443699976,38.6865515088214,-121.90056641872224,32.3,88818.0,6.0,0.0,6.0,0.0,217782.0,3.0,2400.0,0.0,0.0,1511591095.0
12335.0,22.443391582574453,0.0,1172.0,605.9503896179209,38.44659889460041,-120.65166651032878,49.9,81526.0,4.0,0.0,4.0,0.0,41029.0,4.0,2720.0,0.0,0.0,145634899.0
394549.0,23.854495908489586,0.0,36897.0,6011.127948199015,36.75853094618111,-119.65342684363189,33.2,71434.0,51.0,0.0,51.0,0.0,1012152.0,4.0,126120.0,0.0,0.0,4633510205.0
1482617.0,42.08987125049854,0.0,114376.0,4525.7279337106775,33.02819299849969,-116.76989830322081,37.1,102285.0,613.0,0.0,613.0,0.0,3282782.0,4.0,1086746.0,0.0,0.0,24282551903.0
776059.0,51.46936470398402,0.0,63200.0,821.2085166728324,37.65058029746707,-121.91780145156679,38.7,126240.0,0.0,0.0,0.0,0.0,1651949.0,1.0,0.0,0.0,0.0,15269830842.0
49036.0,32.085138242686774,0.0,5462.0,4052.255054743655,40.70277291928399,-123.91630205492689,39.6,61135.0,0.0,0.0,0.0,0.0,135418.0,1.0,0.0,0.0,0.0,490538324.0
205851.0,37.8469385158651,0.0,19821.0,1767.3423561904444,38.525248521353824,-122.92188038526332,42.7,102840.0,0.0,0.0,0.0,0.0,485642.0,1.0,0.0,0.0,0.0,2750538680.0
204002.0,27.883727092389556,0.0,13902.0,3771.2208005395887,36.239504143459484,-121.30662637129737,35.3,94486.0,0.0,0.0,0.0,0.0,435834.0,2.0,0.0,0.0,0.0,2396768844.0
253915.0,21.572958036625103,0.0,17959.0,1426.6010791666342,37.93443695137347,-121.27165936777493,35.2,88531.0,0.0,0.0,0.0,0.0,787416.0,2.0,0.0,0.0,0.0,2928804506.0
58530.0,38.82410175418806,0.0,5568.0,1786.3605240054378,38.778900011875415,-120.5250410581759,46.1,106190.0,17.0,0.0,17.0,0.0,192299.0,3.0,85360.0,0.0,0.0,721477559.0
32951.0,24.923685784847603,0.0,4248.0,3878.1544171646246,39.43217732619602,-123.43132735660902,43.9,64688.0,18.0,0.0,18.0,0.0,90709.0,3.0,7200.0,0.0,0.0,335610077.0
1619858.0,43.401037672660124,0.0,123156.0,949.7168045236148,33.67689578291624,-117.77656042636896,39.1,113702.0,375.0,0.0,375.0,0.0,3164063.0,3.0,1395912.0,0.0,0.0,24263136833.0
505.0,24.404761904761905,0.0,126.0,962.1642285745723,39.580682227053714,-120.51601083545448,56.0,60000.0,0.0,0.0,0.0,0.0,2731.0,3.0,0.0,0.0,0.0,5296603.0
18631.0,18.843192237503896,0.0,1907.0,2962.174856842099,40.126040061066114,-122.2344962648283,40.1,61834.0,2.0,0.0,2.0,0.0,65520.0,3.0,1360.0,0.0,0.0,199929722.0
335013.0,18.573575991839803,0.0,20274.0,8164.9173784182485,35.34353506527538,-118.72903973163824,32.4,67660.0,25.0,0.0,25.0,0.0,910433.0,4.0,42480.0,0.0,0.0,4014551582.0
5514.0,30.861708482676224,0.0,539.0,1462.8245424186043,37.58147179588342,-119.90594238514464,51.6,65378.0,0.0,0.0,0.0,0.0,17060.0,4.0,0.0,0.0,0.0,57560612.0
2485.0,23.004038521279902,0.0,380.0,4203.255762874587,41.58965368270825,-120.72501437875414,49.0,56648.0,0.0,0.0,0.0,0.0,8646.0,4.0,0.0,0.0,0.0,25291495.0
752002.0,25.084017687934303,0.0,67406.0,7303.023823440713,33.74663050890228,-115.99394024456193,36.7,89672.0,107.0,0.0,107.0,0.0,2449909.0,4.0,1477354.0,0.0,0.0,8607695518.0
143874.0,28.367041437079976,0.0,11814.0,906.1440952298753,38.26680192264813,-121.9401797035494,39.1,99994.0,2.0,0.0,2.0,0.0,450824.0,4.0,1360.0,0.0,0.0,2155846214.0
18490.0,17.8964071177604,0.0,1722.0,644.0076123533381,39.268749718550964,-121.35179088199844,33.9,73313.0,3.0,0.0,3.0,0.0,83079.0,4.0,19200.0,0.0,0.0,248357703.0
308477.0,18.573575991839803,0.0,19119.0,8164.9173784182485,35.34353506527538,-118.72903973163824,32.4,67660.0,0.0,0.0,0.0,0.0,910433.0,1.0,0.0,0.0,0.0,3661789641.0
9480.0,13.212723998971104,0.0,714.0,4720.115276003642,40.67263063026285,-120.59327450404597,37.8,64395.0,0.0,0.0,0.0,0.0,31177.0,1.0,0.0,0.0,0.0,110318841.0
5187.0,30.861708482676224,0.0,518.0,1462.8245424186043,37.58147179588342,-119.90594238514464,51.6,65378.0,0.0,0.0,0.0,0.0,17060.0,1.0,0.0,0.0,0.0,50580944.0
246733.0,21.572958036625103,0.0,17770.0,1426.6010791666342,37.93443695137347,-121.27165936777493,35.2,88531.0,0.0,0.0,0.0,0.0,787416.0,1.0,0.0,0.0,0.0,2822063664.0
185373.0,19.136945701036627,0.0,15671.0,1514.057161459023,37.5589417190648,-120.99849485414198,34.8,79661.0,0.0,0.0,0.0,0.0,552250.0,1.0,0.0,0.0,0.0,2182381193.0
100801.0,44.08385081248704,0.0,6704.0,1021.8257443699976,38.6865515088214,-121.90056641872224,32.3,88818.0,0.0,0.0,0.0,0.0,217782.0,1.0,0.0,0.0,0.0,1558532554.0
785955.0,51.46936470398402,0.0,64545.0,821.2085166728324,37.65058029746707,-121.91780145156679,38.7,126240.0,275.0,1.0,275.0,0.0,1651949.0,3.0,1240521.0,0.0,15000.0,14530349227.0
7618.0,31.819817226739584,0.0,740.0,10227.099456702994,36.51016223187202,-117.40560074502446,45.6,72432.0,1.0,0.0,1.0,0.0,18803.0,3.0,400.0,0.0,0.0,82312852.0
50301.0,17.12878493305018,0.0,4350.0,2153.2391289805496,37.21782461616294,-119.76474047044498,34.6,75496.0,4.0,0.0,4.0,0.0,158790.0,3.0,19600.0,0.0,0.0,550474058.0
7048.0,20.46291425565492,0.0,884.0,2613.444068237541,40.00465046431037,-120.83794094599376,52.1,64946.0,6.0,0.0,6.0,0.0,19607.0,3.0,2400.0,0.0,0.0,74804179.0
10494.0,13.212723998971104,0.0,730.0,4720.115276003642,40.67263063026285,-120.59327450404597,37.8,64395.0,0.0,0.0,0.0,0.0,31177.0,4.0,0.0,0.0,0.0,127478962.0
674214.0,33.28378226721884,0.0,60123.0,994.3623322860957,38.449053680297055,-121.34451586989564,37.2,88724.0,265.0,1.0,265.0,0.0,1584047.0,4.0,1437420.0,0.0,75000.0,10602504706.0
14237.0,23.083615573439392,0.0,1787.0,6347.938252495964,41.59330971236391,-122.54039224371505,47.4,55499.0,2.0,0.0,2.0,0.0,43834.0,4.0,1040.0,0.0,0.0,151001055.0
212549.0,37.8469385158651,0.0,20418.0,1767.3423561904444,38.525248521353824,-122.92188038526332,42.7,102840.0,64.0,0.0,64.0,0.0,485642.0,4.0,128760.0,0.0,0.0,3095423414.0
2294.0,23.004038521279902,0.0,363.0,4203.255762874587,41.58965368270825,-120.72501437875414,49.0,56648.0,0.0,0.0,0.0,0.0,8646.0,1.0,0.0,0.0,0.0,21332477.0
5711.0,20.46291425565492,0.0,862.0,2613.444068237541,40.00465046431037,-120.83794094599376,52.1,64946.0,0.0,0.0,0.0,0.0,19607.0,1.0,0.0,0.0,0.0,62442518.0
17087.0,23.944468298268212,0.0,1580.0,2274.45156123147,38.02764357742436,-119.95493812698564,48.8,72259.0,0.0,0.0,0.0,0.0,54873.0,1.0,0.0,0.0,0.0,189022318.0
12340.0,22.443391582574453,0.0,1157.0,605.9503896179209,38.44659889460041,-120.65166651032878,49.9,81526.0,0.0,0.0,0.0,0.0,41029.0,2.0,0.0,0.0,0.0,135035103.0
9789.0,22.185801535272034,0.0,1336.0,1036.9263699809671,38.204458658099185,-120.5546675464701,52.0,79877.0,0.0,0.0,0.0,0.0,45995.0,2.0,0.0,0.0,0.0,97066757.0
7573.0,31.819817226739584,0.0,734.0,10227.099456702994,36.51016223187202,-117.40560074502446,45.6,72432.0,0.0,0.0,0.0,0.0,18803.0,2.0,0.0,0.0,0.0,80495737.0
7131.0,34.32124352331606,0.0,638.0,3131.7985116614536,37.93840625683518,-118.88393311930923,40.3,86953.0,0.0,0.0,0.0,0.0,13169.0,2.0,0.0,0.0,0.0,67256815.0
203241.0,35.869939954606835,0.0,15389.0,3787.6908512866726,34.53743979389637,-120.0302768485835,34.5,95977.0,0.0,0.0,0.0,0.0,443975.0,2.0,0.0,0.0,0.0,2711114568.0
1096458.0,55.865627050350255,0.0,72765.0,1304.0557004984757,37.23243382622572,-121.69583325334833,37.9,159674.0,0.0,0.0,0.0,0.0,1903297.0,2.0,0.0,0.0,0.0,36701814948.0
60135.0,16.100269483279376,0.0,7588.0,4480.599127667921,33.03992461908436,-115.36534775339051,33.0,56393.0,0.0,0.0,0.0,0.0,179319.0,3.0,0.0,0.0,0.0,614931107.0
2889.0,18.04651919323357,0.0,436.0,3207.610843179456,40.64915450943153,-123.11400057250617,54.8,53498.0,9.0,0.0,9.0,0.0,15886.0,3.0,4160.0,0.0,0.0,29505925.0
165528.0,15.839490911134213,0.0,10951.0,4838.285667681717,36.220043432758864,-118.80036101709678,31.9,69489.0,5.0,0.0,5.0,0.0,475774.0,3.0,26000.0,0.0,0.0,1621259472.0
84477.0,31.720564273446563,0.0,8724.0,1677.1310334359375,39.66655443197179,-121.60070084884747,36.3,68574.0,36.0,0.0,36.0,0.0,209470.0,4.0,21920.0,0.0,0.0,951105062.0
59204.0,38.82410175418806,0.0,5643.0,1786.3605240054378,38.778900011875415,-120.5250410581759,46.1,106190.0,67.0,1.0,67.0,0.0,192299.0,4.0,224640.0,0.0,60000.0,778748996.0
119442.0,39.201400387945306,0.0,10612.0,3615.766363116764,35.38757707614939,-120.4507099023192,40.2,93398.0,6.0,0.0,6.0,0.0,281486.0,4.0,2400.0,0.0,0.0,1513137876.0
1115948.0,55.865627050350255,0.0,74262.0,1304.0557004984757,37.23243382622572,-121.69583325334833,37.9,159674.0,102.0,0.0,102.0,0.0,1903297.0,4.0,462160.0,0.0,0.0,38756416586.0
520.0,24.404761904761905,0.0,128.0,962.1642285745723,39.580682227053714,-120.51601083545448,56.0,60000.0,0.0,0.0,0.0,0.0,2731.0,4.0,0.0,0.0,0.0,5717725.0
76093.0,38.517125422897266,0.0,5831.0,792.3014390203438,38.506669323212186,-122.3304828015586,42.8,108970.0,0.0,0.0,0.0,0.0,136070.0,1.0,0.0,0.0,0.0,1041035968.0
726623.0,60.12076421243264,0.0,59967.0,231.91378755252734,37.76007116407808,-122.69412210887407,39.7,141446.0,0.0,0.0,0.0,0.0,836321.0,1.0,0.0,0.0,0.0,23483770394.0
2594.0,23.004038521279902,0.0,366.0,4203.255762874587,41.58965368270825,-120.72501437875414,49.0,56648.0,0.0,0.0,0.0,0.0,8646.0,2.0,0.0,0.0,0.0,23818507.0
14191.0,23.083615573439392,0.0,1753.0,6347.938252495964,41.59330971236391,-122.54039224371505,47.4,55499.0,0.0,0.0,0.0,0.0,43834.0,2.0,0.0,0.0,0.0,141332129.0
16617.0,17.743946050883824,0.0,3233.0,1328.0941710001237,39.09948485335015,-122.75277619233945,44.2,58738.0,1.0,0.0,1.0,0.0,68139.0,3.0,400.0,0.0,0.0,160219007.0
4424655.0,35.470992419092156,0.0,497618.0,4749.439484208034,34.196118871519026,-118.2618483994794,37.9,87760.0,1356.0,1.0,1356.0,0.0,9848406.0,3.0,3849389.0,0.0,110000.0,67796441345.0
66274.0,23.266685790040857,0.0,7104.0,3847.3961177642345,40.76364876697064,-122.04134718043841,41.7,71931.0,16.0,0.0,16.0,0.0,181554.0,3.0,10472.0,0.0,0.0,735210461.0
14036.0,23.083615573439392,0.0,1760.0,6347.938252495964,41.59330971236391,-122.54039224371505,47.4,55499.0,1.0,0.0,1.0,0.0,43834.0,3.0,6400.0,0.0,0.0,150571039.0
32676.0,20.20745235030949,0.0,3302.0,608.4148120875715,39.03427456853581,-121.69453434561657,36.4,75450.0,0.0,0.0,0.0,0.0,98971.0,3.0,0.0,0.0,0.0,330201640.0
9433.0,16.482336518844626,0.0,1218.0,1326.9767269702027,39.598476800476945,-122.39201249335272,35.9,70487.0,0.0,0.0,0.0,0.0,28623.0,4.0,0.0,0.0,0.0,105990227.0
51389.0,32.085138242686774,0.0,5804.0,4052.255054743655,40.70277291928399,-123.91630205492689,39.6,61135.0,27.0,0.0,27.0,0.0,135418.0,4.0,10960.0,0.0,0.0,539108806.0
48863.0,13.919095714061436,0.0,4144.0,1392.1942069005058,36.07496094489133,-119.81583856650784,32.3,68750.0,0.0,0.0,0.0,0.0,152830.0,4.0,0.0,0.0,0.0,551822755.0
50686.0,17.12878493305018,0.0,4422.0,2153.2391289805496,37.21782461616294,-119.76474047044498,34.6,75496.0,1.0,0.0,1.0,0.0,158790.0,4.0,400.0,0.0,0.0,567963967.0
19035.0,18.843192237503896,0.0,1939.0,2962.174856842099,40.126040061066114,-122.2344962648283,40.1,61834.0,2.0,0.0,2.0,0.0,65520.0,4.0,1920.0,0.0,0.0,221570109.0
104402.0,44.08385081248704,0.0,6886.0,1021.8257443699976,38.6865515088214,-121.90056641872224,32.3,88818.0,11.0,0.0,11.0,0.0,217782.0,4.0,4640.0,0.0,0.0,1694586427.0
374721.0,23.854495908489586,0.0,35501.0,6011.127948199015,36.75853094618111,-119.65342684363189,33.2,71434.0,0.0,0.0,0.0,0.0,1012152.0,1.0,0.0,0.0,0.0,4063807234.0
173975.0,27.883727092389556,0.0,13686.0,3771.2208005395887,36.239504143459484,-121.30662637129737,35.3,94486.0,0.0,0.0,0.0,0.0,435834.0,1.0,0.0,0.0,0.0,2069646759.0
323385.0,35.66576039958768,0.0,27006.0,2206.558936270178,34.355871204221266,-119.12654460816057,39.4,107327.0,0.0,0.0,0.0,0.0,838259.0,1.0,0.0,0.0,0.0,4613898084.0
9076.0,16.482336518844626,0.0,1177.0,1326.9767269702027,39.598476800476945,-122.39201249335272,35.9,70487.0,0.0,0.0,0.0,0.0,28623.0,2.0,0.0,0.0,0.0,94173256.0
64204.0,16.100269483279376,0.0,7527.0,4480.599127667921,33.03992461908436,-115.36534775339051,33.0,56393.0,0.0,0.0,0.0,0.0,179319.0,2.0,0.0,0.0,0.0,627478770.0
33080.0,24.923685784847603,0.0,4212.0,3878.1544171646246,39.43217732619602,-123.43132735660902,43.9,64688.0,0.0,0.0,0.0,0.0,90709.0,2.0,0.0,0.0,0.0,321958955.0
169183.0,15.839490911134213,0.0,10716.0,4838.285667681717,36.220043432758864,-118.80036101709678,31.9,69489.0,0.0,0.0,0.0,0.0,475774.0,2.0,0.0,0.0,0.0,1623493985.0
17951.0,17.8964071177604,0.0,1671.0,644.0076123533381,39.268749718550964,-121.35179088199844,33.9,73313.0,0.0,0.0,0.0,0.0,83079.0,2.0,0.0,0.0,0.0,232879002.0
50248.0,32.085138242686774,0.0,5769.0,4052.255054743655,40.70277291928399,-123.91630205492689,39.6,61135.0,37.0,0.0,37.0,0.0,135418.0,3.0,15000.0,0.0,0.0,510898285.0
210986.0,37.8469385158651,0.0,20248.0,1767.3423561904444,38.525248521353824,-122.92188038526332,42.7,102840.0,70.0,0.0,70.0,0.0,485642.0,3.0,75640.0,0.0,0.0,2862246417.0
793802.0,51.46936470398402,0.0,65329.0,821.2085166728324,37.65058029746707,-121.91780145156679,38.7,126240.0,380.0,1.0,380.0,0.0,1651949.0,4.0,500160.0,0.0,20000.0,15591134375.0
78839.0,38.517125422897266,0.0,5919.0,792.3014390203438,38.506669323212186,-122.3304828015586,42.8,108970.0,21.0,0.0,21.0,0.0,136070.0,4.0,13820.0,0.0,0.0,1185827042.0
8503.0,14.523979957050823,0.0,825.0,1156.353491058561,39.177506529661116,-122.23673277297777,35.7,75149.0,0.0,0.0,0.0,0.0,21895.0,1.0,0.0,0.0,0.0,84588611.0
77058.0,14.780215294542995,0.0,6625.0,1978.6519681682591,37.1916854374536,-120.71843298756356,31.8,65044.0,0.0,0.0,0.0,0.0,285597.0,1.0,0.0,0.0,0.0,800503482.0
15920.0,22.386651323360184,0.0,1599.0,1390.4738481890568,36.605527397901405,-121.07407728623134,35.9,108289.0,0.0,0.0,0.0,0.0,66056.0,1.0,0.0,0.0,0.0,193033942.0
50553.0,32.085138242686774,0.0,5703.0,4052.255054743655,40.70277291928399,-123.91630205492689,39.6,61135.0,0.0,0.0,0.0,0.0,135418.0,2.0,0.0,0.0,0.0,505518082.0
9785.0,13.212723998971104,0.0,721.0,4720.115276003642,40.67263063026285,-120.59327450404597,37.8,64395.0,0.0,0.0,0.0,0.0,31177.0,2.0,0.0,0.0,0.0,114438351.0
525.0,24.404761904761905,0.0,125.0,962.1642285745723,39.580682227053714,-120.51601083545448,56.0,60000.0,0.0,0.0,0.0,0.0,2731.0,2.0,0.0,0.0,0.0,4466330.0
18670.0,18.843192237503896,0.0,1878.0,2962.174856842099,40.126040061066114,-122.2344962648283,40.1,61834.0,0.0,0.0,0.0,0.0,65520.0,2.0,0.0,0.0,0.0,198532766.0
748836.0,22.901440338137302,0.0,60572.0,20105.394817801967,34.842030309075156,-116.17662379678129,34.4,82184.0,142.0,1.0,142.0,0.0,2187816.0,3.0,557200.0,0.0,80000.0,8680791645.0
117652.0,39.201400387945306,0.0,10495.0,3615.766363116764,35.38757707614939,-120.4507099023192,40.2,93398.0,27.0,0.0,27.0,0.0,281486.0,3.0,70560.0,0.0,0.0,1386340528.0
201606.0,35.869939954606835,0.0,15528.0,3787.6908512866726,34.53743979389637,-120.0302768485835,34.5,95977.0,47.0,0.0,47.0,0.0,443975.0,3.0,103957.0,0.0,0.0,2631846835.0
109009.0,43.55796468303216,0.0,9511.0,607.1604721587531,37.02159018364554,-122.00957031229625,39.6,109266.0,81.0,0.0,81.0,0.0,266021.0,3.0,38840.0,0.0,0.0,1336781023.0
62738.0,16.100269483279376,0.0,7727.0,4480.599127667921,33.03992461908436,-115.36534775339051,33.0,56393.0,0.0,0.0,0.0,0.0,179319.0,4.0,0.0,0.0,0.0,652424576.0
1647833.0,43.401037672660124,0.0,125433.0,949.7168045236148,33.67689578291624,-117.77656042636896,39.1,113702.0,411.0,0.0,411.0,0.0,3164063.0,4.0,533064.0,0.0,0.0,26483543302.0
202175.0,35.869939954606835,0.0,15703.0,3787.6908512866726,34.53743979389637,-120.0302768485835,34.5,95977.0,56.0,0.0,56.0,0.0,443975.0,4.0,44216.0,0.0,0.0,2911784285.0
67883.0,23.266685790040857,0.0,7176.0,3847.3961177642345,40.76364876697064,-122.04134718043841,41.7,71931.0,10.0,0.0,10.0,0.0,181554.0,4.0,6712.0,0.0,0.0,784700998.0
165753.0,42.89064398957895,0.0,13015.0,1502.2359474204736,39.063807401803494,-120.71900434919911,42.4,114678.0,0.0,0.0,0.0,0.0,412435.0,1.0,0.0,0.0,0.0,2326105814.0
65309.0,23.266685790040857,0.0,6949.0,3847.3961177642345,40.76364876697064,-122.04134718043841,41.7,71931.0,0.0,0.0,0.0,0.0,181554.0,1.0,0.0,0.0,0.0,697443832.0
17377.0,17.8964071177604,0.0,1647.0,644.0076123533381,39.268749718550964,-121.35179088199844,33.9,73313.0,0.0,0.0,0.0,0.0,83079.0,1.0,0.0,0.0,0.0,213770283.0
394661.0,23.854495908489586,0.0,36038.0,6011.127948199015,36.75853094618111,-119.65342684363189,33.2,71434.0,0.0,0.0,0.0,0.0,1012152.0,2.0,0.0,0.0,0.0,4255031535.0
16650.0,17.743946050883824,0.0,3212.0,1328.0941710001237,39.09948485335015,-122.75277619233945,44.2,58738.0,0.0,0.0,0.0,0.0,68139.0,2.0,0.0,0.0,0.0,157727103.0
50004.0,17.12878493305018,0.0,4289.0,2153.2391289805496,37.21782461616294,-119.76474047044498,34.6,75496.0,0.0,0.0,0.0,0.0,158790.0,2.0,0.0,0.0,0.0,529771752.0
737664.0,60.12076421243264,0.0,60538.0,231.91378755252734,37.76007116407808,-122.69412210887407,39.7,141446.0,0.0,0.0,0.0,0.0,836321.0,2.0,0.0,0.0,0.0,19963678318.0
32168.0,20.20745235030949,0.0,3258.0,608.4148120875715,39.03427456853581,-121.69453434561657,36.4,75450.0,0.0,0.0,0.0,0.0,98971.0,2.0,0.0,0.0,0.0,335721773.0
366236.0,44.91015896659383,0.0,32852.0,803.9099721779048,37.92353933794917,-121.95094420575256,40.3,125727.0,20.0,0.0,20.0,0.0,1161458.0,3.0,43760.0,0.0,0.0,5962963624.0
332472.0,18.573575991839803,0.0,19882.0,8164.9173784182485,35.34353506527538,-118.72903973163824,32.4,67660.0,15.0,0.0,15.0,0.0,910433.0,3.0,55520.0,0.0,0.0,3773359287.0
210634.0,27.883727092389556,0.0,14023.0,3771.2208005395887,36.239504143459484,-121.30662637129737,35.3,94486.0,25.0,0.0,25.0,0.0,435834.0,3.0,83680.0,0.0,0.0,2502709428.0
406312.0,53.071234072167506,0.0,28440.0,740.947837007639,37.435907175553204,-122.3555722224761,40.6,156000.0,19.0,0.0,19.0,0.0,745100.0,3.0,8400.0,0.0,0.0,12456004502.0
8152.0,20.974160076562736,0.0,828.0,1229.681684316719,41.744691086401055,-123.95766040987809,40.8,66780.0,0.0,0.0,0.0,0.0,27293.0,4.0,0.0,0.0,0.0,80345769.0
17079.0,22.386651323360184,0.0,1622.0,1390.4738481890568,36.605527397901405,-121.07407728623134,35.9,108289.0,0.0,0.0,0.0,0.0,66056.0,4.0,0.0,0.0,0.0,215530478.0
1068.0,42.10526315789473,0.0,76.0,743.1887428922734,38.59709859657406,-119.82060282887257,41.1,110781.0,0.0,0.0,0.0,0.0,1695.0,1.0,0.0,0.0,0.0,9018804.0
366510.0,44.91015896659383,0.0,32075.0,803.9099721779048,37.92353933794917,-121.95094420575256,40.3,125727.0,0.0,0.0,0.0,0.0,1161458.0,1.0,0.0,0.0,0.0,6635185681.0
64436.0,16.100269483279376,0.0,7436.0,4480.599127667921,33.03992461908436,-115.36534775339051,33.0,56393.0,0.0,0.0,0.0,0.0,179319.0,1.0,0.0,0.0,0.0,627564231.0
653472.0,33.28378226721884,0.0,57961.0,994.3623322860957,38.449053680297055,-121.34451586989564,37.2,88724.0,0.0,0.0,0.0,0.0,1584047.0,1.0,0.0,0.0,0.0,9967129477.0
742330.0,22.901440338137302,0.0,59151.0,20105.394817801967,34.842030309075156,-116.17662379678129,34.4,82184.0,0.0,0.0,0.0,0.0,2187816.0,1.0,0.0,0.0,0.0,8693001130.0
1079219.0,55.865627050350255,0.0,71985.0,1304.0557004984757,37.23243382622572,-121.69583325334833,37.9,159674.0,0.0,0.0,0.0,0.0,1903297.0,1.0,0.0,0.0,0.0,37208002083.0
8342.0,20.974160076562736,0.0,808.0,1229.681684316719,41.744691086401055,-123.95766040987809,40.8,66780.0,0.0,0.0,0.0,0.0,27293.0,2.0,0.0,0.0,0.0,79000080.0
116435.0,60.45916621480051,0.0,12381.0,828.1766410487686,38.05513917820608,-122.74857941401069,47.3,142785.0,0.0,0.0,0.0,0.0,258765.0,2.0,0.0,0.0,0.0,2150894329.0
738578.0,25.084017687934303,0.0,65450.0,7303.023823440713,33.74663050890228,-115.99394024456193,36.7,89672.0,0.0,3.0,0.0,0.0,2449909.0,2.0,0.0,0.0,500000.0,8176730273.0
17333.0,22.386651323360184,0.0,1596.0,1390.4738481890568,36.605527397901405,-121.07407728623134,35.9,108289.0,0.0,0.0,0.0,0.0,66056.0,2.0,0.0,0.0,0.0,207242938.0
211194.0,37.8469385158651,0.0,20092.0,1767.3423561904444,38.525248521353824,-122.92188038526332,42.7,102840.0,0.0,0.0,0.0,0.0,485642.0,2.0,0.0,0.0,0.0,2776915796.0
12398.0,22.443391582574453,0.0,1161.0,605.9503896179209,38.44659889460041,-120.65166651032878,49.9,81526.0,3.0,0.0,3.0,0.0,41029.0,3.0,1200.0,0.0,0.0,135554039.0
9800.0,14.523979957050823,0.0,860.0,1156.353491058561,39.177506529661116,-122.23673277297777,35.7,75149.0,0.0,0.0,0.0,0.0,21895.0,3.0,0.0,0.0,0.0,106175423.0
81255.0,14.780215294542995,0.0,6704.0,1978.6519681682591,37.1916854374536,-120.71843298756356,31.8,65044.0,0.0,0.0,0.0,0.0,285597.0,3.0,0.0,0.0,0.0,851240632.0
2636.0,23.004038521279902,0.0,376.0,4203.255762874587,41.58965368270825,-120.72501437875414,49.0,56648.0,1.0,0.0,1.0,0.0,8646.0,3.0,1200.0,0.0,0.0,27101877.0
732515.0,25.084017687934303,0.0,66405.0,7303.023823440713,33.74663050890228,-115.99394024456193,36.7,89672.0,36.0,0.0,36.0,0.0,2449909.0,3.0,32960.0,0.0,0.0,8060732759.0
9121.0,14.523979957050823,0.0,873.0,1156.353491058561,39.177506529661116,-122.23673277297777,35.7,75149.0,0.0,0.0,0.0,0.0,21895.0,4.0,0.0,0.0,0.0,111212051.0
16298.0,17.743946050883824,0.0,3228.0,1328.0941710001237,39.09948485335015,-122.75277619233945,44.2,58738.0,3.0,0.0,3.0,0.0,68139.0,4.0,960.0,0.0,0.0,163843644.0
411328.0,53.071234072167506,0.0,28926.0,740.947837007639,37.435907175553204,-122.3555722224761,40.6,156000.0,20.0,0.0,20.0,0.0,745100.0,4.0,7920.0,0.0,0.0,12878906029.0
139058.0,28.367041437079976,0.0,11421.0,906.1440952298753,38.26680192264813,-121.9401797035494,39.1,99994.0,0.0,0.0,0.0,0.0,450824.0,1.0,0.0,0.0,0.0,2154779603.0
29248.0,20.20745235030949,0.0,3237.0,608.4148120875715,39.03427456853581,-121.69453434561657,36.4,75450.0,0.0,0.0,0.0,0.0,98971.0,1.0,0.0,0.0,0.0,294715573.0
18129.0,18.843192237503896,0.0,1845.0,2962.174856842099,40.126040061066114,-122.2344962648283,40.1,61834.0,0.0,0.0,0.0,0.0,65520.0,1.0,0.0,0.0,0.0,186970398.0
48226.0,13.919095714061436,0.0,4022.0,1392.1942069005058,36.07496094489133,-119.81583856650784,32.3,68750.0,0.0,0.0,0.0,0.0,152830.0,2.0,0.0,0.0,0.0,505570439.0
81207.0,14.780215294542995,0.0,6654.0,1978.6519681682591,37.1916854374536,-120.71843298756356,31.8,65044.0,0.0,0.0,0.0,0.0,285597.0,2.0,0.0,0.0,0.0,835548965.0
1626256.0,43.401037672660124,0.0,121782.0,949.7168045236148,33.67689578291624,-117.77656042636896,39.1,113702.0,0.0,0.0,0.0,0.0,3164063.0,2.0,0.0,0.0,0.0,24453632792.0
191696.0,19.136945701036627,0.0,15874.0,1514.057161459023,37.5589417190648,-120.99849485414198,34.8,79661.0,0.0,0.0,0.0,0.0,552250.0,2.0,0.0,0.0,0.0,2202872383.0
84521.0,31.720564273446563,0.0,8699.0,1677.1310334359375,39.66655443197179,-121.60070084884747,36.3,68574.0,22.0,0.0,22.0,0.0,209470.0,3.0,9480.0,0.0,0.0,910196918.0
8295.0,20.974160076562736,0.0,815.0,1229.681684316719,41.744691086401055,-123.95766040987809,40.8,66780.0,0.0,0.0,0.0,0.0,27293.0,3.0,0.0,0.0,0.0,80463225.0
48246.0,13.919095714061436,0.0,4095.0,1392.1942069005058,36.07496094489133,-119.81583856650784,32.3,68750.0,2.0,0.0,2.0,0.0,152830.0,3.0,800.0,0.0,0.0,526044524.0
31624.0,39.46003256465599,0.0,3701.0,973.7957661243578,39.30167525657132,-120.76952482654217,50.3,84905.0,6.0,0.0,6.0,0.0,102452.0,3.0,2400.0,0.0,0.0,362203703.0
1100730.0,55.865627050350255,0.0,73320.0,1304.0557004984757,37.23243382622572,-121.69583325334833,37.9,159674.0,195.0,1.0,195.0,0.0,1903297.0,3.0,1217120.0,0.0,40000.0,35207172654.0
193989.0,27.883727092389556,0.0,14150.0,3771.2208005395887,36.239504143459484,-121.30662637129737,35.3,94486.0,13.0,0.0,13.0,0.0,435834.0,4.0,14800.0,0.0,0.0,2427403509.0
755968.0,60.12076421243264,0.0,61685.0,231.91378755252734,37.76007116407808,-122.69412210887407,39.7,141446.0,836.0,0.0,836.0,0.0,836321.0,4.0,4727754.0,0.0,0.0,24082205215.0
256863.0,21.572958036625103,0.0,18358.0,1426.6010791666342,37.93443695137347,-121.27165936777493,35.2,88531.0,7.0,0.0,7.0,0.0,787416.0,4.0,3360.0,0.0,0.0,3208291766.0
30753.0,20.20745235030949,0.0,3354.0,608.4148120875715,39.03427456853581,-121.69453434561657,36.4,75450.0,0.0,0.0,0.0,0.0,98971.0,4.0,0.0,0.0,0.0,337270852.0
2735.0,18.04651919323357,0.0,449.0,3207.610843179456,40.64915450943153,-123.11400057250617,54.8,53498.0,6.0,0.0,6.0,0.0,15886.0,4.0,2400.0,0.0,0.0,32268988.0
8810.0,16.482336518844626,0.0,1175.0,1326.9767269702027,39.598476800476945,-122.39201249335272,35.9,70487.0,0.0,0.0,0.0,0.0,28623.0,1.0,0.0,0.0,0.0,88370514.0
4414272.0,35.470992419092156,0.0,486933.0,4749.439484208034,34.196118871519026,-118.2618483994794,37.9,87760.0,0.0,0.0,0.0,0.0,9848406.0,1.0,0.0,0.0,0.0,71695138645.0
49795.0,17.12878493305018,0.0,4225.0,2153.2391289805496,37.21782461616294,-119.76474047044498,34.6,75496.0,0.0,0.0,0.0,0.0,158790.0,1.0,0.0,0.0,0.0,532501216.0
156878.0,15.839490911134213,0.0,10471.0,4838.285667681717,36.220043432758864,-118.80036101709678,31.9,69489.0,0.0,0.0,0.0,0.0,475774.0,1.0,0.0,0.0,0.0,1571418703.0
84636.0,31.720564273446563,0.0,8602.0,1677.1310334359375,39.66655443197179,-121.60070084884747,36.3,68574.0,0.0,0.0,0.0,0.0,209470.0,2.0,0.0,0.0,0.0,877105699.0
57277.0,38.82410175418806,0.0,5506.0,1786.3605240054378,38.778900011875415,-120.5250410581759,46.1,106190.0,0.0,0.0,0.0,0.0,192299.0,2.0,0.0,0.0,0.0,689375473.0
31559.0,39.46003256465599,0.0,3663.0,973.7957661243578,39.30167525657132,-120.76952482654217,50.3,84905.0,0.0,0.0,0.0,0.0,102452.0,2.0,0.0,0.0,0.0,348702297.0
747642.0,22.901440338137302,0.0,59940.0,20105.394817801967,34.842030309075156,-116.17662379678129,34.4,82184.0,0.0,0.0,0.0,0.0,2187816.0,2.0,0.0,0.0,0.0,8566718402.0
104826.0,44.08385081248704,0.0,6760.0,1021.8257443699976,38.6865515088214,-121.90056641872224,32.3,88818.0,0.0,0.0,0.0,0.0,217782.0,2.0,0.0,0.0,0.0,1558871165.0
9885.0,13.212723998971104,0.0,725.0,4720.115276003642,40.67263063026285,-120.59327450404597,37.8,64395.0,0.0,0.0,0.0,0.0,31177.0,3.0,0.0,0.0,0.0,122624335.0
7391.0,34.32124352331606,0.0,644.0,3131.7985116614536,37.93840625683518,-118.88393311930923,40.3,86953.0,2.0,0.0,2.0,0.0,13169.0,3.0,800.0,0.0,0.0,73690547.0
254885.0,21.572958036625103,0.0,18153.0,1426.6010791666342,37.93443695137347,-121.27165936777493,35.2,88531.0,5.0,0.0,5.0,0.0,787416.0,3.0,2560.0,0.0,0.0,2969350754.0
193979.0,19.136945701036627,0.0,15984.0,1514.057161459023,37.5589417190648,-120.99849485414198,34.8,79661.0,6.0,0.0,6.0,0.0,552250.0,3.0,15520.0,0.0,0.0,2385784556.0
839.0,42.10526315789473,0.0,82.0,743.1887428922734,38.59709859657406,-119.82060282887257,41.1,110781.0,0.0,0.0,0.0,0.0,1695.0,4.0,0.0,0.0,0.0,7134319.0
8099.0,20.974160076562736,0.0,807.0,1229.681684316719,41.744691086401055,-123.95766040987809,40.8,66780.0,0.0,0.0,0.0,0.0,27293.0,1.0,0.0,0.0,0.0,81559520.0
46655.0,13.919095714061436,0.0,3974.0,1392.1942069005058,36.07496094489133,-119.81583856650784,32.3,68750.0,0.0,0.0,0.0,0.0,152830.0,1.0,0.0,0.0,0.0,501121508.0
31790.0,24.923685784847603,0.0,4170.0,3878.1544171646246,39.43217732619602,-123.43132735660902,43.9,64688.0,0.0,0.0,0.0,0.0,90709.0,1.0,0.0,0.0,0.0,309092803.0
729273.0,25.084017687934303,0.0,64294.0,7303.023823440713,33.74663050890228,-115.99394024456193,36.7,89672.0,0.0,0.0,0.0,0.0,2449909.0,1.0,0.0,0.0,0.0,8440287525.0
116522.0,39.201400387945306,0.0,10285.0,3615.766363116764,35.38757707614939,-120.4507099023192,40.2,93398.0,0.0,0.0,0.0,0.0,281486.0,1.0,0.0,0.0,0.0,1387047240.0
397262.0,53.071234072167506,0.0,27827.0,740.947837007639,37.435907175553204,-122.3555722224761,40.6,156000.0,0.0,0.0,0.0,0.0,745100.0,1.0,0.0,0.0,0.0,13455350239.0
99320.0,43.55796468303216,0.0,9429.0,607.1604721587531,37.02159018364554,-122.00957031229625,39.6,109266.0,0.0,0.0,0.0,0.0,266021.0,1.0,0.0,0.0,0.0,1282768938.0
595.0,42.10526315789473,0.0,79.0,743.1887428922734,38.59709859657406,-119.82060282887257,41.1,110781.0,0.0,0.0,0.0,0.0,1695.0,2.0,0.0,0.0,0.0,6026573.0
9051.0,16.482336518844626,0.0,1202.0,1326.9767269702027,39.598476800476945,-122.39201249335272,35.9,70487.0,0.0,0.0,0.0,0.0,28623.0,3.0,0.0,0.0,0.0,98137132.0
80911.0,38.517125422897266,0.0,5889.0,792.3014390203438,38.506669323212186,-122.3304828015586,42.8,108970.0,10.0,0.0,10.0,0.0,136070.0,3.0,106220.0,0.0,0.0,1087705174.0
4513127.0,35.470992419092156,0.0,506016.0,4749.439484208034,34.196118871519026,-118.2618483994794,37.9,87760.0,2230.0,2.0,2230.0,0.0,9848406.0,4.0,5445913.0,0.0,100000.0,81304223336.0
170668.0,42.89064398957895,0.0,13524.0,1502.2359474204736,39.063807401803494,-120.71900434919911,42.4,114678.0,4.0,0.0,4.0,0.0,412435.0,4.0,1840.0,0.0,0.0,2479031452.0
386848.0,23.854495908489586,0.0,36915.0,6011.127948199015,36.75853094618111,-119.65342684363189,33.2,71434.0,0.0,0.0,0.0,0.0,1012152.0,1.0,0.0,0.0,0.0,4234083677.0
63910.0,16.100269483279376,0.0,7799.0,4480.599127667921,33.03992461908436,-115.36534775339051,33.0,56393.0,0.0,0.0,0.0,0.0,179319.0,1.0,0.0,0.0,0.0,642373640.0
140921.0,28.367041437079976,0.0,11717.0,906.1440952298753,38.26680192264813,-121.9401797035494,39.1,99994.0,0.0,0.0,0.0,0.0,450824.0,1.0,0.0,0.0,0.0,2292895541.0
17101.0,17.743946050883824,0.0,3213.0,1328.0941710001237,39.09948485335015,-122.75277619233945,44.2,58738.0,0.0,0.0,0.0,0.0,68139.0,2.0,0.0,0.0,0.0,165094260.0
4494170.0,35.470992419092156,0.0,503318.0,4749.439484208034,34.196118871519026,-118.2618483994794,37.9,87760.0,0.0,2.0,0.0,0.0,9848406.0,2.0,0.0,0.0,96100.0,71496916207.0
10293.0,14.523979957050823,0.0,881.0,1156.353491058561,39.177506529661116,-122.23673277297777,35.7,75149.0,0.0,0.0,0.0,0.0,21895.0,3.0,0.0,0.0,0.0,113247186.0
50806.0,32.085138242686774,0.0,5950.0,4052.255054743655,40.70277291928399,-123.91630205492689,39.6,61135.0,27.0,0.0,27.0,0.0,135418.0,3.0,13280.0,0.0,0.0,525508252.0
48905.0,13.919095714061436,0.0,4314.0,1392.1942069005058,36.07496094489133,-119.81583856650784,32.3,68750.0,1.0,0.0,1.0,0.0,152830.0,3.0,400.0,0.0,0.0,552787148.0
16971.0,17.743946050883824,0.0,3248.0,1328.0941710001237,39.09948485335015,-122.75277619233945,44.2,58738.0,1.0,0.0,1.0,0.0,68139.0,3.0,400.0,0.0,0.0,168299501.0
17985.0,23.944468298268212,0.0,1686.0,2274.45156123147,38.02764357742436,-119.95493812698564,48.8,72259.0,2.0,0.0,2.0,0.0,54873.0,3.0,9600.0,0.0,0.0,203457788.0
801015.0,51.46936470398402,0.0,66631.0,821.2085166728324,37.65058029746707,-121.91780145156679,38.7,126240.0,431.0,0.0,431.0,0.0,1651949.0,4.0,609720.0,0.0,0.0,16397274444.0
51862.0,32.085138242686774,0.0,6029.0,4052.255054743655,40.70277291928399,-123.91630205492689,39.6,61135.0,55.0,0.0,55.0,0.0,135418.0,4.0,27920.0,0.0,0.0,570003436.0
795926.0,22.901440338137302,0.0,63807.0,20105.394817801967,34.842030309075156,-116.17662379678129,34.4,82184.0,108.0,0.0,108.0,0.0,2187816.0,4.0,1055480.0,0.0,0.0,10123697631.0
19429.0,18.843192237503896,0.0,2048.0,2962.174856842099,40.126040061066114,-122.2344962648283,40.1,61834.0,1.0,0.0,1.0,0.0,65520.0,4.0,400.0,0.0,0.0,231967583.0
49926.0,32.085138242686774,0.0,5747.0,4052.255054743655,40.70277291928399,-123.91630205492689,39.6,61135.0,0.0,0.0,0.0,0.0,135418.0,1.0,0.0,0.0,0.0,509329116.0
9784.0,22.185801535272034,0.0,1341.0,1036.9263699809671,38.204458658099185,-120.5546675464701,52.0,79877.0,0.0,0.0,0.0,0.0,45995.0,2.0,0.0,0.0,0.0,102153592.0
403228.0,23.854495908489586,0.0,37288.0,6011.127948199015,36.75853094618111,-119.65342684363189,33.2,71434.0,0.0,0.0,0.0,0.0,1012152.0,2.0,0.0,0.0,0.0,4584728823.0
18930.0,18.843192237503896,0.0,1970.0,2962.174856842099,40.126040061066114,-122.2344962648283,40.1,61834.0,0.0,0.0,0.0,0.0,65520.0,2.0,0.0,0.0,0.0,210382187.0
6048.0,30.861708482676224,0.0,545.0,1462.8245424186043,37.58147179588342,-119.90594238514464,51.6,65378.0,0.0,0.0,0.0,0.0,17060.0,3.0,0.0,0.0,0.0,63335145.0
82764.0,14.780215294542995,0.0,6791.0,1978.6519681682591,37.1916854374536,-120.71843298756356,31.8,65044.0,0.0,0.0,0.0,0.0,285597.0,3.0,0.0,0.0,0.0,916378762.0
755783.0,25.084017687934303,0.0,68588.0,7303.023823440713,33.74663050890228,-115.99394024456193,36.7,89672.0,50.0,0.0,50.0,0.0,2449909.0,3.0,57280.0,0.0,0.0,8648619470.0
167491.0,15.839490911134213,0.0,11467.0,4838.285667681717,36.220043432758864,-118.80036101709678,31.9,69489.0,7.0,0.0,7.0,0.0,475774.0,3.0,32800.0,0.0,0.0,1714599223.0
109058.0,44.08385081248704,0.0,7039.0,1021.8257443699976,38.6865515088214,-121.90056641872224,32.3,88818.0,7.0,0.0,7.0,0.0,217782.0,3.0,27040.0,0.0,0.0,1697735211.0
206645.0,35.869939954606835,0.0,15905.0,3787.6908512866726,34.53743979389637,-120.0302768485835,34.5,95977.0,47.0,0.0,47.0,0.0,443975.0,4.0,44716.0,0.0,0.0,3092016094.0
57036.0,38.82410175418806,0.0,5519.0,1786.3605240054378,38.778900011875415,-120.5250410581759,46.1,106190.0,0.0,0.0,0.0,0.0,192299.0,1.0,0.0,0.0,0.0,716407913.0
9093.0,16.482336518844626,0.0,1208.0,1326.9767269702027,39.598476800476945,-122.39201249335272,35.9,70487.0,0.0,0.0,0.0,0.0,28623.0,1.0,0.0,0.0,0.0,94137163.0
47661.0,13.919095714061436,0.0,4167.0,1392.1942069005058,36.07496094489133,-119.81583856650784,32.3,68750.0,0.0,0.0,0.0,0.0,152830.0,1.0,0.0,0.0,0.0,529384964.0
406907.0,53.071234072167506,0.0,28365.0,740.947837007639,37.435907175553204,-122.3555722224761,40.6,156000.0,0.0,0.0,0.0,0.0,745100.0,1.0,0.0,0.0,0.0,13992300951.0
158198.0,15.839490911134213,0.0,11125.0,4838.285667681717,36.220043432758864,-118.80036101709678,31.9,69489.0,0.0,0.0,0.0,0.0,475774.0,1.0,0.0,0.0,0.0,1632093300.0
17265.0,23.944468298268212,0.0,1653.0,2274.45156123147,38.02764357742436,-119.95493812698564,48.8,72259.0,0.0,0.0,0.0,0.0,54873.0,1.0,0.0,0.0,0.0,193497272.0
699.0,42.10526315789473,0.0,82.0,743.1887428922734,38.59709859657406,-119.82060282887257,41.1,110781.0,0.0,0.0,0.0,0.0,1695.0,2.0,0.0,0.0,0.0,6643547.0
7379.0,34.32124352331606,0.0,660.0,3131.7985116614536,37.93840625683518,-118.88393311930923,40.3,86953.0,0.0,0.0,0.0,0.0,13169.0,2.0,0.0,0.0,0.0,70466756.0
80725.0,38.517125422897266,0.0,5899.0,792.3014390203438,38.506669323212186,-122.3304828015586,42.8,108970.0,0.0,1.0,0.0,0.0,136070.0,2.0,0.0,0.0,120000.0,1139140194.0
8233.0,20.974160076562736,0.0,833.0,1229.681684316719,41.744691086401055,-123.95766040987809,40.8,66780.0,0.0,0.0,0.0,0.0,27293.0,3.0,0.0,0.0,0.0,82623023.0
61232.0,16.100269483279376,0.0,7962.0,4480.599127667921,33.03992461908436,-115.36534775339051,33.0,56393.0,1.0,0.0,1.0,0.0,179319.0,3.0,400.0,0.0,0.0,651481160.0
679063.0,33.28378226721884,0.0,61534.0,994.3623322860957,38.449053680297055,-121.34451586989564,37.2,88724.0,133.0,0.0,133.0,0.0,1584047.0,3.0,194580.0,0.0,0.0,10424313698.0
68680.0,23.266685790040857,0.0,7374.0,3847.3961177642345,40.76364876697064,-122.04134718043841,41.7,71931.0,5.0,0.0,5.0,0.0,181554.0,4.0,4956.0,0.0,0.0,831139541.0
14124.0,23.083615573439392,0.0,1787.0,6347.938252495964,41.59330971236391,-122.54039224371505,47.4,55499.0,1.0,0.0,1.0,0.0,43834.0,4.0,400.0,0.0,0.0,153756465.0
31941.0,20.20745235030949,0.0,3450.0,608.4148120875715,39.03427456853581,-121.69453434561657,36.4,75450.0,0.0,0.0,0.0,0.0,98971.0,4.0,0.0,0.0,0.0,367524537.0
8039.0,34.32124352331606,0.0,655.0,3131.7985116614536,37.93840625683518,-118.88393311930923,40.3,86953.0,0.0,0.0,0.0,0.0,13169.0,1.0,0.0,0.0,0.0,79168761.0
49385.0,13.919095714061436,0.0,4227.0,1392.1942069005058,36.07496094489133,-119.81583856650784,32.3,68750.0,0.0,0.0,0.0,0.0,152830.0,2.0,0.0,0.0,0.0,543497417.0
2701.0,23.004038521279902,0.0,383.0,4203.255762874587,41.58965368270825,-120.72501437875414,49.0,56648.0,0.0,0.0,0.0,0.0,8646.0,2.0,0.0,0.0,0.0,25151752.0
413768.0,53.071234072167506,0.0,28582.0,740.947837007639,37.435907175553204,-122.3555722224761,40.6,156000.0,0.0,0.0,0.0,0.0,745100.0,2.0,0.0,0.0,0.0,12750520250.0
108248.0,43.55796468303216,0.0,9568.0,607.1604721587531,37.02159018364554,-122.00957031229625,39.6,109266.0,0.0,0.0,0.0,0.0,266021.0,2.0,0.0,0.0,0.0,1425726003.0
14111.0,23.083615573439392,0.0,1751.0,6347.938252495964,41.59330971236391,-122.54039224371505,47.4,55499.0,0.0,0.0,0.0,0.0,43834.0,2.0,0.0,0.0,0.0,145092489.0
107794.0,44.08385081248704,0.0,6912.0,1021.8257443699976,38.6865515088214,-121.90056641872224,32.3,88818.0,0.0,0.0,0.0,0.0,217782.0,2.0,0.0,0.0,0.0,1646956075.0
58401.0,38.82410175418806,0.0,5657.0,1786.3605240054378,38.778900011875415,-120.5250410581759,46.1,106190.0,23.0,0.0,23.0,0.0,192299.0,3.0,105200.0,0.0,0.0,734220115.0
32154.0,39.46003256465599,0.0,3768.0,973.7957661243578,39.30167525657132,-120.76952482654217,50.3,84905.0,1.0,0.0,1.0,0.0,102452.0,3.0,400.0,0.0,0.0,379289265.0
327859.0,35.66576039958768,0.0,27925.0,2206.558936270178,34.355871204221266,-119.12654460816057,39.4,107327.0,32.0,0.0,32.0,0.0,838259.0,3.0,36960.0,0.0,0.0,4528736305.0
9738.0,16.482336518844626,0.0,1243.0,1326.9767269702027,39.598476800476945,-122.39201249335272,35.9,70487.0,0.0,0.0,0.0,0.0,28623.0,4.0,0.0,0.0,0.0,115869510.0
64007.0,16.100269483279376,0.0,8100.0,4480.599127667921,33.03992461908436,-115.36534775339051,33.0,56393.0,4.0,0.0,4.0,0.0,179319.0,4.0,1600.0,0.0,0.0,690578620.0
339557.0,18.573575991839803,0.0,21512.0,8164.9173784182485,35.34353506527538,-118.72903973163824,32.4,67660.0,20.0,0.0,20.0,0.0,910433.0,4.0,40480.0,0.0,0.0,4266947972.0
79299.0,38.517125422897266,0.0,5963.0,792.3014390203438,38.506669323212186,-122.3304828015586,42.8,108970.0,42.0,0.0,42.0,0.0,136070.0,4.0,17840.0,0.0,0.0,1225186235.0
1141.0,42.10526315789473,0.0,84.0,743.1887428922734,38.59709859657406,-119.82060282887257,41.1,110781.0,0.0,0.0,0.0,0.0,1695.0,1.0,0.0,0.0,0.0,9898462.0
12079.0,22.443391582574453,0.0,1157.0,605.9503896179209,38.44659889460041,-120.65166651032878,49.9,81526.0,0.0,0.0,0.0,0.0,41029.0,1.0,0.0,0.0,0.0,138190092.0
5109.0,30.861708482676224,0.0,532.0,1462.8245424186043,37.58147179588342,-119.90594238514464,51.6,65378.0,0.0,0.0,0.0,0.0,17060.0,1.0,0.0,0.0,0.0,51464350.0
6707.0,20.46291425565492,0.0,907.0,2613.444068237541,40.00465046431037,-120.83794094599376,52.1,64946.0,0.0,0.0,0.0,0.0,19607.0,2.0,0.0,0.0,0.0,72791650.0
18308.0,17.8964071177604,0.0,1686.0,644.0076123533381,39.268749718550964,-121.35179088199844,33.9,73313.0,0.0,0.0,0.0,0.0,83079.0,2.0,0.0,0.0,0.0,239261740.0
791843.0,51.46936470398402,0.0,65745.0,821.2085166728324,37.65058029746707,-121.91780145156679,38.7,126240.0,284.0,1.0,284.0,0.0,1651949.0,3.0,2657982.0,0.0,15000.0,15354211706.0
9678.0,16.482336518844626,0.0,1240.0,1326.9767269702027,39.598476800476945,-122.39201249335272,35.9,70487.0,1.0,0.0,1.0,0.0,28623.0,3.0,6400.0,0.0,0.0,104173085.0
51850.0,17.12878493305018,0.0,4557.0,2153.2391289805496,37.21782461616294,-119.76474047044498,34.6,75496.0,4.0,0.0,4.0,0.0,158790.0,3.0,19600.0,0.0,0.0,584399375.0
173196.0,42.89064398957895,0.0,13737.0,1502.2359474204736,39.063807401803494,-120.71900434919911,42.4,114678.0,26.0,0.0,26.0,0.0,412435.0,3.0,16400.0,0.0,0.0,2480203027.0
7125.0,20.46291425565492,0.0,920.0,2613.444068237541,40.00465046431037,-120.83794094599376,52.1,64946.0,5.0,0.0,5.0,0.0,19607.0,3.0,2000.0,0.0,0.0,78049947.0
372558.0,44.91015896659383,0.0,34223.0,803.9099721779048,37.92353933794917,-121.95094420575256,40.3,125727.0,15.0,0.0,15.0,0.0,1161458.0,4.0,19160.0,0.0,0.0,6838596906.0
32621.0,24.923685784847603,0.0,4321.0,3878.1544171646246,39.43217732619602,-123.43132735660902,43.9,64688.0,7.0,0.0,7.0,0.0,90709.0,4.0,2560.0,0.0,0.0,353444957.0
7249.0,34.32124352331606,0.0,679.0,3131.7985116614536,37.93840625683518,-118.88393311930923,40.3,86953.0,0.0,0.0,0.0,0.0,13169.0,4.0,0.0,0.0,0.0,76990427.0
174255.0,42.89064398957895,0.0,13986.0,1502.2359474204736,39.063807401803494,-120.71900434919911,42.4,114678.0,11.0,0.0,11.0,0.0,412435.0,4.0,4880.0,0.0,0.0,2671518576.0
263213.0,21.572958036625103,0.0,18711.0,1426.6010791666342,37.93443695137347,-121.27165936777493,35.2,88531.0,11.0,0.0,11.0,0.0,787416.0,4.0,7200.0,0.0,0.0,3400852994.0
567.0,24.404761904761905,0.0,132.0,962.1642285745723,39.580682227053714,-120.51601083545448,56.0,60000.0,0.0,0.0,0.0,0.0,2731.0,4.0,0.0,0.0,0.0,6213918.0
9798.0,13.212723998971104,0.0,718.0,4720.115276003642,40.67263063026285,-120.59327450404597,37.8,64395.0,0.0,0.0,0.0,0.0,31177.0,1.0,0.0,0.0,0.0,114919039.0
1633693.0,43.401037672660124,0.0,123039.0,949.7168045236148,33.67689578291624,-117.77656042636896,39.1,113702.0,0.0,1.0,0.0,0.0,3164063.0,1.0,0.0,0.0,60000.0,27359989830.0
16223.0,22.386651323360184,0.0,1603.0,1390.4738481890568,36.605527397901405,-121.07407728623134,35.9,108289.0,0.0,0.0,0.0,0.0,66056.0,1.0,0.0,0.0,0.0,203460926.0
1103854.0,55.865627050350255,0.0,73258.0,1304.0557004984757,37.23243382622572,-121.69583325334833,37.9,159674.0,0.0,0.0,0.0,0.0,1903297.0,1.0,0.0,0.0,0.0,39519689514.0
485.0,24.404761904761905,0.0,129.0,962.1642285745723,39.580682227053714,-120.51601083545448,56.0,60000.0,0.0,0.0,0.0,0.0,2731.0,1.0,0.0,0.0,0.0,4227212.0
7714.0,31.819817226739584,0.0,738.0,10227.099456702994,36.51016223187202,-117.40560074502446,45.6,72432.0,0.0,0.0,0.0,0.0,18803.0,2.0,0.0,0.0,0.0,85398062.0
338587.0,18.573575991839803,0.0,21147.0,8164.9173784182485,35.34353506527538,-118.72903973163824,32.4,67660.0,13.0,0.0,13.0,0.0,910433.0,3.0,44400.0,0.0,0.0,3991127671.0
2736.0,23.004038521279902,0.0,392.0,4203.255762874587,41.58965368270825,-120.72501437875414,49.0,56648.0,0.0,0.0,0.0,0.0,8646.0,3.0,0.0,0.0,0.0,28409175.0
259374.0,21.572958036625103,0.0,18546.0,1426.6010791666342,37.93443695137347,-121.27165936777493,35.2,88531.0,10.0,0.0,10.0,0.0,787416.0,3.0,4600.0,0.0,0.0,3158238351.0
118900.0,39.201400387945306,0.0,10604.0,3615.766363116764,35.38757707614939,-120.4507099023192,40.2,93398.0,31.0,0.0,31.0,0.0,281486.0,3.0,126400.0,0.0,0.0,1462797240.0
110573.0,43.55796468303216,0.0,9682.0,607.1604721587531,37.02159018364554,-122.00957031229625,39.6,109266.0,59.0,0.0,59.0,0.0,266021.0,3.0,28520.0,0.0,0.0,1424117573.0
14250.0,23.083615573439392,0.0,1771.0,6347.938252495964,41.59330971236391,-122.54039224371505,47.4,55499.0,0.0,0.0,0.0,0.0,43834.0,3.0,0.0,0.0,0.0,150788726.0
196467.0,19.136945701036627,0.0,16307.0,1514.057161459023,37.5589417190648,-120.99849485414198,34.8,79661.0,3.0,0.0,3.0,0.0,552250.0,3.0,1200.0,0.0,0.0,2420374695.0
16527.0,17.743946050883824,0.0,3260.0,1328.0941710001237,39.09948485335015,-122.75277619233945,44.2,58738.0,3.0,0.0,3.0,0.0,68139.0,4.0,1760.0,0.0,0.0,172535907.0
144312.0,28.367041437079976,0.0,11940.0,906.1440952298753,38.26680192264813,-121.9401797035494,39.1,99994.0,1.0,0.0,1.0,0.0,450824.0,4.0,400.0,0.0,0.0,2245330342.0
7474.0,31.819817226739584,0.0,731.0,10227.099456702994,36.51016223187202,-117.40560074502446,45.6,72432.0,0.0,0.0,0.0,0.0,18803.0,1.0,0.0,0.0,0.0,84059841.0
32245.0,39.46003256465599,0.0,3679.0,973.7957661243578,39.30167525657132,-120.76952482654217,50.3,84905.0,0.0,0.0,0.0,0.0,102452.0,1.0,0.0,0.0,0.0,356417267.0
64601.0,16.100269483279376,0.0,7850.0,4480.599127667921,33.03992461908436,-115.36534775339051,33.0,56393.0,0.0,0.0,0.0,0.0,179319.0,2.0,0.0,0.0,0.0,658073852.0
1487425.0,42.08987125049854,0.0,113837.0,4525.7279337106775,33.02819299849969,-116.76989830322081,37.1,102285.0,0.0,0.0,0.0,0.0,3282782.0,2.0,0.0,0.0,0.0,22897429754.0
758335.0,60.12076421243264,0.0,61118.0,231.91378755252734,37.76007116407808,-122.69412210887407,39.7,141446.0,0.0,0.0,0.0,0.0,836321.0,2.0,0.0,0.0,0.0,23977925365.0
121800.0,39.201400387945306,0.0,10490.0,3615.766363116764,35.38757707614939,-120.4507099023192,40.2,93398.0,0.0,0.0,0.0,0.0,281486.0,2.0,0.0,0.0,0.0,1503884584.0
143954.0,28.367041437079976,0.0,11761.0,906.1440952298753,38.26680192264813,-121.9401797035494,39.1,99994.0,0.0,0.0,0.0,0.0,450824.0,2.0,0.0,0.0,0.0,2179394784.0
602.0,42.10526315789473,0.0,84.0,743.1887428922734,38.59709859657406,-119.82060282887257,41.1,110781.0,0.0,0.0,0.0,0.0,1695.0,3.0,0.0,0.0,0.0,7040104.0
367666.0,44.91015896659383,0.0,33626.0,803.9099721779048,37.92353933794917,-121.95094420575256,40.3,125727.0,45.0,0.0,45.0,0.0,1161458.0,3.0,148320.0,0.0,0.0,6261372849.0
763302.0,60.12076421243264,0.0,61650.0,231.91378755252734,37.76007116407808,-122.69412210887407,39.7,141446.0,353.0,1.0,353.0,0.0,836321.0,3.0,495354.0,0.0,225000.0,22578197569.0
779512.0,25.084017687934303,0.0,70000.0,7303.023823440713,33.74663050890228,-115.99394024456193,36.7,89672.0,137.0,0.0,137.0,0.0,2449909.0,4.0,2193558.0,0.0,0.0,9289276869.0
213527.0,37.8469385158651,0.0,20551.0,1767.3423561904444,38.525248521353824,-122.92188038526332,42.7,102840.0,67.0,0.0,67.0,0.0,485642.0,4.0,47720.0,0.0,0.0,3332282587.0
334404.0,35.66576039958768,0.0,28305.0,2206.558936270178,34.355871204221266,-119.12654460816057,39.4,107327.0,37.0,0.0,37.0,0.0,838259.0,4.0,28240.0,0.0,0.0,5064227781.0
19829.0,17.8964071177604,0.0,1706.0,644.0076123533381,39.268749718550964,-121.35179088199844,33.9,73313.0,11.0,0.0,11.0,0.0,83079.0,4.0,70400.0,0.0,0.0,269902410.0
50276.0,17.12878493305018,0.0,4439.0,2153.2391289805496,37.21782461616294,-119.76474047044498,34.6,75496.0,0.0,0.0,0.0,0.0,158790.0,1.0,0.0,0.0,0.0,548598798.0
174892.0,27.883727092389556,0.0,14027.0,3771.2208005395887,36.239504143459484,-121.30662637129737,35.3,94486.0,0.0,0.0,0.0,0.0,435834.0,1.0,0.0,0.0,0.0,2149465389.0
761671.0,22.901440338137302,0.0,61354.0,20105.394817801967,34.842030309075156,-116.17662379678129,34.4,82184.0,0.0,0.0,0.0,0.0,2187816.0,1.0,0.0,0.0,0.0,9232029074.0
747373.0,60.12076421243264,0.0,60745.0,231.91378755252734,37.76007116407808,-122.69412210887407,39.7,141446.0,0.0,0.0,0.0,0.0,836321.0,1.0,0.0,0.0,0.0,26853683581.0
195274.0,35.869939954606835,0.0,15427.0,3787.6908512866726,34.53743979389637,-120.0302768485835,34.5,95977.0,0.0,0.0,0.0,0.0,443975.0,1.0,0.0,0.0,0.0,2669698881.0
82221.0,31.720564273446563,0.0,8497.0,1677.1310334359375,39.66655443197179,-121.60070084884747,36.3,68574.0,0.0,0.0,0.0,0.0,209470.0,2.0,0.0,0.0,0.0,900658252.0
9828.0,14.523979957050823,0.0,869.0,1156.353491058561,39.177506529661116,-122.23673277297777,35.7,75149.0,0.0,0.0,0.0,0.0,21895.0,2.0,0.0,0.0,0.0,102965200.0
8300.0,20.974160076562736,0.0,816.0,1229.681684316719,41.744691086401055,-123.95766040987809,40.8,66780.0,0.0,0.0,0.0,0.0,27293.0,2.0,0.0,0.0,0.0,81490345.0
51300.0,32.085138242686774,0.0,5891.0,4052.255054743655,40.70277291928399,-123.91630205492689,39.6,61135.0,0.0,0.0,0.0,0.0,135418.0,2.0,0.0,0.0,0.0,524638183.0
330893.0,18.573575991839803,0.0,20689.0,8164.9173784182485,35.34353506527538,-118.72903973163824,32.4,67660.0,0.0,1.0,0.0,0.0,910433.0,2.0,0.0,0.0,25000.0,3914133156.0
9817.0,13.212723998971104,0.0,729.0,4720.115276003642,40.67263063026285,-120.59327450404597,37.8,64395.0,0.0,0.0,0.0,0.0,31177.0,2.0,0.0,0.0,0.0,116705550.0
5681.0,30.861708482676224,0.0,538.0,1462.8245424186043,37.58147179588342,-119.90594238514464,51.6,65378.0,0.0,0.0,0.0,0.0,17060.0,2.0,0.0,0.0,0.0,57188225.0
17663.0,22.386651323360184,0.0,1631.0,1390.4738481890568,36.605527397901405,-121.07407728623134,35.9,108289.0,0.0,0.0,0.0,0.0,66056.0,2.0,0.0,0.0,0.0,225034149.0
10087.0,22.185801535272034,0.0,1354.0,1036.9263699809671,38.204458658099185,-120.5546675464701,52.0,79877.0,5.0,0.0,5.0,0.0,45995.0,3.0,32000.0,0.0,0.0,103512421.0
7558.0,34.32124352331606,0.0,662.0,3131.7985116614536,37.93840625683518,-118.88393311930923,40.3,86953.0,0.0,0.0,0.0,0.0,13169.0,3.0,0.0,0.0,0.0,79322485.0
18971.0,18.843192237503896,0.0,2013.0,2962.174856842099,40.126040061066114,-122.2344962648283,40.1,61834.0,2.0,0.0,2.0,0.0,65520.0,3.0,800.0,0.0,0.0,208313292.0
1510316.0,42.08987125049854,0.0,117392.0,4525.7279337106775,33.02819299849969,-116.76989830322081,37.1,102285.0,716.0,0.0,716.0,0.0,3282782.0,4.0,1577941.0,0.0,0.0,25757933508.0
194879.0,19.136945701036627,0.0,16485.0,1514.057161459023,37.5589417190648,-120.99849485414198,34.8,79661.0,8.0,0.0,8.0,0.0,552250.0,4.0,10320.0,0.0,0.0,2510161640.0
165820.0,15.839490911134213,0.0,11614.0,4838.285667681717,36.220043432758864,-118.80036101709678,31.9,69489.0,5.0,0.0,5.0,0.0,475774.0,4.0,3620.0,0.0,0.0,1829953677.0
8058.0,20.974160076562736,0.0,812.0,1229.681684316719,41.744691086401055,-123.95766040987809,40.8,66780.0,0.0,0.0,0.0,0.0,27293.0,1.0,0.0,0.0,0.0,83537070.0
2322.0,23.004038521279902,0.0,380.0,4203.255762874587,41.58965368270825,-120.72501437875414,49.0,56648.0,0.0,0.0,0.0,0.0,8646.0,1.0,0.0,0.0,0.0,22023239.0
751147.0,25.084017687934303,0.0,67045.0,7303.023823440713,33.74663050890228,-115.99394024456193,36.7,89672.0,0.0,0.0,0.0,0.0,2449909.0,1.0,0.0,0.0,0.0,9025855642.0
65770.0,23.266685790040857,0.0,7132.0,3847.3961177642345,40.76364876697064,-122.04134718043841,41.7,71931.0,0.0,0.0,0.0,0.0,181554.0,1.0,0.0,0.0,0.0,722577890.0
12351.0,22.443391582574453,0.0,1158.0,605.9503896179209,38.44659889460041,-120.65166651032878,49.9,81526.0,0.0,0.0,0.0,0.0,41029.0,2.0,0.0,0.0,0.0,138907666.0
67980.0,23.266685790040857,0.0,7188.0,3847.3961177642345,40.76364876697064,-122.04134718043841,41.7,71931.0,0.0,0.0,0.0,0.0,181554.0,2.0,0.0,0.0,0.0,744646015.0
32812.0,20.20745235030949,0.0,3352.0,608.4148120875715,39.03427456853581,-121.69453434561657,36.4,75450.0,0.0,0.0,0.0,0.0,98971.0,2.0,0.0,0.0,0.0,349596284.0
213861.0,27.883727092389556,0.0,14240.0,3771.2208005395887,36.239504143459484,-121.30662637129737,35.3,94486.0,21.0,0.0,21.0,0.0,435834.0,3.0,94320.0,0.0,0.0,2602676343.0
83496.0,31.720564273446563,0.0,8601.0,1677.1310334359375,39.66655443197179,-121.60070084884747,36.3,68574.0,34.0,0.0,34.0,0.0,209470.0,4.0,25680.0,0.0,0.0,982638916.0
196664.0,27.883727092389556,0.0,14412.0,3771.2208005395887,36.239504143459484,-121.30662637129737,35.3,94486.0,20.0,0.0,20.0,0.0,435834.0,4.0,14960.0,0.0,0.0,2561617945.0
1671081.0,43.401037672660124,0.0,129152.0,949.7168045236148,33.67689578291624,-117.77656042636896,39.1,113702.0,484.0,0.0,484.0,0.0,3164063.0,4.0,1018536.0,0.0,0.0,28147391201.0
774090.0,60.12076421243264,0.0,62356.0,231.91378755252734,37.76007116407808,-122.69412210887407,39.7,141446.0,931.0,0.0,931.0,0.0,836321.0,4.0,6055522.0,0.0,0.0,25349847954.0
106328.0,43.55796468303216,0.0,9811.0,607.1604721587531,37.02159018364554,-122.00957031229625,39.6,109266.0,114.0,0.0,114.0,0.0,266021.0,4.0,56640.0,0.0,0.0,1715294544.0
317804.0,18.573575991839803,0.0,20277.0,8164.9173784182485,35.34353506527538,-118.72903973163824,32.4,67660.0,0.0,0.0,0.0,0.0,910433.0,1.0,0.0,0.0,0.0,3867270449.0
17916.0,17.8964071177604,0.0,1686.0,644.0076123533381,39.268749718550964,-121.35179088199844,33.9,73313.0,0.0,0.0,0.0,0.0,83079.0,1.0,0.0,0.0,0.0,232087700.0
9538.0,16.482336518844626,0.0,1232.0,1326.9767269702027,39.598476800476945,-122.39201249335272,35.9,70487.0,0.0,0.0,0.0,0.0,28623.0,2.0,0.0,0.0,0.0,99374100.0
81327.0,14.780215294542995,0.0,6725.0,1978.6519681682591,37.1916854374536,-120.71843298756356,31.8,65044.0,0.0,0.0,0.0,0.0,285597.0,2.0,0.0,0.0,0.0,886622452.0
211415.0,37.8469385158651,0.0,20301.0,1767.3423561904444,38.525248521353824,-122.92188038526332,42.7,102840.0,0.0,0.0,0.0,0.0,485642.0,2.0,0.0,0.0,0.0,2939474080.0
169774.0,15.839490911134213,0.0,11249.0,4838.285667681717,36.220043432758864,-118.80036101709678,31.9,69489.0,0.0,0.0,0.0,0.0,475774.0,2.0,0.0,0.0,0.0,1724452806.0
81532.0,31.720564273446563,0.0,8556.0,1677.1310334359375,39.66655443197179,-121.60070084884747,36.3,68574.0,8.0,0.0,8.0,0.0,209470.0,3.0,4880.0,0.0,0.0,917826493.0
7896.0,31.819817226739584,0.0,746.0,10227.099456702994,36.51016223187202,-117.40560074502446,45.6,72432.0,0.0,0.0,0.0,0.0,18803.0,3.0,0.0,0.0,0.0,88138019.0
212490.0,37.8469385158651,0.0,20436.0,1767.3423561904444,38.525248521353824,-122.92188038526332,42.7,102840.0,54.0,0.0,54.0,0.0,485642.0,3.0,31560.0,0.0,0.0,3009200011.0
58401.0,38.82410175418806,0.0,5739.0,1786.3605240054378,38.778900011875415,-120.5250410581759,46.1,106190.0,37.0,1.0,37.0,0.0,192299.0,4.0,62800.0,0.0,60000.0,801941108.0
10562.0,13.212723998971104,0.0,750.0,4720.115276003642,40.67263063026285,-120.59327450404597,37.8,64395.0,0.0,0.0,0.0,0.0,31177.0,4.0,0.0,0.0,0.0,127701375.0
120399.0,39.201400387945306,0.0,10724.0,3615.766363116764,35.38757707614939,-120.4507099023192,40.2,93398.0,20.0,0.0,20.0,0.0,281486.0,4.0,49520.0,0.0,0.0,1646055107.0
1136823.0,55.865627050350255,0.0,75966.0,1304.0557004984757,37.23243382622572,-121.69583325334833,37.9,159674.0,124.0,0.0,124.0,0.0,1903297.0,4.0,494160.0,0.0,0.0,41766090201.0
107575.0,44.08385081248704,0.0,7137.0,1021.8257443699976,38.6865515088214,-121.90056641872224,32.3,88818.0,10.0,0.0,10.0,0.0,217782.0,4.0,4000.0,0.0,0.0,1727227866.0
8341.0,14.523979957050823,0.0,866.0,1156.353491058561,39.177506529661116,-122.23673277297777,35.7,75149.0,0.0,0.0,0.0,0.0,21895.0,1.0,0.0,0.0,0.0,86603057.0
671014.0,33.28378226721884,0.0,60040.0,994.3623322860957,38.449053680297055,-121.34451586989564,37.2,88724.0,0.0,0.0,0.0,0.0,1584047.0,1.0,0.0,0.0,0.0,10547746559.0
13179.0,23.083615573439392,0.0,1753.0,6347.938252495964,41.59330971236391,-122.54039224371505,47.4,55499.0,0.0,0.0,0.0,0.0,43834.0,1.0,0.0,0.0,0.0,133899627.0
793338.0,51.46936470398402,0.0,64940.0,821.2085166728324,37.65058029746707,-121.91780145156679,38.7,126240.0,0.0,0.0,0.0,0.0,1651949.0,2.0,0.0,0.0,0.0,15453689483.0
51564.0,17.12878493305018,0.0,4489.0,2153.2391289805496,37.21782461616294,-119.76474047044498,34.6,75496.0,0.0,0.0,0.0,0.0,158790.0,2.0,0.0,0.0,0.0,561387648.0
207240.0,27.883727092389556,0.0,14109.0,3771.2208005395887,36.239504143459484,-121.30662637129737,35.3,94486.0,0.0,0.0,0.0,0.0,435834.0,2.0,0.0,0.0,0.0,2496092390.0
335191.0,35.66576039958768,0.0,27648.0,2206.558936270178,34.355871204221266,-119.12654460816057,39.4,107327.0,0.0,0.0,0.0,0.0,838259.0,2.0,0.0,0.0,0.0,4651191695.0
9867.0,13.212723998971104,0.0,737.0,4720.115276003642,40.67263063026285,-120.59327450404597,37.8,64395.0,0.0,0.0,0.0,0.0,31177.0,3.0,0.0,0.0,0.0,121967514.0
32555.0,24.923685784847603,0.0,4297.0,3878.1544171646246,39.43217732619602,-123.43132735660902,43.9,64688.0,30.0,0.0,30.0,0.0,90709.0,3.0,12000.0,0.0,0.0,342740562.0
18049.0,22.386651323360184,0.0,1649.0,1390.4738481890568,36.605527397901405,-121.07407728623134,35.9,108289.0,0.0,0.0,0.0,0.0,66056.0,3.0,0.0,0.0,0.0,224604923.0
419827.0,53.071234072167506,0.0,28957.0,740.947837007639,37.435907175553204,-122.3555722224761,40.6,156000.0,18.0,0.0,18.0,0.0,745100.0,3.0,8640.0,0.0,0.0,12886726151.0
67645.0,23.266685790040857,0.0,7268.0,3847.3961177642345,40.76364876697064,-122.04134718043841,41.7,71931.0,3.0,0.0,3.0,0.0,181554.0,3.0,1200.0,0.0,0.0,775391233.0
18202.0,17.8964071177604,0.0,1698.0,644.0076123533381,39.268749718550964,-121.35179088199844,33.9,73313.0,4.0,0.0,4.0,0.0,83079.0,3.0,25600.0,0.0,0.0,245858211.0
608.0,42.10526315789473,0.0,84.0,743.1887428922734,38.59709859657406,-119.82060282887257,41.1,110781.0,0.0,0.0,0.0,0.0,1695.0,4.0,0.0,0.0,0.0,7172930.0
9303.0,22.185801535272034,0.0,1333.0,1036.9263699809671,38.204458658099185,-120.5546675464701,52.0,79877.0,0.0,0.0,0.0,0.0,45995.0,1.0,0.0,0.0,0.0,91280734.0
5799.0,20.46291425565492,0.0,885.0,2613.444068237541,40.00465046431037,-120.83794094599376,52.1,64946.0,0.0,0.0,0.0,0.0,19607.0,1.0,0.0,0.0,0.0,63071635.0
250863.0,21.572958036625103,0.0,18230.0,1426.6010791666342,37.93443695137347,-121.27165936777493,35.2,88531.0,0.0,0.0,0.0,0.0,787416.0,1.0,0.0,0.0,0.0,2961796887.0
100066.0,43.55796468303216,0.0,9522.0,607.1604721587531,37.02159018364554,-122.00957031229625,39.6,109266.0,0.0,0.0,0.0,0.0,266021.0,1.0,0.0,0.0,0.0,1327722172.0
18258.0,18.843192237503896,0.0,1936.0,2962.174856842099,40.126040061066114,-122.2344962648283,40.1,61834.0,0.0,0.0,0.0,0.0,65520.0,1.0,0.0,0.0,0.0,195258289.0
32923.0,24.923685784847603,0.0,4255.0,3878.1544171646246,39.43217732619602,-123.43132735660902,43.9,64688.0,0.0,0.0,0.0,0.0,90709.0,2.0,0.0,0.0,0.0,334407325.0
767921.0,22.901440338137302,0.0,62081.0,20105.394817801967,34.842030309075156,-116.17662379678129,34.4,82184.0,0.0,0.0,0.0,0.0,2187816.0,2.0,0.0,0.0,0.0,9234046841.0
2892.0,18.04651919323357,0.0,471.0,3207.610843179456,40.64915450943153,-123.11400057250617,54.8,53498.0,0.0,0.0,0.0,0.0,15886.0,2.0,0.0,0.0,0.0,27697670.0
82316.0,38.517125422897266,0.0,5940.0,792.3014390203438,38.506669323212186,-122.3304828015586,42.8,108970.0,24.0,0.0,24.0,0.0,136070.0,3.0,12820.0,0.0,0.0,1153372386.0
1645046.0,43.401037672660124,0.0,126694.0,949.7168045236148,33.67689578291624,-117.77656042636896,39.1,113702.0,276.0,0.0,276.0,0.0,3164063.0,3.0,1221256.0,0.0,0.0,25766974515.0
769276.0,22.901440338137302,0.0,63026.0,20105.394817801967,34.842030309075156,-116.17662379678129,34.4,82184.0,51.0,1.0,51.0,0.0,2187816.0,3.0,142160.0,0.0,80000.0,9284264429.0
1122387.0,55.865627050350255,0.0,74883.0,1304.0557004984757,37.23243382622572,-121.69583325334833,37.9,159674.0,133.0,1.0,133.0,0.0,1903297.0,3.0,851880.0,0.0,40000.0,35646408113.0
568.0,24.404761904761905,0.0,132.0,962.1642285745723,39.580682227053714,-120.51601083545448,56.0,60000.0,0.0,0.0,0.0,0.0,2731.0,3.0,0.0,0.0,0.0,5499960.0
8228.0,20.974160076562736,0.0,831.0,1229.681684316719,41.744691086401055,-123.95766040987809,40.8,66780.0,0.0,0.0,0.0,0.0,27293.0,4.0,0.0,0.0,0.0,83490767.0
2637.0,23.004038521279902,0.0,393.0,4203.255762874587,41.58965368270825,-120.72501437875414,49.0,56648.0,2.0,0.0,2.0,0.0,8646.0,4.0,1920.0,0.0,0.0,26795074.0
786653.0,51.46936470398402,0.0,64423.0,821.2085166728324,37.65058029746707,-121.91780145156679,38.7,126240.0,0.0,0.0,0.0,0.0,1651949.0,1.0,0.0,0.0,0.0,15927593633.0
80536.0,31.720564273446563,0.0,8501.0,1677.1310334359375,39.66655443197179,-121.60070084884747,36.3,68574.0,0.0,0.0,0.0,0.0,209470.0,1.0,0.0,0.0,0.0,890679396.0
16357.0,17.743946050883824,0.0,3203.0,1328.0941710001237,39.09948485335015,-122.75277619233945,44.2,58738.0,0.0,0.0,0.0,0.0,68139.0,1.0,0.0,0.0,0.0,167604374.0
31697.0,24.923685784847603,0.0,4248.0,3878.1544171646246,39.43217732619602,-123.43132735660902,43.9,64688.0,0.0,0.0,0.0,0.0,90709.0,1.0,0.0,0.0,0.0,318434885.0
77081.0,14.780215294542995,0.0,6710.0,1978.6519681682591,37.1916854374536,-120.71843298756356,31.8,65044.0,0.0,0.0,0.0,0.0,285597.0,1.0,0.0,0.0,0.0,830150883.0
187778.0,19.136945701036627,0.0,15986.0,1514.057161459023,37.5589417190648,-120.99849485414198,34.8,79661.0,0.0,0.0,0.0,0.0,552250.0,1.0,0.0,0.0,0.0,2307466285.0
103199.0,44.08385081248704,0.0,6861.0,1021.8257443699976,38.6865515088214,-121.90056641872224,32.3,88818.0,0.0,0.0,0.0,0.0,217782.0,1.0,0.0,0.0,0.0,1568553203.0
370795.0,44.91015896659383,0.0,33206.0,803.9099721779048,37.92353933794917,-121.95094420575256,40.3,125727.0,0.0,0.0,0.0,0.0,1161458.0,2.0,0.0,0.0,0.0,6421910108.0
57693.0,38.82410175418806,0.0,5574.0,1786.3605240054378,38.778900011875415,-120.5250410581759,46.1,106190.0,0.0,0.0,0.0,0.0,192299.0,2.0,0.0,0.0,0.0,709774257.0
32190.0,39.46003256465599,0.0,3731.0,973.7957661243578,39.30167525657132,-120.76952482654217,50.3,84905.0,0.0,0.0,0.0,0.0,102452.0,2.0,0.0,0.0,0.0,369136242.0
259034.0,21.572958036625103,0.0,18371.0,1426.6010791666342,37.93443695137347,-121.27165936777493,35.2,88531.0,0.0,0.0,0.0,0.0,787416.0,2.0,0.0,0.0,0.0,3139753642.0
208397.0,35.869939954606835,0.0,15564.0,3787.6908512866726,34.53743979389637,-120.0302768485835,34.5,95977.0,0.0,0.0,0.0,0.0,443975.0,2.0,0.0,0.0,0.0,2841729105.0
1115489.0,55.865627050350255,0.0,73868.0,1304.0557004984757,37.23243382622572,-121.69583325334833,37.9,159674.0,0.0,0.0,0.0,0.0,1903297.0,2.0,0.0,0.0,0.0,37883882663.0
193995.0,19.136945701036627,0.0,16107.0,1514.057161459023,37.5589417190648,-120.99849485414198,34.8,79661.0,0.0,0.0,0.0,0.0,552250.0,2.0,0.0,0.0,0.0,2344598699.0
2913.0,18.04651919323357,0.0,483.0,3207.610843179456,40.64915450943153,-123.11400057250617,54.8,53498.0,12.0,0.0,12.0,0.0,15886.0,3.0,4800.0,0.0,0.0,29687587.0
12238.0,22.443391582574453,0.0,1188.0,605.9503896179209,38.44659889460041,-120.65166651032878,49.9,81526.0,6.0,0.0,6.0,0.0,41029.0,4.0,4080.0,0.0,0.0,149635143.0
4583485.0,35.470992419092156,0.0,517781.0,4749.439484208034,34.196118871519026,-118.2618483994794,37.9,87760.0,2485.0,1.0,2485.0,0.0,9848406.0,4.0,5327004.0,0.0,60000.0,85443039518.0
118110.0,60.45916621480051,0.0,12748.0,828.1766410487686,38.05513917820608,-122.74857941401069,47.3,142785.0,84.0,0.0,84.0,0.0,258765.0,4.0,24520.0,0.0,0.0,2299819319.0
5667.0,30.861708482676224,0.0,560.0,1462.8245424186043,37.58147179588342,-119.90594238514464,51.6,65378.0,0.0,0.0,0.0,0.0,17060.0,4.0,0.0,0.0,0.0,62753649.0
17495.0,22.386651323360184,0.0,1670.0,1390.4738481890568,36.605527397901405,-121.07407728623134,35.9,108289.0,0.0,0.0,0.0,0.0,66056.0,4.0,0.0,0.0,0.0,226548089.0
114118.0,60.45916621480051,0.0,12343.0,828.1766410487686,38.05513917820608,-122.74857941401069,47.3,142785.0,0.0,0.0,0.0,0.0,258765.0,1.0,0.0,0.0,0.0,2185284542.0
1652462.0,43.401037672660124,0.0,124495.0,949.7168045236148,33.67689578291624,-117.77656042636896,39.1,113702.0,0.0,0.0,0.0,0.0,3164063.0,2.0,0.0,0.0,0.0,25641319812.0
171777.0,42.89064398957895,0.0,13524.0,1502.2359474204736,39.063807401803494,-120.71900434919911,42.4,114678.0,0.0,0.0,0.0,0.0,412435.0,2.0,0.0,0.0,0.0,2413783650.0
678223.0,33.28378226721884,0.0,60679.0,994.3623322860957,38.449053680297055,-121.34451586989564,37.2,88724.0,0.0,0.0,0.0,0.0,1584047.0,2.0,0.0,0.0,0.0,10445353135.0
559.0,24.404761904761905,0.0,130.0,962.1642285745723,39.580682227053714,-120.51601083545448,56.0,60000.0,0.0,0.0,0.0,0.0,2731.0,2.0,0.0,0.0,0.0,5253316.0
17835.0,23.944468298268212,0.0,1669.0,2274.45156123147,38.02764357742436,-119.95493812698564,48.8,72259.0,0.0,0.0,0.0,0.0,54873.0,2.0,0.0,0.0,0.0,197617259.0
405401.0,23.854495908489586,0.0,37806.0,6011.127948199015,36.75853094618111,-119.65342684363189,33.2,71434.0,29.0,0.0,29.0,0.0,1012152.0,3.0,92050.0,0.0,0.0,4505431691.0
207447.0,35.869939954606835,0.0,15675.0,3787.6908512866726,34.53743979389637,-120.0302768485835,34.5,95977.0,39.0,0.0,39.0,0.0,443975.0,3.0,59465.0,0.0,0.0,2808123982.0
33821.0,20.20745235030949,0.0,3418.0,608.4148120875715,39.03427456853581,-121.69453434561657,36.4,75450.0,1.0,0.0,1.0,0.0,98971.0,3.0,160.0,0.0,0.0,355747755.0
6543.0,20.46291425565492,0.0,931.0,2613.444068237541,40.00465046431037,-120.83794094599376,52.1,64946.0,0.0,0.0,0.0,0.0,19607.0,4.0,0.0,0.0,0.0,75995253.0
2716.0,18.04651919323357,0.0,477.0,3207.610843179456,40.64915450943153,-123.11400057250617,54.8,53498.0,7.0,0.0,7.0,0.0,15886.0,4.0,2800.0,0.0,0.0,28524928.0
366102.0,44.91015896659383,0.0,32871.0,803.9099721779048,37.92353933794917,-121.95094420575256,40.3,125727.0,0.0,0.0,0.0,0.0,1161458.0,1.0,0.0,0.0,0.0,6655361052.0
76575.0,38.517125422897266,0.0,5853.0,792.3014390203438,38.506669323212186,-122.3304828015586,42.8,108970.0,0.0,0.0,0.0,0.0,136070.0,1.0,0.0,0.0,0.0,1071070890.0
29666.0,20.20745235030949,0.0,3319.0,608.4148120875715,39.03427456853581,-121.69453434561657,36.4,75450.0,0.0,0.0,0.0,0.0,98971.0,1.0,0.0,0.0,0.0,305826905.0
2577.0,18.04651919323357,0.0,467.0,3207.610843179456,40.64915450943153,-123.11400057250617,54.8,53498.0,0.0,0.0,0.0,0.0,15886.0,1.0,0.0,0.0,0.0,25725637.0
326548.0,35.66576039958768,0.0,27543.0,2206.558936270178,34.355871204221266,-119.12654460816057,39.4,107327.0,0.0,0.0,0.0,0.0,838259.0,1.0,0.0,0.0,0.0,4903511377.0
759089.0,25.084017687934303,0.0,67609.0,7303.023823440713,33.74663050890228,-115.99394024456193,36.7,89672.0,0.0,3.0,0.0,0.0,2449909.0,2.0,0.0,0.0,500000.0,8693075399.0
12459.0,22.443391582574453,0.0,1174.0,605.9503896179209,38.44659889460041,-120.65166651032878,49.9,81526.0,6.0,0.0,6.0,0.0,41029.0,3.0,2960.0,0.0,0.0,140693228.0
116336.0,60.45916621480051,0.0,12570.0,828.1766410487686,38.05513917820608,-122.74857941401069,47.3,142785.0,55.0,0.0,55.0,0.0,258765.0,3.0,18800.0,0.0,0.0,2009203835.0
143136.0,28.367041437079976,0.0,11815.0,906.1440952298753,38.26680192264813,-121.9401797035494,39.1,99994.0,1.0,0.0,1.0,0.0,450824.0,3.0,400.0,0.0,0.0,2130882145.0
9766.0,14.523979957050823,0.0,898.0,1156.353491058561,39.177506529661116,-122.23673277297777,35.7,75149.0,0.0,0.0,0.0,0.0,21895.0,4.0,0.0,0.0,0.0,118929379.0
49482.0,13.919095714061436,0.0,4412.0,1392.1942069005058,36.07496094489133,-119.81583856650784,32.3,68750.0,1.0,0.0,1.0,0.0,152830.0,4.0,400.0,0.0,0.0,586282654.0
82004.0,14.780215294542995,0.0,6866.0,1978.6519681682591,37.1916854374536,-120.71843298756356,31.8,65044.0,0.0,0.0,0.0,0.0,285597.0,4.0,0.0,0.0,0.0,944752000.0
423494.0,53.071234072167506,0.0,29401.0,740.947837007639,37.435907175553204,-122.3555722224761,40.6,156000.0,40.0,0.0,40.0,0.0,745100.0,4.0,15440.0,0.0,0.0,14373174167.0
17725.0,23.944468298268212,0.0,1714.0,2274.45156123147,38.02764357742436,-119.95493812698564,48.8,72259.0,7.0,0.0,7.0,0.0,54873.0,4.0,20400.0,0.0,0.0,213868941.0
4478077.0,35.470992419092156,0.0,499364.0,4749.439484208034,34.196118871519026,-118.2618483994794,37.9,87760.0,0.0,0.0,0.0,0.0,9848406.0,1.0,0.0,0.0,0.0,74453015072.0
170526.0,42.89064398957895,0.0,13373.0,1502.2359474204736,39.063807401803494,-120.71900434919911,42.4,114678.0,0.0,0.0,0.0,0.0,412435.0,1.0,0.0,0.0,0.0,2438589933.0
1468804.0,42.08987125049854,0.0,112706.0,4525.7279337106775,33.02819299849969,-116.76989830322081,37.1,102285.0,0.0,1.0,0.0,0.0,3282782.0,1.0,0.0,0.0,25000.0,23811623572.0
118121.0,39.201400387945306,0.0,10467.0,3615.766363116764,35.38757707614939,-120.4507099023192,40.2,93398.0,0.0,0.0,0.0,0.0,281486.0,1.0,0.0,0.0,0.0,1498681123.0
207353.0,37.8469385158651,0.0,20215.0,1767.3423561904444,38.525248521353824,-122.92188038526332,42.7,102840.0,0.0,0.0,0.0,0.0,485642.0,1.0,0.0,0.0,0.0,2895705502.0
116396.0,60.45916621480051,0.0,12432.0,828.1766410487686,38.05513917820608,-122.74857941401069,47.3,142785.0,0.0,0.0,0.0,0.0,258765.0,2.0,0.0,0.0,0.0,2100140743.0
4483887.0,35.470992419092156,0.0,508841.0,4749.439484208034,34.196118871519026,-118.2618483994794,37.9,87760.0,1144.0,1.0,1144.0,0.0,9848406.0,3.0,3051050.0,0.0,115000.0,71324684034.0
1486576.0,42.08987125049854,0.0,115309.0,4525.7279337106775,33.02819299849969,-116.76989830322081,37.1,102285.0,359.0,3.0,359.0,0.0,3282782.0,3.0,1031995.0,0.0,275000.0,23096926152.0
9958.0,22.185801535272034,0.0,1371.0,1036.9263699809671,38.204458658099185,-120.5546675464701,52.0,79877.0,0.0,0.0,0.0,0.0,45995.0,4.0,0.0,0.0,0.0,111362404.0
404640.0,23.854495908489586,0.0,38213.0,6011.127948199015,36.75853094618111,-119.65342684363189,33.2,71434.0,79.0,0.0,79.0,0.0,1012152.0,4.0,164930.0,0.0,0.0,4956163189.0
7839.0,31.819817226739584,0.0,754.0,10227.099456702994,36.51016223187202,-117.40560074502446,45.6,72432.0,0.0,0.0,0.0,0.0,18803.0,4.0,0.0,0.0,0.0,92652415.0
51293.0,17.12878493305018,0.0,4591.0,2153.2391289805496,37.21782461616294,-119.76474047044498,34.6,75496.0,0.0,0.0,0.0,0.0,158790.0,4.0,0.0,0.0,0.0,596458788.0
32538.0,39.46003256465599,0.0,3833.0,973.7957661243578,39.30167525657132,-120.76952482654217,50.3,84905.0,4.0,0.0,4.0,0.0,102452.0,4.0,1600.0,0.0,0.0,405924392.0
689764.0,33.28378226721884,0.0,62392.0,994.3623322860957,38.449053680297055,-121.34451586989564,37.2,88724.0,330.0,1.0,330.0,0.0,1584047.0,4.0,1780340.0,0.0,90000.0,11399164355.0
8396.0,14.523979957050823,1.0,885.0,1156.353491058561,39.177506529661116,-122.23673277297777,35.7,75149.0,0.0,0.0,0.0,0.0,21895.0,1.0,0.0,0.0,0.0,93040457.0
4523296.0,35.470992419092156,1.0,511835.0,4749.439484208034,34.196118871519026,-118.2618483994794,37.9,87760.0,1759.0,0.0,1759.0,0.0,9848406.0,1.0,1734989.0,0.0,0.0,78471973397.0
5484.0,30.861708482676224,1.0,562.0,1462.8245424186043,37.58147179588342,-119.90594238514464,51.6,65378.0,0.0,0.0,0.0,0.0,17060.0,1.0,0.0,0.0,0.0,55780871.0
2435.0,23.004038521279902,1.0,383.0,4203.255762874587,41.58965368270825,-120.72501437875414,49.0,56648.0,1.0,0.0,1.0,0.0,8646.0,1.0,960.0,0.0,0.0,23599092.0
13511.0,23.083615573439392,1.0,1770.0,6347.938252495964,41.59330971236391,-122.54039224371505,47.4,55499.0,0.0,0.0,0.0,0.0,43834.0,1.0,0.0,0.0,0.0,137616988.0
330956.0,35.66576039958768,1.0,27805.0,2206.558936270178,34.355871204221266,-119.12654460816057,39.4,107327.0,34.0,0.0,34.0,0.0,838259.0,1.0,21960.0,0.0,0.0,5139225390.0
8337.0,14.523979957050823,1.0,880.0,1156.353491058561,39.177506529661116,-122.23673277297777,35.7,75149.0,0.0,0.0,0.0,0.0,21895.0,2.0,0.0,0.0,0.0,99953833.0
9075.0,16.482336518844626,1.0,1235.0,1326.9767269702027,39.598476800476945,-122.39201249335272,35.9,70487.0,0.0,0.0,0.0,0.0,28623.0,2.0,0.0,0.0,0.0,104806608.0
14733.0,23.944468298268212,1.0,1688.0,2274.45156123147,38.02764357742436,-119.95493812698564,48.8,72259.0,1.0,0.0,1.0,0.0,54873.0,2.0,400.0,0.0,0.0,179504948.0
73330.0,31.720564273446563,1.0,8305.0,1677.1310334359375,39.66655443197179,-121.60070084884747,36.3,68574.0,6.0,0.0,6.0,0.0,209470.0,3.0,2400.0,0.0,0.0,901771179.0
29262.0,24.923685784847603,1.0,4242.0,3878.1544171646246,39.43217732619602,-123.43132735660902,43.9,64688.0,0.0,0.0,0.0,0.0,90709.0,3.0,0.0,0.0,0.0,348951364.0
249666.0,21.572958036625103,1.0,18918.0,1426.6010791666342,37.93443695137347,-121.27165936777493,35.2,88531.0,0.0,0.0,0.0,0.0,787416.0,3.0,0.0,0.0,0.0,3298776952.0
18399.0,18.843192237503896,1.0,2059.0,2962.174856842099,40.126040061066114,-122.2344962648283,40.1,61834.0,0.0,0.0,0.0,0.0,65520.0,3.0,0.0,0.0,0.0,222811328.0
630.0,42.10526315789473,1.0,84.0,743.1887428922734,38.59709859657406,-119.82060282887257,41.1,110781.0,0.0,0.0,0.0,0.0,1695.0,4.0,0.0,0.0,0.0,7690973.0
54731.0,38.82410175418806,1.0,5871.0,1786.3605240054378,38.778900011875415,-120.5250410581759,46.1,106190.0,1.0,0.0,1.0,0.0,192299.0,4.0,400.0,0.0,0.0,855873729.0
380020.0,23.854495908489586,1.0,38740.0,6011.127948199015,36.75853094618111,-119.65342684363189,33.2,71434.0,0.0,0.0,0.0,0.0,1012152.0,4.0,0.0,0.0,0.0,5229021555.0
204070.0,35.869939954606835,1.0,16080.0,3787.6908512866726,34.53743979389637,-120.0302768485835,34.5,95977.0,46.0,0.0,46.0,0.0,443975.0,4.0,18400.0,0.0,0.0,3292991487.0
47963.0,13.919095714061436,1.0,4449.0,1392.1942069005058,36.07496094489133,-119.81583856650784,32.3,68750.0,0.0,0.0,0.0,0.0,152830.0,1.0,0.0,0.0,0.0,559795077.0
5964.0,20.46291425565492,1.0,935.0,2613.444068237541,40.00465046431037,-120.83794094599376,52.1,64946.0,0.0,0.0,0.0,0.0,19607.0,1.0,0.0,0.0,0.0,66534536.0
259261.0,21.572958036625103,1.0,18716.0,1426.6010791666342,37.93443695137347,-121.27165936777493,35.2,88531.0,9.0,0.0,9.0,0.0,787416.0,1.0,24560.0,0.0,0.0,3180290055.0
191475.0,19.136945701036627,1.0,16360.0,1514.057161459023,37.5589417190648,-120.99849485414198,34.8,79661.0,10.0,0.0,10.0,0.0,552250.0,1.0,6240.0,0.0,0.0,2425895494.0
161976.0,15.839490911134213,1.0,11565.0,4838.285667681717,36.220043432758864,-118.80036101709678,31.9,69489.0,2.0,0.0,2.0,0.0,475774.0,1.0,5020.0,0.0,0.0,1729118987.0
455.0,42.10526315789473,1.0,81.0,743.1887428922734,38.59709859657406,-119.82060282887257,41.1,110781.0,0.0,0.0,0.0,0.0,1695.0,2.0,0.0,0.0,0.0,5961315.0
13032.0,23.083615573439392,1.0,1769.0,6347.938252495964,41.59330971236391,-122.54039224371505,47.4,55499.0,0.0,0.0,0.0,0.0,43834.0,2.0,0.0,0.0,0.0,145816096.0
708442.0,51.46936470398402,1.0,66061.0,821.2085166728324,37.65058029746707,-121.91780145156679,38.7,126240.0,57.0,0.0,57.0,0.0,1651949.0,3.0,20968.0,0.0,0.0,15666859583.0
56979.0,16.100269483279376,1.0,8203.0,4480.599127667921,33.03992461908436,-115.36534775339051,33.0,56393.0,0.0,0.0,0.0,0.0,179319.0,3.0,0.0,0.0,0.0,663706107.0
15604.0,17.743946050883824,1.0,3122.0,1328.0941710001237,39.09948485335015,-122.75277619233945,44.2,58738.0,0.0,0.0,0.0,0.0,68139.0,3.0,0.0,0.0,0.0,172095311.0
6465.0,34.32124352331606,1.0,667.0,3131.7985116614536,37.93840625683518,-118.88393311930923,40.3,86953.0,0.0,0.0,0.0,0.0,13169.0,3.0,0.0,0.0,0.0,73613649.0
75820.0,31.720564273446563,1.0,8336.0,1677.1310334359375,39.66655443197179,-121.60070084884747,36.3,68574.0,0.0,0.0,0.0,0.0,209470.0,4.0,0.0,0.0,0.0,1030794387.0
47288.0,13.919095714061436,1.0,4537.0,1392.1942069005058,36.07496094489133,-119.81583856650784,32.3,68750.0,0.0,0.0,0.0,0.0,152830.0,4.0,0.0,0.0,0.0,632927138.0
4123086.0,35.470992419092156,1.0,525482.0,4749.439484208034,34.196118871519026,-118.2618483994794,37.9,87760.0,670.0,0.0,670.0,0.0,9848406.0,4.0,631386.0,0.0,0.0,86360635073.0
29859.0,24.923685784847603,1.0,4269.0,3878.1544171646246,39.43217732619602,-123.43132735660902,43.9,64688.0,0.0,0.0,0.0,0.0,90709.0,4.0,0.0,0.0,0.0,388228161.0
742025.0,25.084017687934303,1.0,72218.0,7303.023823440713,33.74663050890228,-115.99394024456193,36.7,89672.0,4.0,0.0,4.0,0.0,2449909.0,4.0,1600.0,0.0,0.0,10127450534.0
110704.0,39.201400387945306,1.0,10837.0,3615.766363116764,35.38757707614939,-120.4507099023192,40.2,93398.0,0.0,0.0,0.0,0.0,281486.0,4.0,0.0,0.0,0.0,1725474298.0
549.0,24.404761904761905,1.0,139.0,962.1642285745723,39.580682227053714,-120.51601083545448,56.0,60000.0,0.0,0.0,0.0,0.0,2731.0,4.0,0.0,0.0,0.0,6791682.0
13888.0,23.083615573439392,1.0,1771.0,6347.938252495964,41.59330971236391,-122.54039224371505,47.4,55499.0,0.0,0.0,0.0,0.0,43834.0,4.0,0.0,0.0,0.0,180941194.0
19007.0,17.8964071177604,1.0,1744.0,644.0076123533381,39.268749718550964,-121.35179088199844,33.9,73313.0,0.0,0.0,0.0,0.0,83079.0,4.0,0.0,0.0,0.0,289515127.0
32099.0,24.923685784847603,1.0,4248.0,3878.1544171646246,39.43217732619602,-123.43132735660902,43.9,64688.0,5.0,0.0,5.0,0.0,90709.0,1.0,11200.0,0.0,0.0,339576148.0
789382.0,22.901440338137302,1.0,64028.0,20105.394817801967,34.842030309075156,-116.17662379678129,34.4,82184.0,48.0,0.0,48.0,0.0,2187816.0,1.0,66840.0,0.0,0.0,9915017616.0
761061.0,60.12076421243264,1.0,61189.0,231.91378755252734,37.76007116407808,-122.69412210887407,39.7,141446.0,567.0,0.0,567.0,0.0,836321.0,1.0,442256.0,0.0,0.0,27447089121.0
207091.0,35.869939954606835,1.0,15717.0,3787.6908512866726,34.53743979389637,-120.0302768485835,34.5,95977.0,54.0,0.0,54.0,0.0,443975.0,1.0,27675.0,0.0,0.0,2875457780.0
508.0,24.404761904761905,1.0,130.0,962.1642285745723,39.580682227053714,-120.51601083545448,56.0,60000.0,0.0,0.0,0.0,0.0,2731.0,1.0,0.0,0.0,0.0,4293420.0
369102.0,23.854495908489586,1.0,38098.0,6011.127948199015,36.75853094618111,-119.65342684363189,33.2,71434.0,1.0,0.0,1.0,0.0,1012152.0,2.0,960.0,0.0,0.0,4481618222.0
296756.0,18.573575991839803,1.0,21585.0,8164.9173784182485,35.34353506527538,-118.72903973163824,32.4,67660.0,0.0,0.0,0.0,0.0,910433.0,2.0,0.0,0.0,0.0,3830974108.0
4702.0,30.861708482676224,1.0,564.0,1462.8245424186043,37.58147179588342,-119.90594238514464,51.6,65378.0,0.0,0.0,0.0,0.0,17060.0,2.0,0.0,0.0,0.0,48182675.0
2652.0,23.004038521279902,1.0,384.0,4203.255762874587,41.58965368270825,-120.72501437875414,49.0,56648.0,0.0,0.0,0.0,0.0,8646.0,2.0,0.0,0.0,0.0,26112804.0
1277648.0,42.08987125049854,1.0,115948.0,4525.7279337106775,33.02819299849969,-116.76989830322081,37.1,102285.0,50.0,0.0,50.0,0.0,3282782.0,2.0,52800.0,0.0,0.0,21852376064.0
125730.0,28.367041437079976,1.0,11788.0,906.1440952298753,38.26680192264813,-121.9401797035494,39.1,99994.0,0.0,0.0,0.0,0.0,450824.0,2.0,0.0,0.0,0.0,2042776469.0
7800.0,20.974160076562736,1.0,819.0,1229.681684316719,41.744691086401055,-123.95766040987809,40.8,66780.0,0.0,0.0,0.0,0.0,27293.0,3.0,0.0,0.0,0.0,89678063.0
78553.0,14.780215294542995,1.0,6993.0,1978.6519681682591,37.1916854374536,-120.71843298756356,31.8,65044.0,0.0,0.0,0.0,0.0,285597.0,3.0,0.0,0.0,0.0,925391962.0
697920.0,25.084017687934303,1.0,71147.0,7303.023823440713,33.74663050890228,-115.99394024456193,36.7,89672.0,1.0,0.0,1.0,0.0,2449909.0,3.0,400.0,0.0,0.0,8848995415.0
64058.0,23.266685790040857,1.0,7580.0,3847.3961177642345,40.76364876697064,-122.04134718043841,41.7,71931.0,0.0,0.0,0.0,0.0,181554.0,3.0,0.0,0.0,0.0,799485057.0
15700.0,17.743946050883824,1.0,3127.0,1328.0941710001237,39.09948485335015,-122.75277619233945,44.2,58738.0,0.0,0.0,0.0,0.0,68139.0,4.0,0.0,0.0,0.0,187128815.0
191977.0,37.8469385158651,1.0,20273.0,1767.3423561904444,38.525248521353824,-122.92188038526332,42.7,102840.0,3.0,0.0,3.0,0.0,485642.0,4.0,1200.0,0.0,0.0,3437003311.0
56987.0,38.82410175418806,1.0,5665.0,1786.3605240054378,38.778900011875415,-120.5250410581759,46.1,106190.0,9.0,0.0,9.0,0.0,192299.0,1.0,4320.0,0.0,0.0,765567441.0
50463.0,32.085138242686774,1.0,6022.0,4052.255054743655,40.70277291928399,-123.91630205492689,39.6,61135.0,28.0,0.0,28.0,0.0,135418.0,1.0,18960.0,0.0,0.0,536684556.0
16523.0,17.743946050883824,1.0,3202.0,1328.0941710001237,39.09948485335015,-122.75277619233945,44.2,58738.0,3.0,0.0,3.0,0.0,68139.0,1.0,1200.0,0.0,0.0,171715289.0
319386.0,44.91015896659383,1.0,33989.0,803.9099721779048,37.92353933794917,-121.95094420575256,40.3,125727.0,1.0,0.0,1.0,0.0,1161458.0,2.0,400.0,0.0,0.0,6112613257.0
59418.0,16.100269483279376,1.0,8143.0,4480.599127667921,33.03992461908436,-115.36534775339051,33.0,56393.0,0.0,0.0,0.0,0.0,179319.0,2.0,0.0,0.0,0.0,664675401.0
28058.0,24.923685784847603,1.0,4241.0,3878.1544171646246,39.43217732619602,-123.43132735660902,43.9,64688.0,1.0,0.0,1.0,0.0,90709.0,2.0,400.0,0.0,0.0,315942604.0
182336.0,27.883727092389556,1.0,14209.0,3771.2208005395887,36.239504143459484,-121.30662637129737,35.3,94486.0,0.0,0.0,0.0,0.0,435834.0,2.0,0.0,0.0,0.0,2341041109.0
101271.0,39.201400387945306,1.0,10593.0,3615.766363116764,35.38757707614939,-120.4507099023192,40.2,93398.0,3.0,0.0,3.0,0.0,281486.0,2.0,1200.0,0.0,0.0,1360305193.0
46108.0,32.085138242686774,1.0,6149.0,4052.255054743655,40.70277291928399,-123.91630205492689,39.6,61135.0,4.0,0.0,4.0,0.0,135418.0,3.0,2160.0,0.0,0.0,544356771.0
1444723.0,43.401037672660124,1.0,129112.0,949.7168045236148,33.67689578291624,-117.77656042636896,39.1,113702.0,58.0,0.0,58.0,0.0,3164063.0,3.0,49208.0,0.0,0.0,24935734032.0
634649.0,33.28378226721884,1.0,63149.0,994.3623322860957,38.449053680297055,-121.34451586989564,37.2,88724.0,4.0,0.0,4.0,0.0,1584047.0,3.0,1600.0,0.0,0.0,10510751012.0
15992.0,23.944468298268212,1.0,1701.0,2274.45156123147,38.02764357742436,-119.95493812698564,48.8,72259.0,0.0,0.0,0.0,0.0,54873.0,3.0,0.0,0.0,0.0,197270510.0
734564.0,51.46936470398402,1.0,66876.0,821.2085166728324,37.65058029746707,-121.91780145156679,38.7,126240.0,47.0,0.0,47.0,0.0,1651949.0,4.0,44960.0,0.0,0.0,17439699249.0
11638.0,22.443391582574453,1.0,1188.0,605.9503896179209,38.44659889460041,-120.65166651032878,49.9,81526.0,0.0,0.0,0.0,0.0,41029.0,4.0,0.0,0.0,0.0,159308034.0
777503.0,22.901440338137302,1.0,66220.0,20105.394817801967,34.842030309075156,-116.17662379678129,34.4,82184.0,19.0,0.0,19.0,0.0,2187816.0,4.0,7480.0,0.0,0.0,11241062975.0
30884.0,20.20745235030949,1.0,3583.0,608.4148120875715,39.03427456853581,-121.69453434561657,36.4,75450.0,1.0,0.0,1.0,0.0,98971.0,4.0,400.0,0.0,0.0,403707562.0
9427.0,16.482336518844626,1.0,1235.0,1326.9767269702027,39.598476800476945,-122.39201249335272,35.9,70487.0,0.0,0.0,0.0,0.0,28623.0,1.0,0.0,0.0,0.0,103936764.0
323017.0,18.573575991839803,1.0,21582.0,8164.9173784182485,35.34353506527538,-118.72903973163824,32.4,67660.0,22.0,0.0,22.0,0.0,910433.0,1.0,40480.0,0.0,0.0,4064711711.0
78663.0,14.780215294542995,1.0,6910.0,1978.6519681682591,37.1916854374536,-120.71843298756356,31.8,65044.0,1.0,0.0,1.0,0.0,285597.0,1.0,400.0,0.0,0.0,881122730.0
177212.0,27.883727092389556,1.0,14244.0,3771.2208005395887,36.239504143459484,-121.30662637129737,35.3,94486.0,10.0,0.0,10.0,0.0,435834.0,1.0,6480.0,0.0,0.0,2249794957.0
76898.0,38.517125422897266,1.0,5846.0,792.3014390203438,38.506669323212186,-122.3304828015586,42.8,108970.0,29.0,0.0,29.0,0.0,136070.0,1.0,13900.0,0.0,0.0,1119556141.0
10970.0,22.443391582574453,1.0,1169.0,605.9503896179209,38.44659889460041,-120.65166651032878,49.9,81526.0,0.0,0.0,0.0,0.0,41029.0,2.0,0.0,0.0,0.0,137717471.0
47592.0,38.82410175418806,1.0,5651.0,1786.3605240054378,38.778900011875415,-120.5250410581759,46.1,106190.0,0.0,0.0,0.0,0.0,192299.0,2.0,0.0,0.0,0.0,663555034.0
191622.0,35.869939954606835,1.0,15735.0,3787.6908512866726,34.53743979389637,-120.0302768485835,34.5,95977.0,58.0,0.0,58.0,0.0,443975.0,2.0,23123.0,0.0,0.0,2835574747.0
1001463.0,55.865627050350255,1.0,74690.0,1304.0557004984757,37.23243382622572,-121.69583325334833,37.9,159674.0,4.0,0.0,4.0,0.0,1903297.0,2.0,1600.0,0.0,0.0,39849730460.0
494.0,24.404761904761905,1.0,131.0,962.1642285745723,39.580682227053714,-120.51601083545448,56.0,60000.0,0.0,0.0,0.0,0.0,2731.0,2.0,0.0,0.0,0.0,5315662.0
7774.0,20.974160076562736,1.0,813.0,1229.681684316719,41.744691086401055,-123.95766040987809,40.8,66780.0,0.0,0.0,0.0,0.0,27293.0,4.0,0.0,0.0,0.0,95901996.0
327249.0,18.573575991839803,1.0,22433.0,8164.9173784182485,35.34353506527538,-118.72903973163824,32.4,67660.0,0.0,0.0,0.0,0.0,910433.0,4.0,0.0,0.0,0.0,4544190223.0
4709.0,30.861708482676224,1.0,570.0,1462.8245424186043,37.58147179588342,-119.90594238514464,51.6,65378.0,0.0,0.0,0.0,0.0,17060.0,4.0,0.0,0.0,0.0,58874570.0
165285.0,42.89064398957895,1.0,14315.0,1502.2359474204736,39.063807401803494,-120.71900434919911,42.4,114678.0,0.0,0.0,0.0,0.0,412435.0,4.0,0.0,0.0,0.0,2969654187.0
16577.0,22.386651323360184,1.0,1683.0,1390.4738481890568,36.605527397901405,-121.07407728623134,35.9,108289.0,0.0,0.0,0.0,0.0,66056.0,4.0,0.0,0.0,0.0,233689626.0
97412.0,43.55796468303216,1.0,9834.0,607.1604721587531,37.02159018364554,-122.00957031229625,39.6,109266.0,3.0,0.0,3.0,0.0,266021.0,4.0,1080.0,0.0,0.0,1571836677.0
65575.0,23.266685790040857,1.0,7646.0,3847.3961177642345,40.76364876697064,-122.04134718043841,41.7,71931.0,0.0,0.0,0.0,0.0,181554.0,4.0,0.0,0.0,0.0,916751516.0
114868.0,60.45916621480051,1.0,12478.0,828.1766410487686,38.05513917820608,-122.74857941401069,47.3,142785.0,83.0,0.0,83.0,0.0,258765.0,1.0,29040.0,0.0,0.0,2335497229.0
16406.0,22.386651323360184,1.0,1648.0,1390.4738481890568,36.605527397901405,-121.07407728623134,35.9,108289.0,0.0,0.0,0.0,0.0,66056.0,1.0,0.0,0.0,0.0,197575532.0
688643.0,51.46936470398402,1.0,65573.0,821.2085166728324,37.65058029746707,-121.91780145156679,38.7,126240.0,26.0,0.0,26.0,0.0,1651949.0,2.0,10240.0,0.0,0.0,14759471082.0
6630.0,31.819817226739584,1.0,770.0,10227.099456702994,36.51016223187202,-117.40560074502446,45.6,72432.0,0.0,0.0,0.0,0.0,18803.0,2.0,0.0,0.0,0.0,83286301.0
14899.0,17.743946050883824,1.0,3152.0,1328.0941710001237,39.09948485335015,-122.75277619233945,44.2,58738.0,0.0,0.0,0.0,0.0,68139.0,2.0,0.0,0.0,0.0,159933099.0
363829.0,53.071234072167506,1.0,28718.0,740.947837007639,37.435907175553204,-122.3555722224761,40.6,156000.0,3.0,0.0,3.0,0.0,745100.0,2.0,1200.0,0.0,0.0,13308430798.0
17638.0,18.843192237503896,1.0,2053.0,2962.174856842099,40.126040061066114,-122.2344962648283,40.1,61834.0,0.0,0.0,0.0,0.0,65520.0,2.0,0.0,0.0,0.0,214000092.0
100347.0,44.08385081248704,1.0,7159.0,1021.8257443699976,38.6865515088214,-121.90056641872224,32.3,88818.0,1.0,0.0,1.0,0.0,217782.0,2.0,400.0,0.0,0.0,1618957198.0
53116.0,38.82410175418806,1.0,5743.0,1786.3605240054378,38.778900011875415,-120.5250410581759,46.1,106190.0,0.0,0.0,0.0,0.0,192299.0,3.0,0.0,0.0,0.0,738098535.0
29380.0,39.46003256465599,1.0,3858.0,973.7957661243578,39.30167525657132,-120.76952482654217,50.3,84905.0,0.0,0.0,0.0,0.0,102452.0,3.0,0.0,0.0,0.0,389323915.0
375923.0,53.071234072167506,1.0,28991.0,740.947837007639,37.435907175553204,-122.3555722224761,40.6,156000.0,0.0,0.0,0.0,0.0,745100.0,3.0,0.0,0.0,0.0,14271044320.0
202157.0,35.869939954606835,1.0,15864.0,3787.6908512866726,34.53743979389637,-120.0302768485835,34.5,95977.0,56.0,0.0,56.0,0.0,443975.0,3.0,23043.0,0.0,0.0,2903149588.0
184677.0,19.136945701036627,1.0,16492.0,1514.057161459023,37.5589417190648,-120.99849485414198,34.8,79661.0,0.0,0.0,0.0,0.0,552250.0,3.0,0.0,0.0,0.0,2484895160.0
61087.0,16.100269483279376,1.0,8228.0,4480.599127667921,33.03992461908436,-115.36534775339051,33.0,56393.0,0.0,0.0,0.0,0.0,179319.0,4.0,0.0,0.0,0.0,743995462.0
1513039.0,43.401037672660124,1.0,132108.0,949.7168045236148,33.67689578291624,-117.77656042636896,39.1,113702.0,43.0,0.0,43.0,0.0,3164063.0,4.0,22440.0,0.0,0.0,29708713527.0
259252.0,21.572958036625103,1.0,19117.0,1426.6010791666342,37.93443695137347,-121.27165936777493,35.2,88531.0,0.0,0.0,0.0,0.0,787416.0,4.0,0.0,0.0,0.0,3834352983.0
1049308.0,55.865627050350255,1.0,76280.0,1304.0557004984757,37.23243382622572,-121.69583325334833,37.9,159674.0,4.0,0.0,4.0,0.0,1903297.0,4.0,1600.0,0.0,0.0,50192507309.0
2703.0,18.04651919323357,1.0,471.0,3207.610843179456,40.64915450943153,-123.11400057250617,54.8,53498.0,1.0,0.0,1.0,0.0,15886.0,4.0,400.0,0.0,0.0,33543991.0
793613.0,51.46936470398402,1.0,65791.0,821.2085166728324,37.65058029746707,-121.91780145156679,38.7,126240.0,260.0,0.0,260.0,0.0,1651949.0,1.0,409392.0,0.0,0.0,16711554196.0
418598.0,53.071234072167506,1.0,28814.0,740.947837007639,37.435907175553204,-122.3555722224761,40.6,156000.0,25.0,0.0,25.0,0.0,745100.0,1.0,9480.0,0.0,0.0,15852876508.0
2591.0,18.04651919323357,1.0,466.0,3207.610843179456,40.64915450943153,-123.11400057250617,54.8,53498.0,8.0,0.0,8.0,0.0,15886.0,1.0,3200.0,0.0,0.0,26397828.0
17198.0,23.944468298268212,1.0,1687.0,2274.45156123147,38.02764357742436,-119.95493812698564,48.8,72259.0,0.0,0.0,0.0,0.0,54873.0,1.0,0.0,0.0,0.0,200064374.0
70862.0,31.720564273446563,1.0,8309.0,1677.1310334359375,39.66655443197179,-121.60070084884747,36.3,68574.0,6.0,0.0,6.0,0.0,209470.0,2.0,2400.0,0.0,0.0,848101345.0
7446.0,20.974160076562736,1.0,816.0,1229.681684316719,41.744691086401055,-123.95766040987809,40.8,66780.0,0.0,0.0,0.0,0.0,27293.0,2.0,0.0,0.0,0.0,81426500.0
27302.0,39.46003256465599,1.0,3810.0,973.7957661243578,39.30167525657132,-120.76952482654217,50.3,84905.0,0.0,0.0,0.0,0.0,102452.0,2.0,0.0,0.0,0.0,353131680.0
15441.0,22.386651323360184,1.0,1653.0,1390.4738481890568,36.605527397901405,-121.07407728623134,35.9,108289.0,0.0,0.0,0.0,0.0,66056.0,2.0,0.0,0.0,0.0,197788237.0
180459.0,37.8469385158651,1.0,20092.0,1767.3423561904444,38.525248521353824,-122.92188038526332,42.7,102840.0,1.0,0.0,1.0,0.0,485642.0,2.0,200.0,0.0,0.0,2760262322.0
49811.0,17.12878493305018,1.0,4650.0,2153.2391289805496,37.21782461616294,-119.76474047044498,34.6,75496.0,0.0,0.0,0.0,0.0,158790.0,3.0,0.0,0.0,0.0,613010840.0
738879.0,22.901440338137302,1.0,65276.0,20105.394817801967,34.842030309075156,-116.17662379678129,34.4,82184.0,7.0,0.0,7.0,0.0,2187816.0,3.0,2400.0,0.0,0.0,9628523990.0
2796.0,18.04651919323357,1.0,467.0,3207.610843179456,40.64915450943153,-123.11400057250617,54.8,53498.0,1.0,0.0,1.0,0.0,15886.0,3.0,400.0,0.0,0.0,32488269.0
299489.0,35.66576039958768,1.0,28041.0,2206.558936270178,34.355871204221266,-119.12654460816057,39.4,107327.0,20.0,0.0,20.0,0.0,838259.0,3.0,113600.0,0.0,0.0,4516367900.0
47659.0,32.085138242686774,1.0,6172.0,4052.255054743655,40.70277291928399,-123.91630205492689,39.6,61135.0,6.0,0.0,6.0,0.0,135418.0,4.0,4080.0,0.0,0.0,608099309.0
384045.0,53.071234072167506,1.0,29357.0,740.947837007639,37.435907175553204,-122.3555722224761,40.6,156000.0,1.0,0.0,1.0,0.0,745100.0,4.0,400.0,0.0,0.0,17124561577.0
16122.0,23.944468298268212,1.0,1710.0,2274.45156123147,38.02764357742436,-119.95493812698564,48.8,72259.0,0.0,0.0,0.0,0.0,54873.0,4.0,0.0,0.0,0.0,220424374.0
118831.0,39.201400387945306,1.0,10594.0,3615.766363116764,35.38757707614939,-120.4507099023192,40.2,93398.0,13.0,0.0,13.0,0.0,281486.0,1.0,5200.0,0.0,0.0,1499472097.0
673185.0,25.084017687934303,1.0,70277.0,7303.023823440713,33.74663050890228,-115.99394024456193,36.7,89672.0,3.0,0.0,3.0,0.0,2449909.0,2.0,1200.0,0.0,0.0,8376629467.0
618501.0,33.28378226721884,1.0,62570.0,994.3623322860957,38.449053680297055,-121.34451586989564,37.2,88724.0,5.0,0.0,5.0,0.0,1584047.0,2.0,2000.0,0.0,0.0,10628703042.0
375595.0,23.854495908489586,1.0,38446.0,6011.127948199015,36.75853094618111,-119.65342684363189,33.2,71434.0,1.0,0.0,1.0,0.0,1012152.0,3.0,400.0,0.0,0.0,4551911811.0
18694.0,17.8964071177604,1.0,1731.0,644.0076123533381,39.268749718550964,-121.35179088199844,33.9,73313.0,0.0,0.0,0.0,0.0,83079.0,3.0,0.0,0.0,0.0,264920220.0
9557.0,16.482336518844626,1.0,1243.0,1326.9767269702027,39.598476800476945,-122.39201249335272,35.9,70487.0,0.0,0.0,0.0,0.0,28623.0,4.0,0.0,0.0,0.0,123272817.0
78125.0,14.780215294542995,1.0,7048.0,1978.6519681682591,37.1916854374536,-120.71843298756356,31.8,65044.0,0.0,0.0,0.0,0.0,285597.0,4.0,0.0,0.0,0.0,1009595656.0
30213.0,39.46003256465599,1.0,3924.0,973.7957661243578,39.30167525657132,-120.76952482654217,50.3,84905.0,0.0,0.0,0.0,0.0,102452.0,4.0,0.0,0.0,0.0,445658909.0
156205.0,15.839490911134213,1.0,12081.0,4838.285667681717,36.220043432758864,-118.80036101709678,31.9,69489.0,1.0,0.0,1.0,0.0,475774.0,4.0,400.0,0.0,0.0,1953025947.0
688280.0,33.28378226721884,1.0,62427.0,994.3623322860957,38.449053680297055,-121.34451586989564,37.2,88724.0,150.0,0.0,150.0,0.0,1584047.0,1.0,183100.0,0.0,0.0,11304726020.0
142219.0,28.367041437079976,1.0,11841.0,906.1440952298753,38.26680192264813,-121.9401797035494,39.1,99994.0,2.0,0.0,2.0,0.0,450824.0,1.0,1920.0,0.0,0.0,2369173481.0
96110.0,60.45916621480051,1.0,12486.0,828.1766410487686,38.05513917820608,-122.74857941401069,47.3,142785.0,8.0,0.0,8.0,0.0,258765.0,2.0,2400.0,0.0,0.0,2020115610.0
712171.0,22.901440338137302,1.0,64307.0,20105.394817801967,34.842030309075156,-116.17662379678129,34.4,82184.0,9.0,0.0,9.0,0.0,2187816.0,2.0,3600.0,0.0,0.0,9203136453.0
2582.0,18.04651919323357,1.0,468.0,3207.610843179456,40.64915450943153,-123.11400057250617,54.8,53498.0,0.0,0.0,0.0,0.0,15886.0,2.0,0.0,0.0,0.0,26733579.0
18793.0,17.8964071177604,1.0,1708.0,644.0076123533381,39.268749718550964,-121.35179088199844,33.9,73313.0,0.0,0.0,0.0,0.0,83079.0,2.0,0.0,0.0,0.0,258632126.0
9291.0,13.212723998971104,1.0,748.0,4720.115276003642,40.67263063026285,-120.59327450404597,37.8,64395.0,0.0,0.0,0.0,0.0,31177.0,3.0,0.0,0.0,0.0,135422283.0
159057.0,42.89064398957895,1.0,14084.0,1502.2359474204736,39.063807401803494,-120.71900434919911,42.4,114678.0,0.0,0.0,0.0,0.0,412435.0,3.0,0.0,0.0,0.0,2524725745.0
16770.0,22.386651323360184,1.0,1665.0,1390.4738481890568,36.605527397901405,-121.07407728623134,35.9,108289.0,0.0,0.0,0.0,0.0,66056.0,3.0,0.0,0.0,0.0,219363637.0
518.0,24.404761904761905,1.0,135.0,962.1642285745723,39.580682227053714,-120.51601083545448,56.0,60000.0,0.0,0.0,0.0,0.0,2731.0,3.0,0.0,0.0,0.0,5368528.0
13520.0,23.083615573439392,1.0,1775.0,6347.938252495964,41.59330971236391,-122.54039224371505,47.4,55499.0,0.0,0.0,0.0,0.0,43834.0,3.0,0.0,0.0,0.0,156667718.0
189347.0,37.8469385158651,1.0,20179.0,1767.3423561904444,38.525248521353824,-122.92188038526332,42.7,102840.0,16.0,0.0,16.0,0.0,485642.0,3.0,4000.0,0.0,0.0,2969756165.0
154157.0,15.839490911134213,1.0,11879.0,4838.285667681717,36.220043432758864,-118.80036101709678,31.9,69489.0,0.0,0.0,0.0,0.0,475774.0,3.0,0.0,0.0,0.0,1732471724.0
7129.0,31.819817226739584,1.0,774.0,10227.099456702994,36.51016223187202,-117.40560074502446,45.6,72432.0,1.0,0.0,1.0,0.0,18803.0,4.0,6400.0,0.0,0.0,97142771.0
180156.0,27.883727092389556,1.0,14463.0,3771.2208005395887,36.239504143459484,-121.30662637129737,35.3,94486.0,3.0,0.0,3.0,0.0,435834.0,4.0,1200.0,0.0,0.0,2575254887.0
666663.0,60.12076421243264,1.0,61896.0,231.91378755252734,37.76007116407808,-122.69412210887407,39.7,141446.0,33.0,0.0,33.0,0.0,836321.0,4.0,20080.0,0.0,0.0,31556468068.0
51748.0,17.12878493305018,1.0,4590.0,2153.2391289805496,37.21782461616294,-119.76474047044498,34.6,75496.0,0.0,0.0,0.0,0.0,158790.0,1.0,0.0,0.0,0.0,592889703.0
210093.0,37.8469385158651,1.0,20196.0,1767.3423561904444,38.525248521353824,-122.92188038526332,42.7,102840.0,51.0,0.0,51.0,0.0,485642.0,1.0,33600.0,0.0,0.0,3105332126.0
19329.0,17.8964071177604,1.0,1684.0,644.0076123533381,39.268749718550964,-121.35179088199844,33.9,73313.0,1.0,0.0,1.0,0.0,83079.0,1.0,400.0,0.0,0.0,264193888.0
9154.0,22.185801535272034,1.0,1365.0,1036.9263699809671,38.204458658099185,-120.5546675464701,52.0,79877.0,0.0,0.0,0.0,0.0,45995.0,2.0,0.0,0.0,0.0,103142047.0
44223.0,32.085138242686774,1.0,6046.0,4052.255054743655,40.70277291928399,-123.91630205492689,39.6,61135.0,0.0,0.0,0.0,0.0,135418.0,2.0,0.0,0.0,0.0,515647943.0
6597.0,20.46291425565492,1.0,954.0,2613.444068237541,40.00465046431037,-120.83794094599376,52.1,64946.0,0.0,0.0,0.0,0.0,19607.0,3.0,0.0,0.0,0.0,78898628.0
68544.0,38.517125422897266,1.0,5968.0,792.3014390203438,38.506669323212186,-122.3304828015586,42.8,108970.0,2.0,0.0,2.0,0.0,136070.0,4.0,800.0,0.0,0.0,1186116992.0
132182.0,28.367041437079976,1.0,11977.0,906.1440952298753,38.26680192264813,-121.9401797035494,39.1,99994.0,6.0,0.0,6.0,0.0,450824.0,4.0,32400.0,0.0,0.0,2313501458.0
12480.0,22.443391582574453,1.0,1170.0,605.9503896179209,38.44659889460041,-120.65166651032878,49.9,81526.0,3.0,0.0,3.0,0.0,41029.0,1.0,1200.0,0.0,0.0,146077101.0
774572.0,25.084017687934303,1.0,70250.0,7303.023823440713,33.74663050890228,-115.99394024456193,36.7,89672.0,66.0,0.0,66.0,0.0,2449909.0,1.0,67682.0,0.0,0.0,9406747851.0
66583.0,23.266685790040857,1.0,7458.0,3847.3961177642345,40.76364876697064,-122.04134718043841,41.7,71931.0,9.0,0.0,9.0,0.0,181554.0,1.0,8194.0,0.0,0.0,760112126.0
30998.0,20.20745235030949,1.0,3481.0,608.4148120875715,39.03427456853581,-121.69453434561657,36.4,75450.0,0.0,0.0,0.0,0.0,98971.0,1.0,0.0,0.0,0.0,333926822.0
45870.0,13.919095714061436,1.0,4458.0,1392.1942069005058,36.07496094489133,-119.81583856650784,32.3,68750.0,0.0,0.0,0.0,0.0,152830.0,2.0,0.0,0.0,0.0,534863114.0
3846214.0,35.470992419092156,1.0,511160.0,4749.439484208034,34.196118871519026,-118.2618483994794,37.9,87760.0,879.0,0.0,879.0,0.0,9848406.0,2.0,407114.0,0.0,0.0,66633262336.0
47478.0,17.12878493305018,1.0,4583.0,2153.2391289805496,37.21782461616294,-119.76474047044498,34.6,75496.0,0.0,0.0,0.0,0.0,158790.0,2.0,0.0,0.0,0.0,559534256.0
150432.0,42.89064398957895,1.0,13908.0,1502.2359474204736,39.063807401803494,-120.71900434919911,42.4,114678.0,0.0,0.0,0.0,0.0,412435.0,2.0,0.0,0.0,0.0,2387977092.0
5987.0,20.46291425565492,1.0,941.0,2613.444068237541,40.00465046431037,-120.83794094599376,52.1,64946.0,0.0,0.0,0.0,0.0,19607.0,2.0,0.0,0.0,0.0,69716112.0
91446.0,43.55796468303216,1.0,9638.0,607.1604721587531,37.02159018364554,-122.00957031229625,39.6,109266.0,1.0,0.0,1.0,0.0,266021.0,2.0,400.0,0.0,0.0,1351523255.0
30163.0,20.20745235030949,1.0,3476.0,608.4148120875715,39.03427456853581,-121.69453434561657,36.4,75450.0,0.0,0.0,0.0,0.0,98971.0,2.0,0.0,0.0,0.0,342011693.0
9617.0,22.185801535272034,1.0,1376.0,1036.9263699809671,38.204458658099185,-120.5546675464701,52.0,79877.0,0.0,0.0,0.0,0.0,45995.0,3.0,0.0,0.0,0.0,111444341.0
9181.0,16.482336518844626,1.0,1236.0,1326.9767269702027,39.598476800476945,-122.39201249335272,35.9,70487.0,0.0,0.0,0.0,0.0,28623.0,3.0,0.0,0.0,0.0,107155231.0
195159.0,27.883727092389556,1.0,14323.0,3771.2208005395887,36.239504143459484,-121.30662637129737,35.3,94486.0,3.0,0.0,3.0,0.0,435834.0,3.0,1200.0,0.0,0.0,2550777130.0
98562.0,43.55796468303216,1.0,9732.0,607.1604721587531,37.02159018364554,-122.00957031229625,39.6,109266.0,1.0,0.0,1.0,0.0,266021.0,3.0,280.0,0.0,0.0,1461373127.0
103458.0,44.08385081248704,1.0,7255.0,1021.8257443699976,38.6865515088214,-121.90056641872224,32.3,88818.0,2.0,0.0,2.0,0.0,217782.0,3.0,800.0,0.0,0.0,1698060509.0
342567.0,44.91015896659383,1.0,35075.0,803.9099721779048,37.92353933794917,-121.95094420575256,40.3,125727.0,0.0,0.0,0.0,0.0,1161458.0,4.0,0.0,0.0,0.0,7165715994.0
656713.0,33.28378226721884,1.0,64001.0,994.3623322860957,38.449053680297055,-121.34451586989564,37.2,88724.0,3.0,0.0,3.0,0.0,1584047.0,4.0,1580.0,0.0,0.0,12005859012.0
1378641.0,42.08987125049854,1.0,119329.0,4525.7279337106775,33.02819299849969,-116.76989830322081,37.1,102285.0,39.0,0.0,39.0,0.0,3282782.0,4.0,62880.0,0.0,0.0,28073710236.0
64573.0,16.100269483279376,1.0,8144.0,4480.599127667921,33.03992461908436,-115.36534775339051,33.0,56393.0,2.0,0.0,2.0,0.0,179319.0,1.0,800.0,0.0,0.0,692879487.0
9123.0,13.212723998971104,1.0,734.0,4720.115276003642,40.67263063026285,-120.59327450404597,37.8,64395.0,0.0,0.0,0.0,0.0,31177.0,2.0,0.0,0.0,0.0,118153417.0
329786.0,44.91015896659383,1.0,34461.0,803.9099721779048,37.92353933794917,-121.95094420575256,40.3,125727.0,0.0,0.0,0.0,0.0,1161458.0,3.0,0.0,0.0,0.0,6271129062.0
7051.0,31.819817226739584,1.0,769.0,10227.099456702994,36.51016223187202,-117.40560074502446,45.6,72432.0,0.0,0.0,0.0,0.0,18803.0,3.0,0.0,0.0,0.0,85801049.0
100964.0,60.45916621480051,1.0,12606.0,828.1766410487686,38.05513917820608,-122.74857941401069,47.3,142785.0,12.0,0.0,12.0,0.0,258765.0,3.0,4640.0,0.0,0.0,2044178272.0
70674.0,38.517125422897266,1.0,5924.0,792.3014390203438,38.506669323212186,-122.3304828015586,42.8,108970.0,3.0,0.0,3.0,0.0,136070.0,3.0,2880.0,0.0,0.0,1069740593.0
657122.0,60.12076421243264,1.0,61280.0,231.91378755252734,37.76007116407808,-122.69412210887407,39.7,141446.0,21.0,0.0,21.0,0.0,836321.0,3.0,8560.0,0.0,0.0,23487231371.0
31519.0,20.20745235030949,1.0,3542.0,608.4148120875715,39.03427456853581,-121.69453434561657,36.4,75450.0,0.0,0.0,0.0,0.0,98971.0,3.0,0.0,0.0,0.0,360471867.0
9548.0,13.212723998971104,1.0,745.0,4720.115276003642,40.67263063026285,-120.59327450404597,37.8,64395.0,0.0,0.0,0.0,0.0,31177.0,4.0,0.0,0.0,0.0,141230716.0
2597.0,23.004038521279902,1.0,397.0,4203.255762874587,41.58965368270825,-120.72501437875414,49.0,56648.0,0.0,0.0,0.0,0.0,8646.0,4.0,0.0,0.0,0.0,30247643.0
185633.0,19.136945701036627,1.0,16587.0,1514.057161459023,37.5589417190648,-120.99849485414198,34.8,79661.0,0.0,0.0,0.0,0.0,552250.0,4.0,0.0,0.0,0.0,2674804942.0
103419.0,44.08385081248704,1.0,7363.0,1021.8257443699976,38.6865515088214,-121.90056641872224,32.3,88818.0,0.0,0.0,0.0,0.0,217782.0,4.0,0.0,0.0,0.0,1849249494.0
370496.0,44.91015896659383,1.0,33953.0,803.9099721779048,37.92353933794917,-121.95094420575256,40.3,125727.0,15.0,0.0,15.0,0.0,1161458.0,1.0,5360.0,0.0,0.0,7012693640.0
9258.0,13.212723998971104,1.0,733.0,4720.115276003642,40.67263063026285,-120.59327450404597,37.8,64395.0,0.0,0.0,0.0,0.0,31177.0,1.0,0.0,0.0,0.0,112056300.0
1125699.0,55.865627050350255,1.0,74802.0,1304.0557004984757,37.23243382622572,-121.69583325334833,37.9,159674.0,60.0,0.0,60.0,0.0,1903297.0,1.0,244240.0,0.0,0.0,42404820075.0
101538.0,43.55796468303216,1.0,9647.0,607.1604721587531,37.02159018364554,-122.00957031229625,39.6,109266.0,92.0,0.0,92.0,0.0,266021.0,1.0,41040.0,0.0,0.0,1454992537.0
18893.0,18.843192237503896,1.0,2034.0,2962.174856842099,40.126040061066114,-122.2344962648283,40.1,61834.0,1.0,0.0,1.0,0.0,65520.0,1.0,960.0,0.0,0.0,203533064.0
105664.0,44.08385081248704,1.0,7156.0,1021.8257443699976,38.6865515088214,-121.90056641872224,32.3,88818.0,5.0,0.0,5.0,0.0,217782.0,1.0,2000.0,0.0,0.0,1616887893.0
11566.0,22.443391582574453,1.0,1180.0,605.9503896179209,38.44659889460041,-120.65166651032878,49.9,81526.0,0.0,0.0,0.0,0.0,41029.0,3.0,0.0,0.0,0.0,146767446.0
315602.0,18.573575991839803,1.0,21989.0,8164.9173784182485,35.34353506527538,-118.72903973163824,32.4,67660.0,0.0,0.0,0.0,0.0,910433.0,3.0,0.0,0.0,0.0,3988306010.0
5117.0,30.861708482676224,1.0,562.0,1462.8245424186043,37.58147179588342,-119.90594238514464,51.6,65378.0,0.0,0.0,0.0,0.0,17060.0,3.0,0.0,0.0,0.0,57874434.0
8977.0,14.523979957050823,1.0,903.0,1156.353491058561,39.177506529661116,-122.23673277297777,35.7,75149.0,0.0,0.0,0.0,0.0,21895.0,4.0,0.0,0.0,0.0,122809579.0
6168.0,20.46291425565492,1.0,965.0,2613.444068237541,40.00465046431037,-120.83794094599376,52.1,64946.0,0.0,0.0,0.0,0.0,19607.0,4.0,0.0,0.0,0.0,81194537.0
8131.0,34.32124352331606,1.0,672.0,3131.7985116614536,37.93840625683518,-118.88393311930923,40.3,86953.0,2.0,0.0,2.0,0.0,13169.0,1.0,800.0,0.0,0.0,79879683.0
1647976.0,43.401037672660124,1.0,127114.0,949.7168045236148,33.67689578291624,-117.77656042636896,39.1,113702.0,354.0,0.0,354.0,0.0,3164063.0,1.0,403376.0,0.0,0.0,28529521314.0
174092.0,42.89064398957895,1.0,13873.0,1502.2359474204736,39.063807401803494,-120.71900434919911,42.4,114678.0,7.0,0.0,7.0,0.0,412435.0,1.0,3600.0,0.0,0.0,2613164183.0
1490941.0,42.08987125049854,1.0,116122.0,4525.7279337106775,33.02819299849969,-116.76989830322081,37.1,102285.0,382.0,0.0,382.0,0.0,3282782.0,1.0,474328.0,0.0,0.0,25485259051.0
4593.0,34.32124352331606,1.0,666.0,3131.7985116614536,37.93840625683518,-118.88393311930923,40.3,86953.0,0.0,0.0,0.0,0.0,13169.0,2.0,0.0,0.0,0.0,56360570.0
1407873.0,43.401037672660124,1.0,127381.0,949.7168045236148,33.67689578291624,-117.77656042636896,39.1,113702.0,14.0,0.0,14.0,0.0,3164063.0,2.0,5584.0,0.0,0.0,24417133631.0
655028.0,60.12076421243264,1.0,61001.0,231.91378755252734,37.76007116407808,-122.69412210887407,39.7,141446.0,20.0,0.0,20.0,0.0,836321.0,2.0,10320.0,0.0,0.0,22555139636.0
533.0,42.10526315789473,1.0,83.0,743.1887428922734,38.59709859657406,-119.82060282887257,41.1,110781.0,0.0,0.0,0.0,0.0,1695.0,3.0,0.0,0.0,0.0,6701149.0
128981.0,28.367041437079976,1.0,11854.0,906.1440952298753,38.26680192264813,-121.9401797035494,39.1,99994.0,1.0,0.0,1.0,0.0,450824.0,3.0,6400.0,0.0,0.0,2093220941.0
9949.0,22.185801535272034,1.0,1357.0,1036.9263699809671,38.204458658099185,-120.5546675464701,52.0,79877.0,0.0,0.0,0.0,0.0,45995.0,1.0,0.0,0.0,0.0,101436728.0
8158.0,20.974160076562736,1.0,821.0,1229.681684316719,41.744691086401055,-123.95766040987809,40.8,66780.0,0.0,0.0,0.0,0.0,27293.0,1.0,0.0,0.0,0.0,85670296.0
393660.0,23.854495908489586,1.0,38179.0,6011.127948199015,36.75853094618111,-119.65342684363189,33.2,71434.0,57.0,0.0,57.0,0.0,1012152.0,1.0,213390.0,0.0,0.0,4495121809.0
7568.0,31.819817226739584,1.0,766.0,10227.099456702994,36.51016223187202,-117.40560074502446,45.6,72432.0,0.0,0.0,0.0,0.0,18803.0,1.0,0.0,0.0,0.0,89750314.0
65781.0,38.517125422897266,1.0,5872.0,792.3014390203438,38.506669323212186,-122.3304828015586,42.8,108970.0,0.0,0.0,0.0,0.0,136070.0,2.0,0.0,0.0,0.0,1014522641.0
61660.0,23.266685790040857,1.0,7478.0,3847.3961177642345,40.76364876697064,-122.04134718043841,41.7,71931.0,1.0,0.0,1.0,0.0,181554.0,2.0,400.0,0.0,0.0,746287514.0
175820.0,19.136945701036627,1.0,16389.0,1514.057161459023,37.5589417190648,-120.99849485414198,34.8,79661.0,0.0,0.0,0.0,0.0,552250.0,2.0,0.0,0.0,0.0,2311706904.0
156754.0,15.839490911134213,1.0,11661.0,4838.285667681717,36.220043432758864,-118.80036101709678,31.9,69489.0,0.0,0.0,0.0,0.0,475774.0,2.0,0.0,0.0,0.0,1732699853.0
46058.0,13.919095714061436,1.0,4504.0,1392.1942069005058,36.07496094489133,-119.81583856650784,32.3,68750.0,0.0,0.0,0.0,0.0,152830.0,3.0,0.0,0.0,0.0,585778890.0
1330853.0,42.08987125049854,1.0,117344.0,4525.7279337106775,33.02819299849969,-116.76989830322081,37.1,102285.0,19.0,0.0,19.0,0.0,3282782.0,3.0,8480.0,0.0,0.0,23056795010.0
106675.0,39.201400387945306,1.0,10666.0,3615.766363116764,35.38757707614939,-120.4507099023192,40.2,93398.0,0.0,0.0,0.0,0.0,281486.0,3.0,0.0,0.0,0.0,1445751731.0
1028226.0,55.865627050350255,1.0,75259.0,1304.0557004984757,37.23243382622572,-121.69583325334833,37.9,159674.0,1.0,0.0,1.0,0.0,1903297.0,3.0,400.0,0.0,0.0,38482080015.0
49677.0,17.12878493305018,1.0,4673.0,2153.2391289805496,37.21782461616294,-119.76474047044498,34.6,75496.0,0.0,0.0,0.0,0.0,158790.0,4.0,0.0,0.0,0.0,674540095.0
310776.0,35.66576039958768,1.0,28541.0,2206.558936270178,34.355871204221266,-119.12654460816057,39.4,107327.0,11.0,0.0,11.0,0.0,838259.0,4.0,52400.0,0.0,0.0,5361337987.0
1009.0,42.10526315789473,1.0,82.0,743.1887428922734,38.59709859657406,-119.82060282887257,41.1,110781.0,0.0,0.0,0.0,0.0,1695.0,1.0,0.0,0.0,0.0,10287947.0
80154.0,31.720564273446563,1.0,8411.0,1677.1310334359375,39.66655443197179,-121.60070084884747,36.3,68574.0,19.0,0.0,19.0,0.0,209470.0,1.0,15040.0,0.0,0.0,901366797.0
32753.0,39.46003256465599,1.0,3789.0,973.7957661243578,39.30167525657132,-120.76952482654217,50.3,84905.0,2.0,0.0,2.0,0.0,102452.0,1.0,800.0,0.0,0.0,379168814.0
76488.0,14.780215294542995,1.0,6920.0,1978.6519681682591,37.1916854374536,-120.71843298756356,31.8,65044.0,0.0,0.0,0.0,0.0,285597.0,2.0,0.0,0.0,0.0,883404278.0
242350.0,21.572958036625103,1.0,18704.0,1426.6010791666342,37.93443695137347,-121.27165936777493,35.2,88531.0,1.0,0.0,1.0,0.0,787416.0,2.0,960.0,0.0,0.0,3180826890.0
295771.0,35.66576039958768,1.0,27776.0,2206.558936270178,34.355871204221266,-119.12654460816057,39.4,107327.0,1.0,0.0,1.0,0.0,838259.0,2.0,960.0,0.0,0.0,4602266963.0
9360.0,14.523979957050823,1.0,889.0,1156.353491058561,39.177506529661116,-122.23673277297777,35.7,75149.0,0.0,0.0,0.0,0.0,21895.0,3.0,0.0,0.0,0.0,115360279.0
3944603.0,35.470992419092156,1.0,516341.0,4749.439484208034,34.196118871519026,-118.2618483994794,37.9,87760.0,436.0,0.0,436.0,0.0,9848406.0,3.0,209192.0,0.0,0.0,68254114741.0
2691.0,23.004038521279902,1.0,390.0,4203.255762874587,41.58965368270825,-120.72501437875414,49.0,56648.0,0.0,0.0,0.0,0.0,8646.0,3.0,0.0,0.0,0.0,29852924.0
9698.0,22.185801535272034,1.0,1401.0,1036.9263699809671,38.204458658099185,-120.5546675464701,52.0,79877.0,0.0,0.0,0.0,0.0,45995.0,4.0,0.0,0.0,0.0,123497803.0
104740.0,60.45916621480051,1.0,12780.0,828.1766410487686,38.05513917820608,-122.74857941401069,47.3,142785.0,37.0,0.0,37.0,0.0,258765.0,4.0,14640.0,0.0,0.0,2392357575.0
6114.0,34.32124352331606,1.0,677.0,3131.7985116614536,37.93840625683518,-118.88393311930923,40.3,86953.0,0.0,0.0,0.0,0.0,13169.0,4.0,0.0,0.0,0.0,73196405.0
19042.0,18.843192237503896,1.0,2071.0,2962.174856842099,40.126040061066114,-122.2344962648283,40.1,61834.0,0.0,0.0,0.0,0.0,65520.0,4.0,0.0,0.0,0.0,261708217.0
655758.0,60.12076421243264,1.0,60651.0,231.91378755252734,37.76007116407808,-122.69412210887407,39.7,141446.0,6.0,0.0,6.0,0.0,836321.0,1.0,2480.0,0.0,0.0,31720561629.0
76838.0,31.720564273446563,1.0,8294.0,1677.1310334359375,39.66655443197179,-121.60070084884747,36.3,68574.0,4.0,0.0,4.0,0.0,209470.0,2.0,800.0,0.0,0.0,962954710.0
9467.0,14.523979957050823,1.0,926.0,1156.353491058561,39.177506529661116,-122.23673277297777,35.7,75149.0,1.0,0.0,1.0,0.0,21895.0,2.0,0.0,0.0,0.0,114705741.0
46727.0,13.919095714061436,1.0,4541.0,1392.1942069005058,36.07496094489133,-119.81583856650784,32.3,68750.0,0.0,0.0,0.0,0.0,152830.0,2.0,0.0,0.0,0.0,587434908.0
172970.0,42.89064398957895,1.0,14219.0,1502.2359474204736,39.063807401803494,-120.71900434919911,42.4,114678.0,7.0,0.0,7.0,0.0,412435.0,2.0,13200.0,0.0,0.0,2787707382.0
1412509.0,42.08987125049854,1.0,118410.0,4525.7279337106775,33.02819299849969,-116.76989830322081,37.1,102285.0,36.0,0.0,36.0,0.0,3282782.0,2.0,176160.0,0.0,0.0,25261916931.0
99891.0,43.55796468303216,1.0,9681.0,607.1604721587531,37.02159018364554,-122.00957031229625,39.6,109266.0,17.0,0.0,17.0,0.0,266021.0,2.0,6680.0,0.0,0.0,1509186291.0
31728.0,39.46003256465599,1.0,3960.0,973.7957661243578,39.30167525657132,-120.76952482654217,50.3,84905.0,8.0,0.0,8.0,0.0,102452.0,3.0,1200.0,0.0,0.0,436103721.0
13935.0,23.083615573439392,1.0,1730.0,6347.938252495964,41.59330971236391,-122.54039224371505,47.4,55499.0,2.0,0.0,2.0,0.0,43834.0,3.0,0.0,0.0,0.0,172357199.0
19222.0,18.843192237503896,1.0,2078.0,2962.174856842099,40.126040061066114,-122.2344962648283,40.1,61834.0,10.0,0.0,10.0,0.0,65520.0,3.0,4000.0,0.0,0.0,250504973.0
372743.0,23.854495908489586,1.0,38640.0,6011.127948199015,36.75853094618111,-119.65342684363189,33.2,71434.0,0.0,0.0,0.0,0.0,1012152.0,1.0,0.0,0.0,0.0,4536108932.0
67164.0,38.517125422897266,1.0,5855.0,792.3014390203438,38.506669323212186,-122.3304828015586,42.8,108970.0,0.0,0.0,0.0,0.0,136070.0,1.0,0.0,0.0,0.0,1061666759.0
13797.0,23.083615573439392,1.0,1719.0,6347.938252495964,41.59330971236391,-122.54039224371505,47.4,55499.0,0.0,0.0,0.0,0.0,43834.0,2.0,0.0,0.0,0.0,162722461.0
164793.0,15.839490911134213,1.0,12264.0,4838.285667681717,36.220043432758864,-118.80036101709678,31.9,69489.0,0.0,0.0,0.0,0.0,475774.0,2.0,0.0,0.0,0.0,1891197479.0
759373.0,51.46936470398402,1.0,66845.0,821.2085166728324,37.65058029746707,-121.91780145156679,38.7,126240.0,243.0,0.0,243.0,0.0,1651949.0,3.0,623400.0,0.0,0.0,17163942788.0
9455.0,16.482336518844626,1.0,1219.0,1326.9767269702027,39.598476800476945,-122.39201249335272,35.9,70487.0,0.0,0.0,0.0,0.0,28623.0,3.0,0.0,0.0,0.0,118994109.0
7264.0,31.819817226739584,1.0,771.0,10227.099456702994,36.51016223187202,-117.40560074502446,45.6,72432.0,2.0,0.0,2.0,0.0,18803.0,3.0,12800.0,0.0,0.0,92341155.0
47047.0,13.919095714061436,1.0,4585.0,1392.1942069005058,36.07496094489133,-119.81583856650784,32.3,68750.0,0.0,0.0,0.0,0.0,152830.0,3.0,0.0,0.0,0.0,594815831.0
200754.0,37.8469385158651,1.0,20219.0,1767.3423561904444,38.525248521353824,-122.92188038526332,42.7,102840.0,70.0,0.0,70.0,0.0,485642.0,3.0,223680.0,0.0,0.0,3367375933.0
17007.0,23.944468298268212,1.0,1694.0,2274.45156123147,38.02764357742436,-119.95493812698564,48.8,72259.0,1.0,0.0,1.0,0.0,54873.0,3.0,400.0,0.0,0.0,221011350.0
56366.0,38.82410175418806,1.0,5999.0,1786.3605240054378,38.778900011875415,-120.5250410581759,46.1,106190.0,11.0,1.0,11.0,0.0,192299.0,4.0,58640.0,0.0,60000.0,893741936.0
9461.0,13.212723998971104,1.0,738.0,4720.115276003642,40.67263063026285,-120.59327450404597,37.8,64395.0,0.0,0.0,0.0,0.0,31177.0,4.0,0.0,0.0,0.0,133831842.0
7548.0,34.32124352331606,1.0,701.0,3131.7985116614536,37.93840625683518,-118.88393311930923,40.3,86953.0,0.0,0.0,0.0,0.0,13169.0,4.0,0.0,0.0,0.0,92915720.0
825980.0,22.901440338137302,1.0,68506.0,20105.394817801967,34.842030309075156,-116.17662379678129,34.4,82184.0,224.0,0.0,224.0,0.0,2187816.0,4.0,3349894.0,0.0,0.0,12404975369.0
217588.0,35.869939954606835,1.0,16478.0,3787.6908512866726,34.53743979389637,-120.0302768485835,34.5,95977.0,31.0,0.0,31.0,0.0,443975.0,4.0,53404.0,0.0,0.0,3675083096.0
19747.0,18.843192237503896,1.0,2083.0,2962.174856842099,40.126040061066114,-122.2344962648283,40.1,61834.0,0.0,0.0,0.0,0.0,65520.0,4.0,0.0,0.0,0.0,280763863.0
49669.0,17.12878493305018,1.0,4639.0,2153.2391289805496,37.21782461616294,-119.76474047044498,34.6,75496.0,0.0,0.0,0.0,0.0,158790.0,1.0,0.0,0.0,0.0,583319805.0
101462.0,60.45916621480051,1.0,12470.0,828.1766410487686,38.05513917820608,-122.74857941401069,47.3,142785.0,1.0,0.0,1.0,0.0,258765.0,1.0,400.0,0.0,0.0,2265895187.0
193767.0,35.869939954606835,1.0,15867.0,3787.6908512866726,34.53743979389637,-120.0302768485835,34.5,95977.0,7.0,0.0,7.0,0.0,443975.0,1.0,2800.0,0.0,0.0,2914474642.0
29314.0,20.20745235030949,1.0,3574.0,608.4148120875715,39.03427456853581,-121.69453434561657,36.4,75450.0,0.0,0.0,0.0,0.0,98971.0,1.0,0.0,0.0,0.0,333633638.0
7887.0,20.974160076562736,1.0,796.0,1229.681684316719,41.744691086401055,-123.95766040987809,40.8,66780.0,0.0,0.0,0.0,0.0,27293.0,2.0,0.0,0.0,0.0,94637351.0
47826.0,32.085138242686774,1.0,6102.0,4052.255054743655,40.70277291928399,-123.91630205492689,39.6,61135.0,9.0,0.0,9.0,0.0,135418.0,2.0,2800.0,0.0,0.0,583138596.0
323973.0,18.573575991839803,1.0,22685.0,8164.9173784182485,35.34353506527538,-118.72903973163824,32.4,67660.0,2.0,0.0,2.0,0.0,910433.0,2.0,400.0,0.0,0.0,4265294433.0
1543700.0,43.401037672660124,1.0,131828.0,949.7168045236148,33.67689578291624,-117.77656042636896,39.1,113702.0,62.0,0.0,62.0,0.0,3164063.0,2.0,17552.0,0.0,0.0,27862102412.0
105112.0,44.08385081248704,1.0,7329.0,1021.8257443699976,38.6865515088214,-121.90056641872224,32.3,88818.0,1.0,0.0,1.0,0.0,217782.0,2.0,0.0,0.0,0.0,1742923825.0
133505.0,28.367041437079976,1.0,12138.0,906.1440952298753,38.26680192264813,-121.9401797035494,39.1,99994.0,15.0,0.0,15.0,0.0,450824.0,3.0,4600.0,0.0,0.0,2148960955.0
341830.0,18.573575991839803,1.0,23494.0,8164.9173784182485,35.34353506527538,-118.72903973163824,32.4,67660.0,21.0,0.0,21.0,0.0,910433.0,4.0,43200.0,0.0,0.0,4880025391.0
6020.0,20.46291425565492,1.0,958.0,2613.444068237541,40.00465046431037,-120.83794094599376,52.1,64946.0,2.0,0.0,2.0,0.0,19607.0,4.0,640.0,0.0,0.0,83822191.0
418401.0,53.071234072167506,1.0,29704.0,740.947837007639,37.435907175553204,-122.3555722224761,40.6,156000.0,30.0,0.0,30.0,0.0,745100.0,4.0,11520.0,0.0,0.0,19640887410.0
2708.0,18.04651919323357,1.0,468.0,3207.610843179456,40.64915450943153,-123.11400057250617,54.8,53498.0,5.0,0.0,5.0,0.0,15886.0,4.0,2560.0,0.0,0.0,35647420.0
9428.0,22.185801535272034,1.0,1393.0,1036.9263699809671,38.204458658099185,-120.5546675464701,52.0,79877.0,0.0,0.0,0.0,0.0,45995.0,1.0,0.0,0.0,0.0,102859205.0
6876.0,31.819817226739584,1.0,765.0,10227.099456702994,36.51016223187202,-117.40560074502446,45.6,72432.0,0.0,0.0,0.0,0.0,18803.0,1.0,0.0,0.0,0.0,85095618.0
5576.0,20.46291425565492,1.0,931.0,2613.444068237541,40.00465046431037,-120.83794094599376,52.1,64946.0,0.0,0.0,0.0,0.0,19607.0,1.0,0.0,0.0,0.0,66460509.0
387130.0,53.071234072167506,1.0,28764.0,740.947837007639,37.435907175553204,-122.3555722224761,40.6,156000.0,1.0,0.0,1.0,0.0,745100.0,1.0,200.0,0.0,0.0,17933928970.0
182094.0,19.136945701036627,1.0,16452.0,1514.057161459023,37.5589417190648,-120.99849485414198,34.8,79661.0,0.0,0.0,0.0,0.0,552250.0,1.0,0.0,0.0,0.0,2476461632.0
153993.0,15.839490911134213,1.0,12015.0,4838.285667681717,36.220043432758864,-118.80036101709678,31.9,69489.0,1.0,0.0,1.0,0.0,475774.0,1.0,400.0,0.0,0.0,1718204048.0
350999.0,44.91015896659383,1.0,34820.0,803.9099721779048,37.92353933794917,-121.95094420575256,40.3,125727.0,3.0,0.0,3.0,0.0,1161458.0,2.0,1200.0,0.0,0.0,6845590014.0
675347.0,60.12076421243264,1.0,61082.0,231.91378755252734,37.76007116407808,-122.69412210887407,39.7,141446.0,48.0,0.0,48.0,0.0,836321.0,2.0,17280.0,0.0,0.0,29976082792.0
2801.0,18.04651919323357,1.0,467.0,3207.610843179456,40.64915450943153,-123.11400057250617,54.8,53498.0,1.0,0.0,1.0,0.0,15886.0,2.0,0.0,0.0,0.0,32212321.0
7994.0,20.974160076562736,1.0,802.0,1229.681684316719,41.744691086401055,-123.95766040987809,40.8,66780.0,0.0,0.0,0.0,0.0,27293.0,3.0,0.0,0.0,0.0,94808828.0
399205.0,23.854495908489586,1.0,39284.0,6011.127948199015,36.75853094618111,-119.65342684363189,33.2,71434.0,28.0,0.0,28.0,0.0,1012152.0,3.0,93660.0,0.0,0.0,5087278621.0
61614.0,16.100269483279376,1.0,8207.0,4480.599127667921,33.03992461908436,-115.36534775339051,33.0,56393.0,2.0,0.0,2.0,0.0,179319.0,3.0,800.0,0.0,0.0,743790204.0
9347.0,13.212723998971104,1.0,739.0,4720.115276003642,40.67263063026285,-120.59327450404597,37.8,64395.0,2.0,0.0,2.0,0.0,31177.0,3.0,0.0,0.0,0.0,131829139.0
1080675.0,55.865627050350255,1.0,76190.0,1304.0557004984757,37.23243382622572,-121.69583325334833,37.9,159674.0,127.0,0.0,127.0,0.0,1903297.0,3.0,708120.0,0.0,0.0,45210335987.0
4435486.0,35.470992419092156,1.0,536913.0,4749.439484208034,34.196118871519026,-118.2618483994794,37.9,87760.0,2040.0,1.0,2040.0,0.0,9848406.0,4.0,5611380.0,0.0,40000.0,97824933960.0
325166.0,35.66576039958768,1.0,29145.0,2206.558936270178,34.355871204221266,-119.12654460816057,39.4,107327.0,55.0,0.0,55.0,0.0,838259.0,4.0,100880.0,0.0,0.0,5702762848.0
19906.0,17.8964071177604,1.0,1781.0,644.0076123533381,39.268749718550964,-121.35179088199844,33.9,73313.0,6.0,0.0,6.0,0.0,83079.0,4.0,38400.0,0.0,0.0,314499303.0
45398.0,13.919095714061436,1.0,4524.0,1392.1942069005058,36.07496094489133,-119.81583856650784,32.3,68750.0,0.0,0.0,0.0,0.0,152830.0,1.0,0.0,0.0,0.0,546105315.0
29263.0,24.923685784847603,1.0,4174.0,3878.1544171646246,39.43217732619602,-123.43132735660902,43.9,64688.0,0.0,0.0,0.0,0.0,90709.0,1.0,0.0,0.0,0.0,328834938.0
1035186.0,55.865627050350255,1.0,74866.0,1304.0557004984757,37.23243382622572,-121.69583325334833,37.9,159674.0,0.0,0.0,0.0,0.0,1903297.0,1.0,0.0,0.0,0.0,47078689244.0
483.0,24.404761904761905,1.0,137.0,962.1642285745723,39.580682227053714,-120.51601083545448,56.0,60000.0,0.0,0.0,0.0,0.0,2731.0,1.0,0.0,0.0,0.0,4644672.0
51246.0,17.12878493305018,1.0,4688.0,2153.2391289805496,37.21782461616294,-119.76474047044498,34.6,75496.0,0.0,0.0,0.0,0.0,158790.0,2.0,0.0,0.0,0.0,636784222.0
7263.0,34.32124352331606,1.0,692.0,3131.7985116614536,37.93840625683518,-118.88393311930923,40.3,86953.0,0.0,0.0,0.0,0.0,13169.0,2.0,0.0,0.0,0.0,78910242.0
132282.0,28.367041437079976,1.0,11962.0,906.1440952298753,38.26680192264813,-121.9401797035494,39.1,99994.0,3.0,0.0,3.0,0.0,450824.0,2.0,13200.0,0.0,0.0,2127021734.0
19082.0,18.843192237503896,1.0,2055.0,2962.174856842099,40.126040061066114,-122.2344962648283,40.1,61834.0,0.0,0.0,0.0,0.0,65520.0,2.0,0.0,0.0,0.0,247118113.0
793457.0,22.901440338137302,1.0,67468.0,20105.394817801967,34.842030309075156,-116.17662379678129,34.4,82184.0,131.0,1.0,131.0,0.0,2187816.0,3.0,1779960.0,0.0,80000.0,10893667166.0
407470.0,53.071234072167506,1.0,29295.0,740.947837007639,37.435907175553204,-122.3555722224761,40.6,156000.0,85.0,0.0,85.0,0.0,745100.0,3.0,151560.0,0.0,0.0,19633538612.0
558.0,42.10526315789473,1.0,81.0,743.1887428922734,38.59709859657406,-119.82060282887257,41.1,110781.0,0.0,0.0,0.0,0.0,1695.0,4.0,0.0,0.0,0.0,7958688.0
78844.0,31.720564273446563,1.0,8318.0,1677.1310334359375,39.66655443197179,-121.60070084884747,36.3,68574.0,13.0,0.0,13.0,0.0,209470.0,4.0,12880.0,0.0,0.0,1093287874.0
15885.0,17.743946050883824,1.0,3038.0,1328.0941710001237,39.09948485335015,-122.75277619233945,44.2,58738.0,0.0,0.0,0.0,0.0,68139.0,4.0,0.0,0.0,0.0,197337179.0
688384.0,33.28378226721884,1.0,65438.0,994.3623322860957,38.449053680297055,-121.34451586989564,37.2,88724.0,231.0,1.0,231.0,0.0,1584047.0,4.0,1861610.0,0.0,160000.0,13211884073.0
966.0,42.10526315789473,1.0,87.0,743.1887428922734,38.59709859657406,-119.82060282887257,41.1,110781.0,0.0,0.0,0.0,0.0,1695.0,1.0,0.0,0.0,0.0,9063131.0
11398.0,22.443391582574453,1.0,1165.0,605.9503896179209,38.44659889460041,-120.65166651032878,49.9,81526.0,0.0,0.0,0.0,0.0,41029.0,1.0,0.0,0.0,0.0,148341794.0
306585.0,18.573575991839803,1.0,22380.0,8164.9173784182485,35.34353506527538,-118.72903973163824,32.4,67660.0,0.0,0.0,0.0,0.0,910433.0,1.0,0.0,0.0,0.0,3976926670.0
9278.0,16.482336518844626,1.0,1218.0,1326.9767269702027,39.598476800476945,-122.39201249335272,35.9,70487.0,0.0,0.0,0.0,0.0,28623.0,2.0,0.0,0.0,0.0,113636422.0
10024.0,14.523979957050823,1.0,936.0,1156.353491058561,39.177506529661116,-122.23673277297777,35.7,75149.0,1.0,0.0,1.0,0.0,21895.0,3.0,0.0,0.0,0.0,125343600.0
47901.0,32.085138242686774,1.0,6168.0,4052.255054743655,40.70277291928399,-123.91630205492689,39.6,61135.0,13.0,0.0,13.0,0.0,135418.0,3.0,8640.0,0.0,0.0,599967571.0
52795.0,17.12878493305018,1.0,4732.0,2153.2391289805496,37.21782461616294,-119.76474047044498,34.6,75496.0,2.0,0.0,2.0,0.0,158790.0,3.0,400.0,0.0,0.0,670641200.0
17860.0,22.386651323360184,1.0,1702.0,1390.4738481890568,36.605527397901405,-121.07407728623134,35.9,108289.0,0.0,0.0,0.0,0.0,66056.0,3.0,0.0,0.0,0.0,248027148.0
108023.0,44.08385081248704,1.0,7357.0,1021.8257443699976,38.6865515088214,-121.90056641872224,32.3,88818.0,2.0,0.0,2.0,0.0,217782.0,3.0,800.0,0.0,0.0,1879706931.0
7336.0,31.819817226739584,1.0,770.0,10227.099456702994,36.51016223187202,-117.40560074502446,45.6,72432.0,0.0,0.0,0.0,0.0,18803.0,4.0,0.0,0.0,0.0,103642371.0
31427.0,24.923685784847603,1.0,4206.0,3878.1544171646246,39.43217732619602,-123.43132735660902,43.9,64688.0,5.0,0.0,5.0,0.0,90709.0,4.0,2000.0,0.0,0.0,411384814.0
192370.0,27.883727092389556,1.0,14648.0,3771.2208005395887,36.239504143459484,-121.30662637129737,35.3,94486.0,18.0,0.0,18.0,0.0,435834.0,4.0,10720.0,0.0,0.0,2798383711.0
177941.0,42.89064398957895,1.0,14633.0,1502.2359474204736,39.063807401803494,-120.71900434919911,42.4,114678.0,3.0,0.0,3.0,0.0,412435.0,4.0,12800.0,0.0,0.0,3289669866.0
273969.0,21.572958036625103,1.0,19768.0,1426.6010791666342,37.93443695137347,-121.27165936777493,35.2,88531.0,8.0,0.0,8.0,0.0,787416.0,4.0,4640.0,0.0,0.0,4158541644.0
117736.0,39.201400387945306,1.0,11012.0,3615.766363116764,35.38757707614939,-120.4507099023192,40.2,93398.0,28.0,0.0,28.0,0.0,281486.0,4.0,124800.0,0.0,0.0,1832998898.0
102309.0,43.55796468303216,1.0,9907.0,607.1604721587531,37.02159018364554,-122.00957031229625,39.6,109266.0,102.0,0.0,102.0,0.0,266021.0,4.0,44040.0,0.0,0.0,1672785790.0
16855.0,23.944468298268212,1.0,1708.0,2274.45156123147,38.02764357742436,-119.95493812698564,48.8,72259.0,0.0,0.0,0.0,0.0,54873.0,4.0,0.0,0.0,0.0,236789408.0
339282.0,44.91015896659383,1.0,34452.0,803.9099721779048,37.92353933794917,-121.95094420575256,40.3,125727.0,2.0,0.0,2.0,0.0,1161458.0,1.0,400.0,0.0,0.0,7090374809.0
15922.0,17.743946050883824,1.0,3064.0,1328.0941710001237,39.09948485335015,-122.75277619233945,44.2,58738.0,0.0,0.0,0.0,0.0,68139.0,1.0,0.0,0.0,0.0,176645551.0
6624.0,34.32124352331606,1.0,680.0,3131.7985116614536,37.93840625683518,-118.88393311930923,40.3,86953.0,0.0,0.0,0.0,0.0,13169.0,1.0,0.0,0.0,0.0,72398819.0
773333.0,22.901440338137302,1.0,66157.0,20105.394817801967,34.842030309075156,-116.17662379678129,34.4,82184.0,2.0,0.0,2.0,0.0,2187816.0,1.0,800.0,0.0,0.0,10053756400.0
2508.0,18.04651919323357,1.0,468.0,3207.610843179456,40.64915450943153,-123.11400057250617,54.8,53498.0,0.0,0.0,0.0,0.0,15886.0,1.0,0.0,0.0,0.0,29024863.0
304355.0,35.66576039958768,1.0,28029.0,2206.558936270178,34.355871204221266,-119.12654460816057,39.4,107327.0,0.0,0.0,0.0,0.0,838259.0,1.0,0.0,0.0,0.0,4998097477.0
9484.0,13.212723998971104,1.0,736.0,4720.115276003642,40.67263063026285,-120.59327450404597,37.8,64395.0,0.0,0.0,0.0,0.0,31177.0,2.0,0.0,0.0,0.0,131873136.0
31036.0,24.923685784847603,1.0,4182.0,3878.1544171646246,39.43217732619602,-123.43132735660902,43.9,64688.0,1.0,0.0,1.0,0.0,90709.0,2.0,400.0,0.0,0.0,367625891.0
6602.0,20.46291425565492,1.0,952.0,2613.444068237541,40.00465046431037,-120.83794094599376,52.1,64946.0,3.0,0.0,3.0,0.0,19607.0,2.0,0.0,0.0,0.0,81851207.0
398882.0,53.071234072167506,1.0,28969.0,740.947837007639,37.435907175553204,-122.3555722224761,40.6,156000.0,8.0,0.0,8.0,0.0,745100.0,2.0,1720.0,0.0,0.0,16139536579.0
77624.0,31.720564273446563,1.0,8267.0,1677.1310334359375,39.66655443197179,-121.60070084884747,36.3,68574.0,6.0,0.0,6.0,0.0,209470.0,3.0,800.0,0.0,0.0,992755189.0
56234.0,38.82410175418806,1.0,5883.0,1786.3605240054378,38.778900011875415,-120.5250410581759,46.1,106190.0,4.0,0.0,4.0,0.0,192299.0,3.0,400.0,0.0,0.0,815173277.0
7661.0,34.32124352331606,1.0,693.0,3131.7985116614536,37.93840625683518,-118.88393311930923,40.3,86953.0,16.0,0.0,16.0,0.0,13169.0,3.0,6000.0,0.0,0.0,92874994.0
214940.0,35.869939954606835,1.0,16187.0,3787.6908512866726,34.53743979389637,-120.0302768485835,34.5,95977.0,31.0,0.0,31.0,0.0,443975.0,3.0,67243.0,0.0,0.0,3234896187.0
33168.0,20.20745235030949,1.0,3664.0,608.4148120875715,39.03427456853581,-121.69453434561657,36.4,75450.0,0.0,0.0,0.0,0.0,98971.0,3.0,0.0,0.0,0.0,405025694.0
314400.0,35.66576039958768,1.0,28618.0,2206.558936270178,34.355871204221266,-119.12654460816057,39.4,107327.0,30.0,0.0,30.0,0.0,838259.0,3.0,36320.0,0.0,0.0,4926275006.0
360367.0,44.91015896659383,1.0,36030.0,803.9099721779048,37.92353933794917,-121.95094420575256,40.3,125727.0,12.0,0.0,12.0,0.0,1161458.0,4.0,17720.0,0.0,0.0,7620049505.0
9481.0,16.482336518844626,1.0,1231.0,1326.9767269702027,39.598476800476945,-122.39201249335272,35.9,70487.0,0.0,0.0,0.0,0.0,28623.0,4.0,0.0,0.0,0.0,128387678.0
53084.0,17.12878493305018,1.0,4820.0,2153.2391289805496,37.21782461616294,-119.76474047044498,34.6,75496.0,1.0,0.0,1.0,0.0,158790.0,4.0,400.0,0.0,0.0,725483268.0
83436.0,14.780215294542995,1.0,7281.0,1978.6519681682591,37.1916854374536,-120.71843298756356,31.8,65044.0,0.0,0.0,0.0,0.0,285597.0,4.0,0.0,0.0,0.0,1080149145.0
73824.0,38.517125422897266,1.0,6031.0,792.3014390203438,38.506669323212186,-122.3304828015586,42.8,108970.0,48.0,0.0,48.0,0.0,136070.0,4.0,14820.0,0.0,0.0,1346465853.0
9181.0,16.482336518844626,1.0,1216.0,1326.9767269702027,39.598476800476945,-122.39201249335272,35.9,70487.0,0.0,0.0,0.0,0.0,28623.0,1.0,0.0,0.0,0.0,101223926.0
45984.0,32.085138242686774,1.0,6098.0,4052.255054743655,40.70277291928399,-123.91630205492689,39.6,61135.0,2.0,0.0,2.0,0.0,135418.0,1.0,800.0,0.0,0.0,531166706.0
253572.0,21.572958036625103,1.0,19027.0,1426.6010791666342,37.93443695137347,-121.27165936777493,35.2,88531.0,0.0,0.0,0.0,0.0,787416.0,1.0,0.0,0.0,0.0,3294526011.0
63349.0,16.100269483279376,1.0,8154.0,4480.599127667921,33.03992461908436,-115.36534775339051,33.0,56393.0,1.0,0.0,1.0,0.0,179319.0,2.0,400.0,0.0,0.0,758282018.0
212059.0,35.869939954606835,1.0,16008.0,3787.6908512866726,34.53743979389637,-120.0302768485835,34.5,95977.0,41.0,0.0,41.0,0.0,443975.0,2.0,15200.0,0.0,0.0,3308424473.0
106619.0,60.45916621480051,1.0,12698.0,828.1766410487686,38.05513917820608,-122.74857941401069,47.3,142785.0,72.0,0.0,72.0,0.0,258765.0,3.0,54000.0,0.0,0.0,2170625260.0
2795.0,23.004038521279902,1.0,392.0,4203.255762874587,41.58965368270825,-120.72501437875414,49.0,56648.0,0.0,0.0,0.0,0.0,8646.0,3.0,0.0,0.0,0.0,32456468.0
1565102.0,43.401037672660124,1.0,133623.0,949.7168045236148,33.67689578291624,-117.77656042636896,39.1,113702.0,295.0,0.0,295.0,0.0,3164063.0,3.0,1282880.0,0.0,0.0,28361630646.0
2850.0,18.04651919323357,1.0,469.0,3207.610843179456,40.64915450943153,-123.11400057250617,54.8,53498.0,5.0,0.0,5.0,0.0,15886.0,3.0,1600.0,0.0,0.0,34765771.0
108676.0,60.45916621480051,1.0,12874.0,828.1766410487686,38.05513917820608,-122.74857941401069,47.3,142785.0,48.0,0.0,48.0,0.0,258765.0,4.0,15600.0,0.0,0.0,2593277726.0
5295.0,30.861708482676224,1.0,574.0,1462.8245424186043,37.58147179588342,-119.90594238514464,51.6,65378.0,0.0,0.0,0.0,0.0,17060.0,4.0,0.0,0.0,0.0,66076579.0
67059.0,23.266685790040857,1.0,7803.0,3847.3961177642345,40.76364876697064,-122.04134718043841,41.7,71931.0,5.0,0.0,5.0,0.0,181554.0,4.0,4956.0,0.0,0.0,978607358.0
14117.0,23.083615573439392,1.0,1749.0,6347.938252495964,41.59330971236391,-122.54039224371505,47.4,55499.0,0.0,0.0,0.0,0.0,43834.0,4.0,0.0,0.0,0.0,182986515.0
15682.0,22.386651323360184,1.0,1666.0,1390.4738481890568,36.605527397901405,-121.07407728623134,35.9,108289.0,0.0,0.0,0.0,0.0,66056.0,1.0,0.0,0.0,0.0,198376430.0
11845.0,22.443391582574453,1.0,1175.0,605.9503896179209,38.44659889460041,-120.65166651032878,49.9,81526.0,0.0,0.0,0.0,0.0,41029.0,2.0,0.0,0.0,0.0,158337745.0
16090.0,17.743946050883824,1.0,3029.0,1328.0941710001237,39.09948485335015,-122.75277619233945,44.2,58738.0,1.0,0.0,1.0,0.0,68139.0,2.0,0.0,0.0,0.0,186728290.0
195909.0,27.883727092389556,1.0,14352.0,3771.2208005395887,36.239504143459484,-121.30662637129737,35.3,94486.0,5.0,0.0,5.0,0.0,435834.0,2.0,2000.0,0.0,0.0,2618808347.0
32111.0,20.20745235030949,1.0,3614.0,608.4148120875715,39.03427456853581,-121.69453434561657,36.4,75450.0,0.0,0.0,0.0,0.0,98971.0,2.0,0.0,0.0,0.0,394213598.0
334571.0,18.573575991839803,1.0,23108.0,8164.9173784182485,35.34353506527538,-118.72903973163824,32.4,67660.0,12.0,0.0,12.0,0.0,910433.0,3.0,42800.0,0.0,0.0,4376437187.0
82848.0,14.780215294542995,1.0,7191.0,1978.6519681682591,37.1916854374536,-120.71843298756356,31.8,65044.0,0.0,0.0,0.0,0.0,285597.0,3.0,0.0,0.0,0.0,1034229478.0
759408.0,25.084017687934303,1.0,73383.0,7303.023823440713,33.74663050890228,-115.99394024456193,36.7,89672.0,20.0,0.0,20.0,0.0,2449909.0,3.0,31520.0,0.0,0.0,10027132316.0
115992.0,39.201400387945306,1.0,10848.0,3615.766363116764,35.38757707614939,-120.4507099023192,40.2,93398.0,47.0,0.0,47.0,0.0,281486.0,3.0,183760.0,0.0,0.0,1611924815.0
192834.0,19.136945701036627,1.0,16670.0,1514.057161459023,37.5589417190648,-120.99849485414198,34.8,79661.0,12.0,0.0,12.0,0.0,552250.0,3.0,18080.0,0.0,0.0,2716786197.0
19479.0,17.8964071177604,1.0,1766.0,644.0076123533381,39.268749718550964,-121.35179088199844,33.9,73313.0,12.0,0.0,12.0,0.0,83079.0,3.0,58800.0,0.0,0.0,293560486.0
8100.0,20.974160076562736,1.0,806.0,1229.681684316719,41.744691086401055,-123.95766040987809,40.8,66780.0,0.0,0.0,0.0,0.0,27293.0,4.0,0.0,0.0,0.0,99394385.0
49121.0,32.085138242686774,1.0,6175.0,4052.255054743655,40.70277291928399,-123.91630205492689,39.6,61135.0,33.0,0.0,33.0,0.0,135418.0,4.0,18360.0,0.0,0.0,643805617.0
1104737.0,55.865627050350255,1.0,77481.0,1304.0557004984757,37.23243382622572,-121.69583325334833,37.9,159674.0,128.0,0.0,128.0,0.0,1903297.0,4.0,872400.0,0.0,0.0,57545327594.0
62989.0,16.100269483279376,1.0,8172.0,4480.599127667921,33.03992461908436,-115.36534775339051,33.0,56393.0,0.0,0.0,0.0,0.0,179319.0,1.0,0.0,0.0,0.0,694863900.0
127917.0,28.367041437079976,1.0,11891.0,906.1440952298753,38.26680192264813,-121.9401797035494,39.1,99994.0,0.0,0.0,0.0,0.0,450824.0,1.0,0.0,0.0,0.0,2053896426.0
197204.0,37.8469385158651,1.0,20129.0,1767.3423561904444,38.525248521353824,-122.92188038526332,42.7,102840.0,10.0,0.0,10.0,0.0,485642.0,2.0,2400.0,0.0,0.0,3180583637.0
4285942.0,35.470992419092156,1.0,527156.0,4749.439484208034,34.196118871519026,-118.2618483994794,37.9,87760.0,1034.0,0.0,1034.0,0.0,9848406.0,3.0,2448714.0,0.0,0.0,78432153156.0
174629.0,42.89064398957895,1.0,14399.0,1502.2359474204736,39.063807401803494,-120.71900434919911,42.4,114678.0,8.0,0.0,8.0,0.0,412435.0,3.0,32000.0,0.0,0.0,2951127151.0
48101.0,13.919095714061436,1.0,4636.0,1392.1942069005058,36.07496094489133,-119.81583856650784,32.3,68750.0,0.0,0.0,0.0,0.0,152830.0,4.0,0.0,0.0,0.0,645233174.0
547.0,24.404761904761905,1.0,140.0,962.1642285745723,39.580682227053714,-120.51601083545448,56.0,60000.0,0.0,0.0,0.0,0.0,2731.0,4.0,0.0,0.0,0.0,6927344.0
193454.0,19.136945701036627,1.0,16800.0,1514.057161459023,37.5589417190648,-120.99849485414198,34.8,79661.0,8.0,0.0,8.0,0.0,552250.0,4.0,18560.0,0.0,0.0,2917457972.0
107312.0,44.08385081248704,1.0,7427.0,1021.8257443699976,38.6865515088214,-121.90056641872224,32.3,88818.0,0.0,0.0,0.0,0.0,217782.0,4.0,0.0,0.0,0.0,1954585933.0
7560.0,20.974160076562736,1.0,799.0,1229.681684316719,41.744691086401055,-123.95766040987809,40.8,66780.0,0.0,0.0,0.0,0.0,27293.0,1.0,0.0,0.0,0.0,90795562.0
4209187.0,35.470992419092156,1.0,521016.0,4749.439484208034,34.196118871519026,-118.2618483994794,37.9,87760.0,609.0,0.0,609.0,0.0,9848406.0,2.0,1017614.0,0.0,0.0,76599367741.0
79531.0,14.780215294542995,1.0,7098.0,1978.6519681682591,37.1916854374536,-120.71843298756356,31.8,65044.0,0.0,0.0,0.0,0.0,285597.0,2.0,0.0,0.0,0.0,967915063.0
16925.0,22.386651323360184,1.0,1684.0,1390.4738481890568,36.605527397901405,-121.07407728623134,35.9,108289.0,0.0,0.0,0.0,0.0,66056.0,2.0,0.0,0.0,0.0,230161161.0
19123.0,17.8964071177604,1.0,1722.0,644.0076123533381,39.268749718550964,-121.35179088199844,33.9,73313.0,0.0,0.0,0.0,0.0,83079.0,2.0,0.0,0.0,0.0,279354127.0
16194.0,17.743946050883824,1.0,3034.0,1328.0941710001237,39.09948485335015,-122.75277619233945,44.2,58738.0,0.0,0.0,0.0,0.0,68139.0,3.0,0.0,0.0,0.0,191953705.0
6575.0,20.46291425565492,1.0,957.0,2613.444068237541,40.00465046431037,-120.83794094599376,52.1,64946.0,1.0,0.0,1.0,0.0,19607.0,3.0,400.0,0.0,0.0,82939952.0
1620716.0,43.401037672660124,1.0,136875.0,949.7168045236148,33.67689578291624,-117.77656042636896,39.1,113702.0,445.0,0.0,445.0,0.0,3164063.0,4.0,1136152.0,0.0,0.0,32618874959.0
1482978.0,42.08987125049854,1.0,122656.0,4525.7279337106775,33.02819299849969,-116.76989830322081,37.1,102285.0,558.0,0.0,558.0,0.0,3282782.0,4.0,2112755.0,0.0,0.0,31019863968.0
722047.0,60.12076421243264,1.0,62465.0,231.91378755252734,37.76007116407808,-122.69412210887407,39.7,141446.0,651.0,1.0,651.0,0.0,836321.0,4.0,5508828.0,0.0,225000.0,35096157174.0
5322.0,30.861708482676224,1.0,563.0,1462.8245424186043,37.58147179588342,-119.90594238514464,51.6,65378.0,0.0,0.0,0.0,0.0,17060.0,2.0,0.0,0.0,0.0,60389494.0
2775.0,23.004038521279902,1.0,388.0,4203.255762874587,41.58965368270825,-120.72501437875414,49.0,56648.0,1.0,0.0,1.0,0.0,8646.0,2.0,0.0,0.0,0.0,29550601.0
757861.0,25.084017687934303,1.0,72782.0,7303.023823440713,33.74663050890228,-115.99394024456193,36.7,89672.0,24.0,0.0,24.0,0.0,2449909.0,2.0,8960.0,0.0,0.0,10099209648.0
66264.0,23.266685790040857,1.0,7636.0,3847.3961177642345,40.76364876697064,-122.04134718043841,41.7,71931.0,1.0,0.0,1.0,0.0,181554.0,2.0,0.0,0.0,0.0,859899779.0
16853.0,23.944468298268212,1.0,1683.0,2274.45156123147,38.02764357742436,-119.95493812698564,48.8,72259.0,3.0,0.0,3.0,0.0,54873.0,2.0,800.0,0.0,0.0,221919512.0
569.0,42.10526315789473,1.0,83.0,743.1887428922734,38.59709859657406,-119.82060282887257,41.1,110781.0,0.0,0.0,0.0,0.0,1695.0,3.0,0.0,0.0,0.0,7151964.0
12117.0,22.443391582574453,1.0,1180.0,605.9503896179209,38.44659889460041,-120.65166651032878,49.9,81526.0,3.0,0.0,3.0,0.0,41029.0,3.0,400.0,0.0,0.0,159807399.0
10193.0,22.185801535272034,1.0,1418.0,1036.9263699809671,38.204458658099185,-120.5546675464701,52.0,79877.0,7.0,0.0,7.0,0.0,45995.0,3.0,44800.0,0.0,0.0,121591390.0
779747.0,51.46936470398402,1.0,67800.0,821.2085166728324,37.65058029746707,-121.91780145156679,38.7,126240.0,407.0,0.0,407.0,0.0,1651949.0,4.0,439120.0,0.0,0.0,18789550806.0
66525.0,16.100269483279376,1.0,8243.0,4480.599127667921,33.03992461908436,-115.36534775339051,33.0,56393.0,0.0,0.0,0.0,0.0,179319.0,4.0,0.0,0.0,0.0,830294086.0
168021.0,15.839490911134213,1.0,12629.0,4838.285667681717,36.220043432758864,-118.80036101709678,31.9,69489.0,7.0,0.0,7.0,0.0,475774.0,4.0,3860.0,0.0,0.0,2167072796.0
161792.0,27.883727092389556,1.0,14248.0,3771.2208005395887,36.239504143459484,-121.30662637129737,35.3,94486.0,0.0,0.0,0.0,0.0,435834.0,1.0,0.0,0.0,0.0,2166678537.0
29793.0,39.46003256465599,1.0,3857.0,973.7957661243578,39.30167525657132,-120.76952482654217,50.3,84905.0,0.0,0.0,0.0,0.0,102452.0,1.0,0.0,0.0,0.0,384445803.0
167352.0,42.89064398957895,1.0,14073.0,1502.2359474204736,39.063807401803494,-120.71900434919911,42.4,114678.0,0.0,0.0,0.0,0.0,412435.0,1.0,0.0,0.0,0.0,2717774649.0
55593.0,38.82410175418806,1.0,5808.0,1786.3605240054378,38.778900011875415,-120.5250410581759,46.1,106190.0,3.0,0.0,3.0,0.0,192299.0,2.0,12800.0,0.0,0.0,777730038.0
73663.0,38.517125422897266,1.0,5914.0,792.3014390203438,38.506669323212186,-122.3304828015586,42.8,108970.0,7.0,0.0,7.0,0.0,136070.0,2.0,2280.0,0.0,0.0,1175692992.0
666053.0,33.28378226721884,1.0,64070.0,994.3623322860957,38.449053680297055,-121.34451586989564,37.2,88724.0,7.0,0.0,7.0,0.0,1584047.0,2.0,2760.0,0.0,0.0,11578077395.0
114437.0,39.201400387945306,1.0,10723.0,3615.766363116764,35.38757707614939,-120.4507099023192,40.2,93398.0,3.0,0.0,3.0,0.0,281486.0,2.0,560.0,0.0,0.0,1577580957.0
673779.0,33.28378226721884,1.0,64727.0,994.3623322860957,38.449053680297055,-121.34451586989564,37.2,88724.0,97.0,0.0,97.0,0.0,1584047.0,3.0,69600.0,0.0,0.0,11765286413.0
12054.0,22.443391582574453,1.0,1206.0,605.9503896179209,38.44659889460041,-120.65166651032878,49.9,81526.0,0.0,0.0,0.0,0.0,41029.0,4.0,0.0,0.0,0.0,169428293.0
793968.0,25.084017687934303,1.0,74499.0,7303.023823440713,33.74663050890228,-115.99394024456193,36.7,89672.0,80.0,0.0,80.0,0.0,2449909.0,4.0,723434.0,0.0,0.0,11307043153.0
32281.0,20.20745235030949,1.0,3730.0,608.4148120875715,39.03427456853581,-121.69453434561657,36.4,75450.0,0.0,0.0,0.0,0.0,98971.0,4.0,0.0,0.0,0.0,438290612.0
729861.0,51.46936470398402,1.0,65863.0,821.2085166728324,37.65058029746707,-121.91780145156679,38.7,126240.0,7.0,0.0,7.0,0.0,1651949.0,1.0,2800.0,0.0,0.0,16773297324.0
74515.0,31.720564273446563,1.0,8266.0,1677.1310334359375,39.66655443197179,-121.60070084884747,36.3,68574.0,0.0,0.0,0.0,0.0,209470.0,1.0,0.0,0.0,0.0,892669688.0
53345.0,38.82410175418806,1.0,5756.0,1786.3605240054378,38.778900011875415,-120.5250410581759,46.1,106190.0,0.0,0.0,0.0,0.0,192299.0,1.0,0.0,0.0,0.0,751908262.0
18397.0,18.843192237503896,1.0,2052.0,2962.174856842099,40.126040061066114,-122.2344962648283,40.1,61834.0,0.0,0.0,0.0,0.0,65520.0,1.0,0.0,0.0,0.0,216953027.0
677.0,42.10526315789473,1.0,86.0,743.1887428922734,38.59709859657406,-119.82060282887257,41.1,110781.0,0.0,0.0,0.0,0.0,1695.0,2.0,0.0,0.0,0.0,7582898.0
785639.0,22.901440338137302,1.0,66903.0,20105.394817801967,34.842030309075156,-116.17662379678129,34.4,82184.0,22.0,0.0,22.0,0.0,2187816.0,2.0,5160.0,0.0,0.0,10768456767.0
263112.0,21.572958036625103,1.0,19213.0,1426.6010791666342,37.93443695137347,-121.27165936777493,35.2,88531.0,6.0,0.0,6.0,0.0,787416.0,2.0,880.0,0.0,0.0,3661752047.0
1061811.0,55.865627050350255,1.0,75367.0,1304.0557004984757,37.23243382622572,-121.69583325334833,37.9,159674.0,12.0,0.0,12.0,0.0,1903297.0,2.0,1760.0,0.0,0.0,48497783744.0
606.0,24.404761904761905,1.0,141.0,962.1642285745723,39.580682227053714,-120.51601083545448,56.0,60000.0,0.0,0.0,0.0,0.0,2731.0,2.0,0.0,0.0,0.0,6425423.0
188610.0,19.136945701036627,1.0,16488.0,1514.057161459023,37.5589417190648,-120.99849485414198,34.8,79661.0,0.0,0.0,0.0,0.0,552250.0,2.0,0.0,0.0,0.0,2611000082.0
351257.0,44.91015896659383,1.0,35255.0,803.9099721779048,37.92353933794917,-121.95094420575256,40.3,125727.0,46.0,0.0,46.0,0.0,1161458.0,3.0,180600.0,0.0,0.0,6791256663.0
75451.0,38.517125422897266,1.0,5976.0,792.3014390203438,38.506669323212186,-122.3304828015586,42.8,108970.0,110.0,1.0,110.0,0.0,136070.0,3.0,2479680.0,0.0,120000.0,1241240810.0
1437482.0,42.08987125049854,1.0,120072.0,4525.7279337106775,33.02819299849969,-116.76989830322081,37.1,102285.0,341.0,1.0,341.0,0.0,3282782.0,3.0,850010.0,0.0,90000.0,26164625562.0
695567.0,60.12076421243264,1.0,61757.0,231.91378755252734,37.76007116407808,-122.69412210887407,39.7,141446.0,256.0,0.0,256.0,0.0,836321.0,3.0,392962.0,0.0,0.0,29173353207.0
580.0,24.404761904761905,1.0,139.0,962.1642285745723,39.580682227053714,-120.51601083545448,56.0,60000.0,1.0,0.0,1.0,0.0,2731.0,3.0,0.0,0.0,0.0,6478648.0
9468.0,14.523979957050823,1.0,954.0,1156.353491058561,39.177506529661116,-122.23673277297777,35.7,75149.0,2.0,0.0,2.0,0.0,21895.0,4.0,0.0,0.0,0.0,130936600.0
2661.0,23.004038521279902,1.0,390.0,4203.255762874587,41.58965368270825,-120.72501437875414,49.0,56648.0,0.0,0.0,0.0,0.0,8646.0,4.0,0.0,0.0,0.0,31571093.0
17419.0,22.386651323360184,1.0,1724.0,1390.4738481890568,36.605527397901405,-121.07407728623134,35.9,108289.0,0.0,0.0,0.0,0.0,66056.0,4.0,0.0,0.0,0.0,259626857.0
203710.0,37.8469385158651,1.0,20467.0,1767.3423561904444,38.525248521353824,-122.92188038526332,42.7,102840.0,61.0,0.0,61.0,0.0,485642.0,4.0,48760.0,0.0,0.0,3766900202.0
8456.0,14.523979957050823,1.0,913.0,1156.353491058561,39.177506529661116,-122.23673277297777,35.7,75149.0,0.0,0.0,0.0,0.0,21895.0,1.0,0.0,0.0,0.0,96449190.0
4080813.0,35.470992419092156,1.0,516897.0,4749.439484208034,34.196118871519026,-118.2618483994794,37.9,87760.0,118.0,0.0,118.0,0.0,9848406.0,1.0,43600.0,0.0,0.0,76154280327.0
4257.0,30.861708482676224,1.0,558.0,1462.8245424186043,37.58147179588342,-119.90594238514464,51.6,65378.0,0.0,0.0,0.0,0.0,17060.0,1.0,0.0,0.0,0.0,47553818.0
2376.0,23.004038521279902,1.0,397.0,4203.255762874587,41.58965368270825,-120.72501437875414,49.0,56648.0,0.0,0.0,0.0,0.0,8646.0,1.0,0.0,0.0,0.0,24286933.0
1500693.0,43.401037672660124,1.0,130026.0,949.7168045236148,33.67689578291624,-117.77656042636896,39.1,113702.0,10.0,0.0,10.0,0.0,3164063.0,1.0,2400.0,0.0,0.0,28270810497.0
650572.0,33.28378226721884,1.0,63635.0,994.3623322860957,38.449053680297055,-121.34451586989564,37.2,88724.0,2.0,0.0,2.0,0.0,1584047.0,1.0,800.0,0.0,0.0,11242582776.0
1363585.0,42.08987125049854,1.0,117211.0,4525.7279337106775,33.02819299849969,-116.76989830322081,37.1,102285.0,4.0,0.0,4.0,0.0,3282782.0,1.0,1200.0,0.0,0.0,25453339715.0
91913.0,43.55796468303216,1.0,9630.0,607.1604721587531,37.02159018364554,-122.00957031229625,39.6,109266.0,2.0,0.0,2.0,0.0,266021.0,1.0,680.0,0.0,0.0,1396143853.0
64052.0,23.266685790040857,1.0,7584.0,3847.3961177642345,40.76364876697064,-122.04134718043841,41.7,71931.0,0.0,0.0,0.0,0.0,181554.0,1.0,0.0,0.0,0.0,793931287.0
12754.0,23.083615573439392,1.0,1726.0,6347.938252495964,41.59330971236391,-122.54039224371505,47.4,55499.0,0.0,0.0,0.0,0.0,43834.0,1.0,0.0,0.0,0.0,139424438.0
100845.0,44.08385081248704,1.0,7266.0,1021.8257443699976,38.6865515088214,-121.90056641872224,32.3,88818.0,1.0,0.0,1.0,0.0,217782.0,1.0,400.0,0.0,0.0,1649311588.0
394388.0,23.854495908489586,1.0,38881.0,6011.127948199015,36.75853094618111,-119.65342684363189,33.2,71434.0,4.0,0.0,4.0,0.0,1012152.0,2.0,1600.0,0.0,0.0,5106229811.0
7283.0,31.819817226739584,1.0,776.0,10227.099456702994,36.51016223187202,-117.40560074502446,45.6,72432.0,0.0,0.0,0.0,0.0,18803.0,2.0,0.0,0.0,0.0,93020274.0
105736.0,60.45916621480051,1.0,12577.0,828.1766410487686,38.05513917820608,-122.74857941401069,47.3,142785.0,39.0,0.0,39.0,0.0,258765.0,2.0,13840.0,0.0,0.0,2349033979.0
5704.0,30.861708482676224,1.0,570.0,1462.8245424186043,37.58147179588342,-119.90594238514464,51.6,65378.0,2.0,0.0,2.0,0.0,17060.0,3.0,0.0,0.0,0.0,66910058.0
31273.0,24.923685784847603,1.0,4192.0,3878.1544171646246,39.43217732619602,-123.43132735660902,43.9,64688.0,28.0,0.0,28.0,0.0,90709.0,3.0,13200.0,0.0,0.0,387886733.0
103788.0,43.55796468303216,1.0,9800.0,607.1604721587531,37.02159018364554,-122.00957031229625,39.6,109266.0,61.0,0.0,61.0,0.0,266021.0,3.0,27600.0,0.0,0.0,1597431737.0
65798.0,23.266685790040857,1.0,7699.0,3847.3961177642345,40.76364876697064,-122.04134718043841,41.7,71931.0,4.0,0.0,4.0,0.0,181554.0,3.0,1878.0,0.0,0.0,877344896.0
403647.0,23.854495908489586,1.0,39731.0,6011.127948199015,36.75853094618111,-119.65342684363189,33.2,71434.0,57.0,0.0,57.0,0.0,1012152.0,4.0,162190.0,0.0,0.0,5720943893.0
31772.0,39.46003256465599,1.0,4029.0,973.7957661243578,39.30167525657132,-120.76952482654217,50.3,84905.0,2.0,0.0,2.0,0.0,102452.0,4.0,800.0,0.0,0.0,484918201.0
136960.0,28.367041437079976,1.0,12237.0,906.1440952298753,38.26680192264813,-121.9401797035494,39.1,99994.0,6.0,0.0,6.0,0.0,450824.0,4.0,1720.0,0.0,0.0,2369525497.0
9051.0,13.212723998971104,1.0,736.0,4720.115276003642,40.67263063026285,-120.59327450404597,37.8,64395.0,0.0,0.0,0.0,0.0,31177.0,1.0,0.0,0.0,0.0,125113933.0
74259.0,14.780215294542995,1.0,7070.0,1978.6519681682591,37.1916854374536,-120.71843298756356,31.8,65044.0,0.0,0.0,0.0,0.0,285597.0,1.0,0.0,0.0,0.0,874637577.0
734973.0,25.084017687934303,1.0,71912.0,7303.023823440713,33.74663050890228,-115.99394024456193,36.7,89672.0,2.0,0.0,2.0,0.0,2449909.0,1.0,800.0,0.0,0.0,9504029008.0
110290.0,39.201400387945306,1.0,10654.0,3615.766363116764,35.38757707614939,-120.4507099023192,40.2,93398.0,0.0,0.0,0.0,0.0,281486.0,1.0,0.0,0.0,0.0,1485213418.0
188819.0,37.8469385158651,1.0,19972.0,1767.3423561904444,38.525248521353824,-122.92188038526332,42.7,102840.0,0.0,0.0,0.0,0.0,485642.0,1.0,0.0,0.0,0.0,3183814443.0
15874.0,23.944468298268212,1.0,1682.0,2274.45156123147,38.02764357742436,-119.95493812698564,48.8,72259.0,0.0,0.0,0.0,0.0,54873.0,1.0,0.0,0.0,0.0,193610779.0
18556.0,17.8964071177604,1.0,1715.0,644.0076123533381,39.268749718550964,-121.35179088199844,33.9,73313.0,0.0,0.0,0.0,0.0,83079.0,1.0,0.0,0.0,0.0,261090627.0
750823.0,51.46936470398402,1.0,66192.0,821.2085166728324,37.65058029746707,-121.91780145156679,38.7,126240.0,58.0,0.0,58.0,0.0,1651949.0,2.0,24640.0,0.0,0.0,17028958306.0
10128.0,22.185801535272034,1.0,1420.0,1036.9263699809671,38.204458658099185,-120.5546675464701,52.0,79877.0,0.0,0.0,0.0,0.0,45995.0,2.0,0.0,0.0,0.0,115963183.0
31114.0,39.46003256465599,1.0,3914.0,973.7957661243578,39.30167525657132,-120.76952482654217,50.3,84905.0,0.0,0.0,0.0,0.0,102452.0,2.0,0.0,0.0,0.0,420304729.0
317556.0,35.66576039958768,1.0,28288.0,2206.558936270178,34.355871204221266,-119.12654460816057,39.4,107327.0,11.0,0.0,11.0,0.0,838259.0,2.0,53600.0,0.0,0.0,5028483520.0
205507.0,27.883727092389556,1.0,14497.0,3771.2208005395887,36.239504143459484,-121.30662637129737,35.3,94486.0,23.0,0.0,23.0,0.0,435834.0,3.0,76640.0,0.0,0.0,2853284369.0
264982.0,21.572958036625103,1.0,19462.0,1426.6010791666342,37.93443695137347,-121.27165936777493,35.2,88531.0,9.0,0.0,9.0,0.0,787416.0,3.0,3440.0,0.0,0.0,3725895430.0
165722.0,15.839490911134213,1.0,12471.0,4838.285667681717,36.220043432758864,-118.80036101709678,31.9,69489.0,0.0,0.0,0.0,0.0,475774.0,3.0,0.0,0.0,0.0,1977218261.0
10158.0,22.185801535272034,1.0,1453.0,1036.9263699809671,38.204458658099185,-120.5546675464701,52.0,79877.0,2.0,0.0,2.0,0.0,45995.0,4.0,320.0,0.0,0.0,129566701.0
