venue_name,venue_id,city_name,n_events,n_artists,first_event,last_event
Wiltern Theatre,43d637b3,Los Angeles,412,350,2018-08-18,2022-12-31
The Chapel,63d772f7,San Francisco,378,300,2018-08-02,2022-12-31
The Fillmore,3d23db7,San Francisco,369,314,2018-08-25,2022-12-31
Yoshi's Oakland,33d4b801,Oakland,350,118,2018-08-22,2022-12-31
Whisky A Go Go,5bd66bd4,West Hollywood,340,250,2018-08-02,2022-12-31
The Kelly Clarkson Show,23d3ece3,Universal City,334,14,2019-09-09,2022-12-19
The Glass House,7bd61e48,Pomona,327,295,2018-08-04,2022-12-31
Teragram Ballroom,23d5b49b,Los Angeles,323,273,2018-08-02,2022-12-18
Great American Music Hall,4bd4c71e,San Francisco,320,272,2018-08-02,2022-12-31
The Regent Theater,3d47157,Los Angeles,320,295,2018-08-03,2022-12-16
The Fonda Theatre,1bd74988,Los Angeles,318,265,2018-08-04,2022-12-21
The Observatory,6bd7cab2,Santa Ana,314,276,2018-08-02,2022-12-31
House of Blues,43d63bdb,Anaheim,312,268,2018-08-04,2022-12-30
Brick by Brick,3d035e7,San Diego,312,273,2018-08-03,2022-12-17
Private Venue,33d30865,Los Angeles,310,133,2018-12-07,2022-10-29
The Masked Singer,23d24cff,Los Angeles,308,86,2019-09-25,2022-11-30
Troubadour,3bd6d81c,West Hollywood,306,249,2018-08-09,2022-12-16
Belly Up Tavern,3bd61cdc,Solana Beach,304,242,2018-08-08,2022-12-31
Golden Gate Park,3d6cdeb,San Francisco,290,265,2018-08-10,2022-10-02
Hollywood Palladium,73d63a75,Los Angeles,288,233,2018-08-10,2022-12-17
The Roxy,3d66d67,West Hollywood,272,239,2018-08-13,2022-12-18
Largo at the Coronet,4bd63b02,Los Angeles,271,123,2018-08-04,2022-12-22
The Observatory North Park,53d44759,San Diego,271,245,2018-08-03,2022-12-18
Ace of Spades,63d7a257,Sacramento,268,250,2018-08-09,2022-12-23
1720,bd2fd2a,Los Angeles,254,232,2018-08-11,2022-12-12
Fox Theater,3bd2c488,Oakland,254,224,2018-08-03,2022-12-10
House of Blues,2bd6c42a,San Diego,253,235,2018-08-02,2022-12-23
The Forum,7bd3cea4,Inglewood,243,183,2018-08-04,2021-12-18
The Independent,63d6c247,San Francisco,241,194,2018-08-08,2022-12-31
Chain Reaction,53d623c1,Anaheim,241,190,2018-08-10,2022-12-17
Slim's,73d63e1d,San Francisco,240,211,2018-08-03,2020-03-11
Hollywood Bowl,33d62cf9,Los Angeles,239,174,2018-08-03,2022-11-19
The Casbah,53d63b61,San Diego,236,209,2018-08-15,2022-12-31
Holy Diver,bd2995e,Sacramento,232,214,2018-08-06,2021-12-18
The Echo,73d6ca21,Los Angeles,232,220,2018-08-02,2022-12-14
Greek Theatre,4bd61ff2,Los Angeles,230,204,2018-08-02,2022-11-12
The Belasco,3d28953,Los Angeles,227,212,2018-08-13,2022-12-31
The Coach House,7bd6c2a4,San Juan Capistrano,226,167,2018-08-03,2022-12-31
The Regency Ballroom,63d35a77,San Francisco,226,211,2018-08-16,2022-12-17
Private Venue,5bd25f0c,Los Angeles,225,84,2018-08-17,2022-10-29
Bottom of the Hill,3d6358b,San Francisco,223,206,2018-08-04,2022-12-23
National Orange Show Events Center,23d2947b,San Bernardino,221,205,2018-09-28,2022-12-31
The Catalyst,7bd63658,Santa Cruz,220,206,2018-08-04,2022-12-17
Echoplex,7bd61e78,Los Angeles,208,192,2018-08-05,2022-11-27
Discovery Park,5bd6c3c8,Sacramento,206,181,2018-10-13,2022-10-16
The Warfield,63d63667,San Francisco,202,183,2018-08-17,2022-12-28
Lodge Room,4bd293fe,Los Angeles,200,163,2018-08-09,2022-12-31
Zebulon Cafe,23d2b0bb,Los Angeles,200,170,2018-08-03,2022-12-17
Moreno Beach,73d20205,Perris,199,178,2018-10-11,2022-10-02
The Mountain Winery,bd70d76,Saratoga,193,158,2018-08-04,2022-10-16
El Rey Theatre,7bd4e2f8,Los Angeles,189,181,2018-08-08,2022-12-14
Private Venue,1bd3518c,Los Angeles,184,86,2018-11-17,2022-11-01
Banc of California Stadium,53d23f6d,Los Angeles,184,170,2018-10-16,2022-12-17
Cornerstone,63d0c27f,Berkeley,182,165,2018-08-05,2022-12-15
Private Venue,73d2dae5,Santa Barbara,176,8,2018-09-29,2022-12-30
The UC Theatre Taube Family Music Hall,33d520d9,Berkeley,176,161,2018-08-10,2022-12-31
The Novo,5bd5c754,Los Angeles,175,169,2018-08-11,2022-12-22
The Sign of the Scorpion,6bde4e06,Los Angeles,172,1,2020-03-18,2022-12-26
Private Venue,3bd3541c,Los Angeles,170,115,2019-10-10,2022-10-29
Kia Forum,2bd02c76,Inglewood,164,124,2022-08-24,2022-12-18
Sweetwater Music Hall,4bd7337a,Mill Valley,161,105,2018-08-03,2022-12-31
Harlow's Restaurant & Nightclub,2bd390d6,Sacramento,159,138,2018-08-17,2022-12-14
Moroccan Lounge,4bd2a786,Los Angeles,159,150,2018-08-04,2022-12-16
Soda Bar,13d675c9,San Diego,158,152,2018-08-15,2022-12-30
Staples Center,53d637b5,Los Angeles,155,119,2018-08-03,2021-12-11
Masonic Auditorium,5bd397ec,San Francisco,151,126,2018-08-14,2022-12-13
Music Box,73d586a5,San Diego,150,142,2018-08-02,2022-12-23
Microsoft Theater,1bd5b144,Los Angeles,148,125,2018-08-03,2022-12-31
FivePoint Amphitheatre,3bd29ca0,Irvine,147,140,2018-08-04,2022-10-28
Holland America Lines-MS Eurodam,3d27d73,San Diego,145,42,2018-10-28,2019-11-01
SAP Center at San Jose,6bd3966a,San Jose,144,138,2018-08-14,2022-12-10
Blue Note Napa,1bd39900,Napa,143,42,2018-08-04,2022-12-31
Los Angeles State Historic Park,13d65575,Los Angeles,141,133,2018-08-04,2022-12-11
Garden Amphitheatre,53d237a9,Garden Grove,140,121,2018-08-25,2022-12-30
August Hall,23d2c803,San Francisco,139,134,2018-08-02,2022-11-29
The Majestic Ventura Theater,53d59739,Ventura,138,132,2018-08-10,2022-12-30
Bootleg Theater,53d60f19,Los Angeles,138,121,2018-08-09,2020-10-29
Constellation Room,3d7ddfb,Santa Ana,136,132,2018-08-03,2022-12-15
Private Venue,33d34885,Los Angeles,136,64,2018-08-11,2021-12-19
The Theatre at Ace Hotel,43d44b8b,Los Angeles,133,119,2018-08-07,2022-12-17
Alex's Bar,3bd6d484,Long Beach,131,115,2018-08-05,2022-12-23
Rickshaw Stop,7bd6da7c,San Francisco,130,128,2018-08-04,2022-12-13
Bill Graham Civic Auditorium,13d6354d,San Francisco,130,104,2018-08-15,2022-12-31
Pechanga Arena,2bd25cba,San Diego,128,119,2018-12-14,2022-12-31
Fairplex,2bd2947e,Pomona,126,123,2018-08-31,2019-11-10
Pappy & Harriet's Palace,1bd61950,Pioneertown,125,107,2018-08-03,2022-12-18
Strummer's,63d4964b,Fresno,124,117,2018-08-04,2022-12-29
Golden 1 Center,53d5c7d5,Sacramento,124,113,2018-08-24,2022-12-21
The Canyon,43d55b6f,Agoura Hills,121,95,2018-08-10,2022-12-31
"",53d18319,Los Angeles,119,90,2018-08-09,2022-12-31
The Ritz,73d44665,San Jose,118,107,2018-08-03,2022-12-02
Del Mar Fairgrounds,2bd6ccba,Del Mar,115,112,2018-09-13,2020-12-05
Harry Bridges Memorial Park,6bd39e52,Long Beach,114,114,2018-08-12,2020-02-09
Humphreys,43d29bbb,San Diego,114,93,2018-08-03,2022-11-20
William Randolph Hearst Greek Theatre,53d3a395,Berkeley,114,101,2018-08-09,2022-11-05
The Catalyst Atrium,13d38dc9,Santa Cruz,114,113,2018-08-03,2022-12-14
Honda Center,5bd637a8,Anaheim,111,100,2018-08-04,2022-12-10
Goldfield Trading Post,7bd0da98,Roseville,109,103,2021-12-02,2022-12-31
Freight & Salvage,2bd63082,Berkeley,109,77,2018-08-11,2022-12-31
Goldfield Trading Post,bd5d53a,Sacramento,108,107,2018-08-03,2022-12-15
Norwegian Jewel,33d3dc19,Los Angeles,108,57,2019-10-13,2022-11-11
Shoreline Amphitheatre,5bd6d7b4,Mountain View,107,97,2018-08-04,2022-11-05
The Canyon - Santa Clarita,3d2e9f3,Santa Clarita,105,80,2018-08-03,2022-12-30
Terrapin Crossroads,6bd77a12,San Rafael,103,41,2018-08-11,2020-12-03
Oakland Metro Operahouse,3bd398c4,Oakland,102,94,2018-08-09,2022-11-05
Felton Music Hall,5bd3a398,Felton,101,89,2019-08-17,2022-12-17
Jimmy Kimmel Live,4bd7c3d6,Los Angeles,101,94,2018-08-06,2022-11-01
Catch One,1bde892c,Los Angeles,100,99,2018-09-15,2022-12-20
Dodger Stadium,1bd63960,Los Angeles,100,98,2018-11-10,2022-12-03
City National Grove of Anaheim,43d78fd7,Anaheim,100,86,2018-08-11,2022-12-17
SOMA,6bd6c2f6,San Diego,99,88,2018-08-13,2022-12-31
Chase Center,4bd3f3f2,San Francisco,99,87,2019-09-03,2022-12-11
Miner Auditorium,5bd4e300,San Francisco,98,39,2018-08-04,2022-12-23
Holland America Lines-MS Koningsdam,4bd057ba,San Diego,96,30,2022-10-29,2022-11-04
Doheny State Beach,1bd7e5d0,Dana Point,92,90,2018-09-28,2022-10-02
Hopmonk Tavern,13d74dc1,Novato,91,57,2018-08-04,2022-12-31
The Rose,33d5f011,Pasadena,89,78,2018-08-03,2020-03-06
Mystic Theatre,13d6c591,Petaluma,89,70,2018-08-05,2022-12-30
Ivy Room,23d2cc5f,Albany,89,70,2018-08-02,2022-12-15
Fremont Theater,33d394ed,San Luis Obispo,87,83,2018-08-04,2022-12-11
Starline Social Club,63d582ef,Oakland,86,83,2018-08-02,2022-12-31
The Canyon - Montclair,6bd39e96,Montclair,85,73,2019-08-23,2022-12-16
The Hotel Cafe,53d6dbcd,Los Angeles,82,71,2018-08-03,2022-11-20
The Viper Room,23d62c2f,West Hollywood,80,69,2018-08-03,2022-12-31
Dolby Theatre,23d5a8f7,Los Angeles,78,67,2018-10-25,2022-11-20
The New Parish,43d66703,Oakland,78,77,2018-08-23,2022-12-09
Brookside Park,4bd39bea,Pasadena,77,77,2019-08-31,2022-08-28
Oakland Coliseum,53d21f69,Oakland,77,69,2018-09-11,2019-09-29
Embarcadero Marina Park North,73d53a3d,San Diego,75,71,2018-08-03,2022-11-20
924 Gilman Street,43d6635b,Berkeley,75,61,2018-08-19,2022-12-03
Café du Nord,23d6347f,San Francisco,75,72,2018-08-17,2022-11-07
2220 Arts + Archives,3bd0e848,Los Angeles,75,67,2021-12-03,2022-12-09
Thunder Valley Casino,73d65efd,Lincoln,74,63,2018-08-03,2022-10-01
Waterfront Park,3d441c7,San Diego,74,71,2018-09-29,2022-09-25
Petco Park,bd63986,San Diego,73,68,2018-09-22,2022-12-31
Santa Barbara Bowl,53d63781,Santa Barbara,72,65,2018-08-03,2022-10-19
DNA Lounge,3bd62458,San Francisco,71,68,2018-08-05,2022-11-08
Elbo Room Jack London,6bd2dae2,Oakland,71,63,2018-08-31,2022-12-23
El Dorado County Fairgrounds,33d5902d,Placerville,70,50,2018-08-31,2019-10-27
Oakland Arena,3bd3c478,Oakland,70,66,2019-11-26,2022-12-17
Private Venue,53d2d701,San Diego,69,21,2018-09-15,2022-10-20
Toyota Arena,bd38d22,Ontario,69,61,2019-08-25,2022-12-30
Private Venue,33d34cd5,Los Angeles,69,48,2020-04-19,2022-12-27
Cal Coast Credit Union Open Air Theatre,7bd47af4,San Diego,67,66,2018-08-03,2022-11-26
The Late Late Show with James Corden,4bd5bffe,Los Angeles,67,52,2018-08-08,2022-12-13
Masonic Lodge at Hollywood Forever,3d62157,Los Angeles,65,57,2018-09-04,2022-12-07
Pier 80,73d066f1,San Francisco,65,65,2022-09-24,2022-09-25
Nevada County Fairgrounds,13d6c93d,Grass Valley,65,45,2022-09-01,2022-10-23
Los Angeles Theatre,3bd7c020,Los Angeles,65,60,2018-10-27,2022-10-22
Camp Navarro,23d3a403,Navarro,64,20,2018-09-21,2022-09-18
The Baked Potato,3bd2f008,Los Angeles,64,25,2018-09-15,2022-12-31
Viejas Arena,43d6dbe3,San Diego,63,57,2018-08-04,2022-12-08
Cerritos Center for the Performing Arts,23d220df,Cerritos,63,53,2018-09-07,2022-12-11
Bethel Church,4bd7db92,Irvine,62,5,2018-08-05,2020-09-02
Voodoo Room,63d33287,San Diego,62,62,2018-09-09,2022-12-07
The Hi-Hat,73d5d6e5,Los Angeles,61,58,2018-08-06,2020-03-13
Vina Robles Amphitheatre,53d4af6d,Paso Robles,60,58,2018-08-11,2022-10-21
Private Venue,63d09203,Los Angeles,60,28,2019-08-31,2021-12-31
Moe's Alley,13d60115,Santa Cruz,60,56,2018-08-03,2022-12-31
Clive Davis Theater at the Grammy Museum,3bd7b0e4,Los Angeles,59,54,2018-08-03,2022-10-19
Saban Theater,53d78b55,Beverly Hills,59,58,2018-08-11,2022-12-05
Resident,63d5c627,Los Angeles,58,56,2018-08-16,2022-12-17
Private Venue,5bd23770,Oakland,57,16,2018-09-08,2022-12-14
Orpheum Theatre,73d62245,Los Angeles,55,48,2018-08-04,2022-12-16
Brick & Mortar Music Hall,63d72e9b,San Francisco,55,55,2018-08-05,2022-11-02
The Boardwalk,6bd63e1e,Orangevale,54,53,2018-08-11,2022-12-03
The Ellen DeGeneres Show,13d61949,Burbank,53,48,2018-08-31,2021-12-24
Crest Theatre,3bd62c64,Sacramento,53,47,2018-08-04,2022-12-31
Bimbo's 365 Club,bd63572,San Francisco,52,34,2018-08-11,2022-12-31
Marty's On Newport,7bd23e0c,Tustin,51,44,2018-08-02,2018-12-29
Auto Club Speedway,3d60df7,Fontana,51,51,2018-08-04,2018-08-05
The Slidebar Rock-n-Roll Kitchen,6bd00e9e,Fullerton,50,46,2018-08-14,2020-02-21
San Jose Civic,63d3966b,San Jose,49,45,2019-08-22,2022-12-20
Uptown Theatre,bd649ee,Napa,49,41,2018-08-11,2022-12-15
Full Circle Brewing Co.,2bd548ba,Fresno,49,43,2018-08-04,2022-10-24
Shrine Exposition Hall,73d2f271,Los Angeles,49,37,2018-09-22,2022-11-04
YouTube Theater,23d0f42f,Inglewood,49,47,2021-12-03,2022-12-10
Five Stars Bar,3d735b3,Los Angeles,48,47,2018-08-18,2020-03-17
Pacific Amphitheatre,4bd3a73e,Costa Mesa,48,39,2018-08-02,2022-09-03
Oracle Arena,63d6366f,Oakland,48,42,2018-08-07,2019-11-30
The Wayfarer,3d4190b,Costa Mesa,47,42,2018-08-18,2022-12-07
Rio Theatre,2bd38c5a,Santa Cruz,47,42,2018-08-21,2022-12-31
Thee Parkside,5bd63364,San Francisco,47,47,2018-08-03,2022-11-06
SoHo Restaurant and Music Club,53d65b19,Santa Barbara,46,39,2018-09-21,2022-12-31
El Cid,1bd5e974,Los Angeles,46,44,2018-08-24,2022-12-05
Academy LA,5bd227fc,Los Angeles,46,44,2018-08-03,2022-12-31
Glen Helen Amphitheater,bd5412e,San Bernardino,46,42,2018-08-25,2022-10-08
Private Venue,1bd2e14c,San Francisco,46,30,2018-09-15,2022-10-16
The Starlet Room,5bd33b00,Sacramento,46,44,2019-09-06,2022-12-18
The Che Cafe,2bd63cc2,La Jolla,46,44,2018-08-15,2022-12-16
Los Angeles Convention Center,33d4e481,Los Angeles,46,42,2018-08-10,2022-10-19
SOMA Sidestage,53d72fa5,San Diego,46,43,2018-09-28,2022-11-25
The Magnolia,7bd3ea2c,El Cajon,45,43,2019-09-24,2022-12-19
Concord Pavilion,23d62007,Concord,45,43,2018-08-18,2022-09-27
Private Venue,3d2210b,Long Beach,45,4,2019-11-29,2020-12-31
Save Mart Center,bd639ee,Fresno,45,40,2018-08-07,2022-12-01
Saint Rocke,1bd60190,Hermosa Beach,45,36,2018-08-05,2020-03-07
The Redwood Bar,53d55b15,Los Angeles,45,38,2018-08-05,2022-12-23
Lake Tahoe Community College,5bd1ff94,South Lake Tahoe,44,43,2018-12-29,2019-12-31
Lobero Theatre,2bd38c16,Santa Barbara,44,40,2018-09-15,2022-11-20
Supply and Demand,6bd35a56,Long Beach,44,38,2019-09-19,2022-12-31
Golden State Theatre,3d39977,Monterey,43,38,2018-09-12,2022-12-17
Gold Diggers,63d2be1b,Los Angeles,43,38,2018-08-21,2022-12-20
ROW DTLA,6bd21e4a,Los Angeles,43,43,2018-08-18,2019-10-20
The Joe Henderson Lab,5bd2c794,San Francisco,43,16,2018-08-12,2022-11-06
Anaheim Convention Center,43d667f3,Anaheim,42,39,2018-11-03,2022-09-10
Balboa Theatre,7bd67268,San Diego,42,36,2018-09-26,2022-12-20
Toyota Amphitheatre,13d5b989,Wheatland,42,40,2018-08-17,2022-11-03
Private Venue,1bd05184,Los Angeles,42,29,2018-09-06,2022-12-02
Mayan Theatre,63d6365f,Los Angeles,41,39,2018-09-23,2022-12-03
The Satellite,33d7a4e1,Los Angeles,41,35,2018-08-30,2022-09-21
Nova SD,3bd03cec,San Diego,41,41,2022-08-26,2022-12-31
Swedish American Hall,13d6c139,San Francisco,41,34,2018-09-12,2022-10-22
Cafe Colonial,4bd4437a,Sacramento,41,36,2018-09-25,2022-12-07
The Golden Bull,3bd4504c,Oakland,40,32,2018-08-02,2022-11-12
Monterey County Fairgrounds,73d39e85,Monterey,40,40,2018-09-21,2022-10-15
The Cave,33d43491,Big Bear Lake,40,33,2018-08-10,2021-12-11
North Island Credit Union Amphitheatre,23d3a4fb,Chula Vista,39,38,2019-08-27,2022-10-07
McCabe's Guitar Shop,2bd6c016,Santa Monica,39,26,2018-08-10,2022-10-15
Eli's Mile High Club,6bd76a56,Oakland,39,37,2018-10-06,2022-12-30
B.R. Cohn Winery,4bd63b56,Glen Ellen,38,37,2018-08-04,2022-10-09
The Midnight Hour,3d0ede7,San Fernando,38,35,2021-12-18,2022-12-16
Private Venue,13d09921,Los Angeles,38,15,2018-08-25,2022-12-24
Walt Disney Concert Hall,2bd618ce,Los Angeles,37,32,2018-09-27,2022-12-31
Campus Jax,4bd25312,Newport Beach,37,26,2018-11-17,2022-11-19
Paramount Theatre,1bd6d1a4,Oakland,36,32,2018-09-07,2022-12-02
Palace of Fine Arts Theatre,5bd62bb0,San Francisco,36,33,2018-10-09,2022-11-18
McCallum Theatre,13d7bd21,Palm Desert,36,25,2018-10-15,2022-12-12
The Irenic,53d77b59,San Diego,36,36,2018-08-05,2019-11-15
Pico Union Project,13d2a1b1,Los Angeles,36,32,2018-11-16,2022-11-16
Programme Skate & Sound,7bd3a23c,Fullerton,36,34,2018-08-10,2022-12-11
The Doll Hut,1bd3a174,Anaheim,35,23,2018-08-24,2022-12-01
Club Fox,2bd76c92,Redwood City,35,23,2018-09-30,2022-12-16
La Santa,73d392c5,Santa Ana,34,34,2018-11-10,2022-09-29
The Lexington,73d46a49,Los Angeles,34,32,2018-11-11,2020-03-14
Ventura County Fairgrounds,1bd6c92c,Ventura,34,31,2018-08-02,2022-09-03
Fantasy Springs Resort Casino,2bd47056,Indio,34,32,2018-08-11,2022-12-17
Seaside Lagoon,63d4860b,Redondo Beach,33,33,2022-09-16,2022-09-18
City National Civic,13d4e505,San Jose,33,33,2018-08-14,2018-12-19
The Uptown,33d618a1,Oakland,33,30,2018-08-23,2020-02-21
Exchange,73d70ab5,Los Angeles,33,32,2018-08-10,2022-12-31
Mattress Firm Amphitheatre,53d54f79,Chula Vista,33,33,2018-08-03,2018-10-12
Hotel Utah,1bd6714c,San Francisco,33,27,2018-08-23,2022-12-08
Fox Performing Arts Center,6bd7a6fe,Riverside,33,32,2018-08-05,2022-11-20
Senator Theatre,13d3a1a5,Chico,32,31,2018-09-05,2022-11-03
The Siren,bd2e12e,Morro Bay,32,32,2018-08-05,2022-11-12
Paul Paul Theater,13d39d59,Fresno,32,30,2018-10-05,2022-10-16
Fox Theater Pomona,53d39b95,Pomona,31,29,2018-11-02,2022-11-15
Bardot,33d7a079,Los Angeles,31,31,2018-09-10,2022-11-14
Seaport Village,13d3cd0d,San Diego,31,30,2019-11-22,2022-11-20
Crypto.com Arena,7bd0d2a8,Los Angeles,31,16,2021-12-25,2022-12-15
3rd & MLK,3d2112b,Oakland,31,31,2018-09-03,2019-09-02
Private Venue,53d31711,Topanga,30,5,2020-03-04,2020-11-01
The Guild Theatre,43d03f0f,Menlo Park,30,24,2022-08-27,2022-12-31
Sharkbite Studios,33d094f9,Oakland,30,1,2020-03-27,2021-12-31
The Mint,5bd6d788,Los Angeles,30,25,2018-08-03,2022-12-15
The Parish at House of Blues,7bd55e1c,Anaheim,30,30,2018-08-11,2022-11-13
Pechanga Resort & Casino,4bd65f62,Temecula,30,29,2018-08-24,2022-11-13
Rose Bowl,1bd62178,Pasadena,30,24,2018-08-18,2022-10-16
Golden Gate Theater,7bd77a18,San Francisco,30,5,2019-10-14,2020-03-11
Papa Murphy's Park,53d29f01,Sacramento,29,27,2018-09-22,2019-10-19
Oak Canyon Park,3bd13088,Silverado,29,29,2022-11-05,2022-11-06
Shrine Auditorium,7bd6d2d4,Los Angeles,29,27,2018-08-10,2022-12-22
iHeartRadio Theater,53d41bbd,Burbank,29,25,2018-08-09,2022-11-17
Riverside Municipal Auditorium,23d6c4ab,Riverside,29,28,2018-08-31,2022-10-25
The Voice,63d466ab,Universal City,29,22,2018-11-13,2022-12-14
Arlington Theatre,43d6375b,Santa Barbara,28,28,2018-09-25,2022-11-19
Ventura Music Hall,1bd03564,Ventura,28,28,2022-08-27,2022-12-17
Marina Green,33d7cc59,Long Beach,28,28,2018-09-29,2018-09-30
SoFi Stadium,13d0b545,Inglewood,28,15,2021-11-28,2022-12-08
The Midway,4bd2b396,San Francisco,28,24,2018-09-01,2022-12-31
Hopmonk Tavern,2bd618ee,Sebastopol,28,25,2018-10-18,2022-12-31
Agua Caliente Casino,63d632e3,Rancho Mirage,27,26,2018-08-24,2022-11-19
The Concert Lounge,1bd39538,Riverside,27,19,2018-09-03,2022-12-09
Mark Taper Auditorium,3d5c5f3,Los Angeles,27,1,2019-09-21,2019-10-13
Toxic Toast Theatre,33d22009,Long Beach,27,26,2018-09-27,2020-03-08
The Peppermint Club,3d2b13b,West Hollywood,27,25,2018-08-03,2022-12-11
The Beverly Hilton,1bd3a51c,Beverly Hills,27,26,2018-09-07,2022-12-11
Fred Kavli Theatre,13d789f5,Thousand Oaks,27,27,2018-09-20,2022-11-11
SPACE,3bd1cc4c,San Diego,27,27,2018-08-09,2020-03-19
Transplants Brewing,5bd0ef24,Palmdale,26,24,2021-12-10,2022-12-31
Pool Deck @ Norwegian Jewel,3bd1008c,Los Angeles,26,24,2022-10-24,2022-11-11
Middle Harbor Shoreline Park,23d78c73,Oakland,26,26,2018-10-13,2018-10-14
Frost Amphitheater,63d3aa7f,Stanford,26,26,2019-08-17,2022-09-30
Maui Sugar Mill Saloon,63d4261f,Los Angeles,25,22,2018-08-06,2022-11-19
Castro Theatre,7bd6cadc,San Francisco,25,17,2018-09-15,2022-12-03
Gundlach-Bundschu Winery,43d7fb43,Sonoma,25,23,2018-09-01,2022-12-03
Panic Room,3bd7b4a0,Los Angeles,25,4,2020-03-13,2020-05-03
Discovery Ventura,73d5ba99,Ventura,25,24,2018-08-24,2020-01-25
Malone's,13d7bde5,Santa Ana,25,24,2018-08-17,2020-02-16
The Dip,3d7155b,Redding,25,24,2018-08-09,2022-12-08
Wisdome LA,7bd3d650,Los Angeles,25,17,2019-11-09,2020-02-15
Blue Lamp,5bd7d330,Sacramento,25,24,2018-08-02,2019-11-23
Amoeba Music,3d671bb,Los Angeles,25,25,2018-08-22,2022-11-15
Ramona Mainstage,4bd673b6,Ramona,25,24,2018-10-06,2022-12-08
KCRW Studios,23d6d00f,Santa Monica,25,23,2018-08-10,2022-10-27
Tiki Bar,23d67443,Costa Mesa,24,19,2018-08-02,2022-12-31
Homestead Bowl & The X Bar,4bd3a7de,Cupertino,24,24,2018-08-12,2022-12-16
Dorothy Chandler Pavilion,43d11f37,Los Angeles,24,12,2018-11-06,2018-11-07
The Smell,3bd618a8,Los Angeles,24,23,2018-09-29,2022-09-18
Fox Theater,6bd3a2fa,Bakersfield,23,21,2018-08-19,2022-11-02
Harrah's Resort Southern California,53d393e1,Valley Center,23,21,2018-08-17,2022-09-25
King Gillette Ranch,1bd38de4,Calabasas,23,23,2018-12-02,2019-08-24
Sycuan Casino Resort,63d3a65f,El Cajon,23,20,2018-09-21,2022-12-10
MORC Studios,7bd37efc,Burbank,23,22,2020-05-23,2020-10-16
Catalina Bar & Grill,2bd794de,Los Angeles,23,16,2018-12-02,2022-12-29
1015 Folsom,63d7baf3,San Francisco,23,23,2018-08-24,2022-12-31
John Anson Ford Amphitheatre,63d722bb,Los Angeles,23,23,2018-08-03,2022-10-22
Shrine Auditorium and Expo Hall,bd251ba,Los Angeles,22,20,2018-11-09,2022-12-22
The Blue Whale,63d45ac3,Los Angeles,22,16,2018-10-07,2020-01-20
Cascade Theatre,33d6785d,Redding,22,22,2018-08-06,2022-12-18
Palace Theatre,5bd6db5c,Los Angeles,22,19,2018-11-14,2022-11-27
Bogies Bar,6bd2a68a,Westlake Village,22,18,2018-08-09,2022-11-17
JaM Cellars Ballroom,4bd2c302,Napa,22,18,2018-09-10,2022-12-31
Oxnard Performing Arts & Convention Center,23d398f7,Oxnard,22,22,2020-09-04,2022-12-10
Roaring Camp Meadows,3bd40868,Felton,22,22,2018-09-21,2019-09-22
Pechanga Theater,2bd39032,Temecula,22,21,2018-08-11,2022-11-02
Phoenix Theatre,bd62572,Petaluma,22,20,2018-09-29,2022-12-03
Luther Burbank Center for the Arts,2bd4d40e,Santa Rosa,22,21,2018-08-04,2022-12-21
Sonoma County Fairgrounds,43d74373,Santa Rosa,22,22,2018-08-02,2022-12-11
The Comedy Store,73d0b60d,West Hollywood,21,15,2018-09-13,2022-12-15
Non Plus Ultra,3bd5c860,Los Angeles,21,18,2019-09-19,2022-10-29
The Venice West,2bd3a40a,Venice,21,21,2021-12-03,2022-12-31
Hollywood Forever Cemetery,2bd7bc1a,Los Angeles,21,16,2018-08-03,2022-12-13
San Bernardino County Fairgrounds,43d7331b,Victorville,21,21,2018-09-15,2019-11-16
Glen Helen Regional Park,2bd7e88a,San Bernardino,21,21,2018-10-05,2022-09-17
Harris Center for the Arts,1bd3a184,Folsom,21,17,2018-09-14,2022-11-03
Bliss Lounge @ Norwegian Jewel,3bd10080,Los Angeles,21,19,2022-10-24,2022-11-08
Fulton 55,13d79da1,Fresno,21,20,2018-08-17,2022-12-18
W Hollywood Hotel,1bd4ed04,Los Angeles,21,21,2018-09-01,2018-09-02
Ahmanson Theater,63d7aed3,Los Angeles,21,1,2020-01-24,2020-02-16
Antelope Valley Fairgrounds,63d29a6b,Lancaster,21,20,2018-08-17,2022-09-24
Segerstrom Center for the Arts,63d79a9f,Costa Mesa,21,14,2018-11-02,2022-12-23
Avalon,4bd28776,Los Angeles,21,18,2018-08-04,2022-12-11
Morongo Casino Resort & Spa,3bd79cf8,Cabazon,21,21,2018-09-14,2022-11-05
The Knockout,33d628b9,San Francisco,20,15,2018-08-23,2022-10-29
Cucamonga-Guasti Regional Park,13d5e9d1,Ontario,20,20,2018-10-05,2019-09-28
Huntington State Beach,23d2cc1f,Huntington Beach,20,20,2018-10-06,2018-12-31
Pala Casino Spa & Resort,3bd398ec,Pala,20,20,2018-10-06,2022-12-03
Ocean Ale House,1bd52980,San Francisco,20,3,2018-08-04,2022-12-11
Kuumbwa Jazz Center,73d7a6f1,Santa Cruz,20,17,2018-08-15,2022-12-12
Stardust Theater @ Norwegian Jewel,33d10081,Los Angeles,20,14,2022-11-03,2022-11-11
Elbo Room,4bd67b16,San Francisco,20,20,2018-08-21,2018-12-27
Bankhead Theater,13d4b5c1,Livermore,20,20,2018-08-20,2022-12-19
Private Venue,4bd053e2,Los Angeles,19,6,2020-05-15,2022-11-04
Disneyland,bd62d8a,Anaheim,19,17,2019-08-24,2022-12-31
Magnum's @ Norwegian Jewel,2bd10082,Los Angeles,19,17,2022-10-24,2022-11-07
Green Music Center,5bd4f7c0,Rohnert Park,19,18,2018-08-12,2022-08-26
Camp Mather,13d61915,Tuolumne,19,19,2018-08-30,2018-09-02
Ashkenaz Music & Dance Community Center,53d3a30d,Berkeley,19,8,2018-08-08,2022-09-01
Los Globos Nightclub,63d7ca87,Los Angeles,19,19,2018-08-10,2022-11-05
Downtown,bd63d0e,Los Angeles,19,17,2018-08-09,2020-07-12
The Bourbon Room Hollywood,bd081d2,Los Angeles,19,15,2020-06-27,2022-12-30
Gallo Center for the Arts,63d5622f,Modesto,19,19,2018-11-04,2022-11-13
The Crepe Place,2bd6c44e,Santa Cruz,19,17,2018-08-15,2022-10-26
Feather Falls Casino,23d794ff,Oroville,18,11,2018-08-31,2022-11-14
Rainbow Bar & Grill,bd4c1c2,West Hollywood,18,18,2018-09-02,2022-12-14
Molly Malone's,5bd233c0,Los Angeles,18,18,2018-08-03,2022-12-31
Sierra Nevada Big Room,4bd51fde,Chico,18,16,2018-08-09,2020-02-09
Barker Hangar,33d268b1,Santa Monica,18,18,2018-09-07,2022-12-06
The Locker Room,13d2eded,Garden Grove,18,18,2018-08-25,2022-08-25
Mosswood Park,43d4774b,Oakland,18,17,2022-10-08,2022-10-09
Lake Perris Fairgrounds,13d585ed,Perris,18,18,2018-09-22,2022-09-11
Til-Two Club,73d29a0d,San Diego,18,18,2018-10-06,2022-11-10
Mezzanine,43d6c7f3,San Francisco,18,17,2018-08-05,2019-12-06
B Street Theatre at The Sofia Tsakopoulos Center for the Arts,7bd2ca6c,Sacramento,18,17,2018-08-15,2022-10-13
Silverlake Lounge,73d61eed,Los Angeles,18,17,2018-09-17,2022-11-15
Winstons Beach Club,33d3ac65,San Diego,18,13,2018-09-08,2022-12-09
Don Quixote,2bd0e086,Los Angeles,17,17,2021-12-11,2022-11-19
SLO Brew,23d394f7,San Luis Obispo,17,17,2018-09-05,2022-10-20
California Center for the Arts,4bd5c7b2,Escondido,17,17,2018-08-19,2022-10-18
"DiPiazza's Restaurant, Lounge and Nightclub",6bd39e56,Long Beach,17,15,2018-09-29,2022-11-12
"Grate Room, Terrapin Crossroads",3bd33c64,San Rafael,17,14,2018-11-04,2020-12-31
Libbey Bowl,3bd5308c,Ojai,17,17,2018-08-04,2022-10-06
Rancho Nicasio,5bd73368,Nicasio,17,11,2018-08-05,2022-12-17
Ironstone Amphitheatre,33d65061,Murphys,17,17,2018-08-19,2022-09-16
Los Angeles Memorial Coliseum,3bd6642c,Los Angeles,17,15,2018-09-27,2022-12-10
First Street Pool & Billiard Parlor,13d1cdb9,Los Angeles,17,16,2021-12-10,2022-12-16
Henry Miller Memorial Library,4bd4b7ce,Big Sur,17,16,2018-09-07,2022-10-01
Whistle Stop Bar,33de5c1d,San Diego,17,17,2018-09-13,2022-11-21
Neck of the Woods,33d7483d,San Francisco,17,17,2018-09-02,2022-12-04
Selland Arena,bd63d12,Fresno,17,17,2018-09-07,2022-10-04
Knucklehead Hollywood,3d021af,Los Angeles,16,16,2022-09-09,2022-12-10
Milk Bar,2bd7a852,San Francisco,16,14,2018-08-18,2022-12-09
Chumash Casino,bd64d26,Santa Ynez,16,16,2019-08-30,2022-12-16
Arcata Theatre Lounge,33d7c8c9,Arcata,16,15,2018-10-10,2022-12-07
Hyatt Regency Santa Clara,43d3ab33,Santa Clara,16,15,2018-08-10,2018-08-12
The Show,bd5e526,Rancho Mirage,16,14,2018-09-07,2022-12-16
"",23d67c67,San Diego,16,6,2019-12-28,2022-10-14
Golden Road Brewing,bd211aa,Los Angeles,16,16,2018-09-01,2019-09-01
Amoeba Records,53d6c7e1,San Francisco,16,16,2018-09-08,2022-10-08
The Back Room,63d556f7,Berkeley,16,14,2018-08-26,2022-11-17
Louise M. Davies Symphony Hall,6bd7460e,San Francisco,16,14,2018-08-04,2022-12-29
Private Venue,53d277e5,Chico,16,4,2018-09-07,2020-09-30
Flog Stage,13df8d29,Los Angeles,16,16,2019-11-09,2019-11-10
Gray Area Art & Technology Theater,4bd5bbde,San Francisco,16,16,2018-11-26,2022-10-01
Live House Hollywood,43d24313,Los Angeles,16,16,2019-09-12,2022-08-25
Ruocco Park,3d3cd17,San Diego,16,16,2019-11-23,2022-11-20
AWE Bar,33d040a5,Yucca Valley,16,16,2022-09-30,2022-12-17
Amado's,73d20601,San Francisco,16,13,2019-10-06,2022-11-18
Private Venue,3bd36c80,Venice,16,1,2020-03-23,2021-12-03
Hard Rock Live,7bd01604,Wheatland,16,16,2022-09-22,2022-12-30
Marinship Park,4bd4d76e,Sausalito,15,15,2018-09-01,2019-09-02
The Icehouse,bd3c196,Long Beach,15,15,2019-12-19,2019-12-21
Jerry's Pizza & Pub,13d61155,Bakersfield,15,14,2019-10-05,2022-12-17
Temblor Brewing Company,33d23cf5,Bakersfield,15,13,2018-09-19,2022-12-01
Harvelle's,2bd4a0f2,Santa Monica,15,9,2018-12-07,2022-12-09
Mechanics Bank Arena,73d326b1,Bakersfield,15,15,2020-02-20,2022-11-05
The Great Northern,53d28f3d,San Francisco,15,13,2018-11-14,2022-09-22
Veterans Memorial Building,1bd38d8c,Santa Cruz,15,14,2020-02-22,2022-10-22
Citizens Business Bank Arena,bd62d22,Ontario,15,14,2018-08-10,2018-12-01
Mary Stuart Rogers Theater,3d3992f,Modesto,14,14,2018-08-05,2022-10-23
Tower Theatre for the Performing Arts,bd5e1c6,Fresno,14,14,2018-09-15,2022-12-23
Santa Cruz Beach Boardwalk,5bd66f44,Santa Cruz,14,6,2018-08-03,2019-08-30
Gnaw Stage,1bdf8d28,Los Angeles,14,14,2019-11-09,2019-11-10
Gallagher's Pub Club and Grill,63d57a03,Huntington Beach,14,12,2018-08-21,2020-02-21
The Lost Church,3bd2d864,San Francisco,14,14,2018-09-06,2020-02-21
The Rock - SLO Brew,5bd3ef20,San Luis Obispo,14,14,2019-08-23,2022-10-08
Yaamava' Theater,63d01e37,Highland,14,14,2022-09-03,2022-12-30
5 Star Bar,3d3c54b,Los Angeles,14,13,2018-09-14,2020-02-15
Private Venue,33d2d0ed,West Hollywood,14,6,2018-12-16,2022-10-08
Make Out Room,7bd60294,San Francisco,14,11,2018-08-07,2020-10-09
The Love Song Bar,3bd2d8b0,Los Angeles,14,8,2018-08-06,2021-12-04
SeaLegs Live at the Beach,3d295cb,Huntington Beach,14,14,2018-08-18,2020-11-15
Pershing Square,3d6d91f,Los Angeles,14,13,2018-08-04,2020-08-16
Harvard and Stone,23d48cb3,Los Angeles,14,14,2018-10-26,2022-11-18
Time Nightclub,43d2274f,Costa Mesa,14,13,2018-12-07,2022-11-12
Cafe NELA,6bd4eed2,Los Angeles,14,14,2018-08-03,2019-09-15
Bob Hope Theatre,23d60c03,Stockton,14,14,2018-11-25,2022-12-14
Rotary Amphitheater,23d5cc6b,Fresno,13,13,2018-08-30,2022-09-22
Alvas Showroom,33d394dd,San Pedro,13,11,2019-09-15,2022-12-10
Copley Symphony Hall,43d61f6f,San Diego,13,13,2018-08-22,2020-03-03
Longboard Margarita Bar,33d234f9,Pacifica,13,9,2018-09-02,2022-10-20
The Merrow,bd46dd2,San Diego,13,13,2018-10-11,2021-12-03
Poway Center for the Performing Arts,4bd39bc6,Poway,13,13,2018-10-07,2022-12-04
Coffee Gallery Backstage,63d3aa03,Altadena,13,11,2018-08-21,2022-12-16
LA Waterfront,2bd394d2,San Pedro,13,13,2019-08-30,2019-10-05
Private Event,1bd09d74,Los Angeles,13,13,2020-07-20,2022-11-27
Rabobank Arena,4bd62b7a,Bakersfield,13,13,2018-08-18,2020-03-02
The Garage Bar,23d1f837,Ventura,13,13,2018-08-23,2022-10-22
The Blue Lagoon,23d72c77,Santa Cruz,13,13,2018-08-22,2022-10-15
Fernwood Campground and Resort,bd3a50a,Big Sur,13,9,2018-09-18,2022-09-24
Lancaster Performing Arts Center,6bd29a6e,Lancaster,13,13,2018-09-14,2022-11-18
Joe's Great American Bar & Grill,bd3a5ba,Burbank,13,8,2018-08-18,2019-12-06
The Pour House,53d5ff9d,Oceanside,13,12,2018-10-11,2022-12-08
Adelanto Stadium,73d3aa11,Adelanto,13,13,2018-09-29,2022-08-27
AT&T Park,23d658d7,San Francisco,13,13,2018-08-09,2018-10-24
Private Venue,33d02ce5,Los Angeles,12,10,2019-08-24,2022-10-21
Camp Stage,bdf8d2a,Los Angeles,12,12,2019-11-09,2019-11-10
Sacramento Memorial Auditorium,4bd6c3aa,Sacramento,12,12,2019-09-18,2022-11-13
Mondavi Center for the Performing Arts,3bd27c7c,Davis,12,12,2018-10-07,2022-09-24
Jackson Rancheria Casino Resort,13d39db5,Jackson,12,12,2018-08-15,2020-01-25
Winters Tavern,3bd71008,Pacifica,12,10,2019-10-31,2022-12-05
French's Camp,2bd3a046,Garberville,12,12,2018-08-03,2018-08-05
Private Venue,bd315e2,Pioneertown,12,1,2020-04-02,2020-10-21
Herbst Theatre,73d6c2a1,San Francisco,12,10,2018-10-25,2022-10-01
El Rio,1bd67564,San Francisco,12,9,2018-10-02,2020-02-13
Private Venue,3d0f923,San Francisco,12,9,2019-10-07,2021-12-18
Terrace Theater,1bd27164,Long Beach,12,11,2018-08-25,2022-11-13
Thunder Valley Outdoor Amphitheater,3bd07070,Lincoln,12,12,2018-09-22,2022-09-04
HopMonk Tavern Sonoma,13d39145,Sonoma,12,2,2018-08-25,2020-09-25
"Walt Disney Concert Hall, REDCAT Theater",6bd3f6aa,Los Angeles,12,12,2018-10-12,2022-10-22
Colorado Boulevard,13d1bd6d,Eagle Rock,12,12,2018-10-06,2018-10-06
Baldwin Hills Scenic Overlook,1bd07d64,Culver City,12,12,2019-10-13,2019-10-13
The Write Off Room,4bd36706,Los Angeles,12,5,2018-08-11,2020-03-07
Royce Hall,3bd26c38,Los Angeles,12,12,2018-10-04,2022-11-12
Blue Note Napa at Charles Krug Winery,3d01107,Saint Helena,12,10,2022-08-26,2022-09-24
Hemlock Tavern,1bd6d50c,San Francisco,12,11,2018-08-09,2018-10-04
Brava Theater,3d7797f,San Francisco,12,12,2018-09-07,2020-01-18
Younes and Soraya Nazarian Center For The Performing Arts,73d39e49,Northridge,12,10,2018-10-17,2022-12-17
The Factory,2bd21c06,Los Angeles,12,11,2018-08-11,2020-02-22
Orange County Fairgrounds,2bd548b6,Costa Mesa,11,11,2018-08-02,2022-10-29
World Records,1bd23550,Bakersfield,11,10,2018-10-26,2022-12-03
Rec Center,53d207b9,Los Angeles,11,10,2018-08-29,2020-03-15
Public Works,43d64357,San Francisco,11,11,2018-09-23,2021-12-13
Castoro Cellars,3bd65860,Templeton,11,11,2019-09-14,2022-09-17
Stages,bd09d32,Santa Ana,11,11,2018-09-23,2022-12-10
Sunset Center,1bd71d4c,Carmel-by-the-Sea,11,10,2018-08-24,2022-09-22
Angel Stadium,1bd639ec,Anaheim,11,9,2018-08-19,2019-09-14
"Smothers Theatre, Pepperdine University",1bd29594,Malibu,11,10,2018-09-14,2020-03-06
Valley View Casino Center,7bd7e670,San Diego,11,11,2018-08-25,2018-12-01
Playback Studios,63d21ab3,San Jose,11,10,2018-08-24,2022-12-15
Leal Ranch,4bd3fb36,Eastvale,11,11,2019-08-17,2019-08-18
Zellerbach Hall,73d4be7d,Berkeley,11,11,2018-10-05,2022-11-12
Empire Grand Oasis,7bd33ac8,Thermal,11,11,2020-01-18,2020-01-19
Old Ironsides,53d7f355,Sacramento,11,8,2018-08-11,2022-12-09
Bootleg Bar,3bd7e01c,Los Angeles,11,11,2018-08-16,2019-11-22
Broadway Pier,6bd272e2,San Diego,11,11,2019-11-22,2022-10-29
The Paramount,bd3d1be,Los Angeles,11,11,2019-11-13,2022-11-25
Temple Nightclub,7bd7fa80,San Francisco,11,10,2018-09-16,2022-12-31
The Miniplex,1bd2b174,Arcata,11,10,2018-08-10,2022-11-11
Levi's Stadium,63d4564f,Santa Clara,11,10,2018-09-29,2022-10-09
Carriage House Theatre,6bd39602,Saratoga,11,11,2018-10-17,2022-09-27
Tioga-Sequoia Brewing Company,bd39d12,Fresno,11,11,2018-10-26,2022-11-05
Pier 23 Cafe Restaurant & Bar,3d0f13b,San Francisco,11,1,2018-09-29,2020-02-29
1933 Event Center,3bd56460,Bakersfield,11,10,2018-10-20,2022-11-12
California State University San Marcos,3d219ff,San Marcos,11,10,2018-08-18,2020-12-20
Event Center Arena,63d3961f,San Jose,11,11,2018-09-20,2020-02-13
The Cinema Bar,4bd3a7ea,Culver City,10,8,2018-10-05,2020-02-07
Highland Park Bowl,6bd202b2,Los Angeles,10,10,2018-10-06,2022-09-09
Avila Beach Golf Resort,3bd65864,Avila Beach,10,10,2018-08-11,2019-09-20
Alameda County Fairgrounds,63d54263,Pleasanton,10,7,2018-09-01,2022-09-17
SOMO Village Event Center,63d5c273,Rohnert Park,10,9,2018-09-07,2019-09-14
"Bar, Terrapin Crossroads",63d332b7,San Rafael,10,8,2019-09-23,2020-02-26
Private Venue,63d3be73,Sacramento,10,7,2019-12-01,2020-11-26
Spaghettini,7bd28ebc,Seal Beach,10,5,2018-09-21,2022-11-28
Lagunitas Brewing Company,33d76c9d,Petaluma,10,8,2018-10-02,2020-07-09
Visalia Fox Theatre,53d3939d,Visalia,10,9,2018-10-28,2022-10-07
20th St Block Party,3d461e7,San Francisco,10,10,2018-08-18,2022-10-15
1756 Naud Street,6bd1b62e,Los Angeles,10,10,2018-10-13,2021-12-03
Corbin Bowl,4bd24b5e,Los Angeles,10,9,2018-11-25,2022-12-23
Que Sera,53d79fed,Long Beach,10,10,2018-10-07,2022-09-29
Oracle Park,7bd3aa04,San Francisco,10,10,2019-08-30,2022-09-21
Light Rail Studios,2bd50c1e,San Francisco,10,10,2019-11-12,2020-09-27
Barbara Morrison Performing Arts Center,7bd0d22c,Los Angeles,10,6,2021-12-17,2021-12-28
Characters,23d738b7,Pomona,10,9,2018-08-12,2022-11-26
The Center for the Arts,3d5896b,Grass Valley,10,10,2019-12-08,2022-11-30
The Sardine,1bd08920,San Pedro,10,10,2020-02-29,2022-12-09
House of Rock,2bd534e2,Santa Rosa,10,7,2018-08-11,2020-10-18
Fingerprints Music,6bd39e12,Long Beach,10,10,2018-10-25,2022-11-11
Bing Concert Hall,13d4ed09,Stanford,10,9,2018-09-21,2020-02-07
The Rady Shell at Jacobs Park,1bd061e4,San Diego,10,10,2022-08-31,2022-11-04
Rufus Wainwright's House,2bd318e2,Los Angeles,10,1,2020-03-21,2020-11-13
Black Oak Casino,23d454f3,Tuolumne,10,9,2018-08-10,2022-10-29
Santa Ana Civic Center,73d0beb1,Santa Ana,10,10,2019-11-23,2022-10-08
Jerry Garcia Amphitheatre,4bd397ea,San Francisco,10,9,2018-08-05,2022-10-08
The Goldfish,73d02221,Los Angeles,10,9,2022-09-16,2022-11-30
Fox Studios,73d6d641,Los Angeles,10,10,2020-12-31,2020-12-31
Tulare County Fairgrounds,43d4abd7,Tulare,9,9,2018-09-12,2019-09-15
TRiP Nightclub,6bd77e1e,Santa Monica,9,8,2018-12-26,2022-11-29
The Broad,2bd5205a,Los Angeles,9,9,2018-09-29,2022-09-24
Noe Valley Farmer's Market,7bd2a2e0,San Francisco,9,1,2018-08-11,2020-02-01
Club 80's Bar and Grill,33d3a4a9,Corona,9,7,2019-09-21,2021-12-11
James Corden's Carpool Karaoke,7bd502dc,Los Angeles,9,9,2018-08-15,2020-03-12
Hollywood Improv,13d7e17d,Los Angeles,9,8,2019-09-11,2022-11-01
Velvet Jones,73d61281,Santa Barbara,9,9,2018-10-07,2020-02-17
San Diego Civic Theatre,5bd0c780,San Diego,9,8,2018-08-08,2022-12-11
Ruth Finley Person Theatre,4bd4fb0e,Santa Rosa,9,9,2018-09-13,2022-09-09
Project Barley Brewery,73d08a05,Lomita,9,7,2020-01-25,2022-10-18
The Marsh,3d769e3,Berkeley,9,1,2019-09-25,2022-12-14
10th and Howard Street,23d3e423,San Francisco,9,9,2018-09-30,2019-10-20
Cellar Door,43d39393,Visalia,9,9,2018-08-11,2022-10-08
Graton Resort & Casino,73d39a9d,Rohnert Park,9,8,2018-08-17,2022-11-28
Sidney B. Cushing Memorial Amphitheatre,5bd39fc8,Marin County,9,9,2018-09-08,2022-10-22
Santa Clarita Performing Arts Center at College of the Canyons,73d592a9,Santa Clarita,9,9,2018-08-19,2022-09-17
Rampart Skate Park,4bd21bfa,Arcata,9,9,2018-08-25,2019-12-01
Art Boutiki Music Hall,63d39677,San Jose,9,7,2018-09-14,2021-12-04
Biko Garage,23d498eb,Isla Vista,9,9,2019-10-08,2019-11-11
The Honey Hive,33d474a1,San Francisco,9,9,2018-08-07,2020-03-10
Gaslamp,3d295bb,Long Beach,9,8,2018-10-21,2021-12-11
Tackle Box Bar & Grill,43d3a34f,Chico,9,8,2018-08-10,2022-10-20
Pico Rivera Sports Arena,6bd45e1a,Pico Rivera,9,9,2018-10-20,2019-11-09
The Sun Rose,4bd03326,West Hollywood,9,2,2022-10-01,2022-12-16
Long Beach Arena,bd63982,Long Beach,9,9,2018-09-15,2022-12-15
Mitchell Park,1bd58950,Palo Alto,9,9,2019-09-30,2021-12-15
Nugget Campground,1bd155d8,Placerville,9,6,2018-09-28,2019-09-29
Jam In The Van,6bd56e26,Los Angeles,9,9,2018-10-06,2022-11-11
Belden Town Resort and Lodge,1bd3a528,Belden,9,2,2018-08-16,2019-08-18
Octopus Literary Salon,5bd54bac,Oakland,9,8,2018-08-04,2018-12-14
Pasadena Civic Auditorium,2bd6d002,Pasadena,9,9,2019-08-22,2020-03-05
Musco Center for the Arts,2bd3981e,Orange,9,9,2019-10-12,2020-02-27
The Holding Company,bd511fe,San Diego,9,8,2019-08-31,2022-10-26
First Church of the Buzzard,1bd7994c,Oakland,9,9,2018-08-31,2018-09-01
Mozambique,bd4e926,Laguna Beach,9,8,2018-09-29,2020-01-18
Facebook Headquarters,73d4e27d,Menlo Park,9,8,2019-09-21,2019-10-19
Spinnaker Lounge @ Norwegian Jewel,2bd10086,Los Angeles,9,9,2022-11-03,2022-11-07
Lodi Grape Festival Grounds,5bd01348,Lodi,9,9,2018-09-13,2022-10-15
Laxson Auditorium,73d79685,Chico,9,9,2018-11-02,2022-12-13
"The State Theatre, DTLA",1bd39db0,Los Angeles,9,9,2018-11-10,2018-11-10
The Berrics,6bd55646,Los Angeles,9,9,2020-08-16,2020-08-16
Boom Boom Room,3bd4600c,San Francisco,9,6,2018-10-04,2022-09-16
Wente Vineyards,73d63a89,Livermore,9,9,2018-08-23,2019-10-13
Segerstrom Concert Hall,33d4e4f1,Costa Mesa,9,8,2018-12-29,2022-12-20
El Presidio de Santa Bárbara State Historic Park,23d2240b,Santa Barbara,8,1,2018-09-14,2019-12-01
Santa Fe Springs Swap Meet,53d4d721,Santa Fe Springs,8,4,2018-08-24,2022-10-01
Audio SF,4bd2e32a,San Francisco,8,8,2018-10-26,2022-12-31
The Lot Studios,3bd708e4,Los Angeles,8,8,2020-01-23,2020-01-23
San Manuel Casino,33d2244d,Highland,8,8,2018-08-24,2019-12-13
Globe Theatre,53d27b31,Los Angeles,8,8,2018-08-13,2020-03-06
Old Princeton Landing,13d20519,Half Moon Bay,8,6,2018-09-28,2022-10-30
Toot's Tavern,53d3a7f5,Crockett,8,6,2018-12-28,2022-12-16
John Van Duzer Theatre,1bd75960,Arcata,8,8,2019-09-03,2022-11-10
Lesher Center for the Arts,3bd7c444,Walnut Creek,8,8,2019-09-27,2020-03-07
Humbrews,4bd72f8a,Arcata,8,8,2018-09-18,2022-10-12
The OffBeat,4bd3bf02,Los Angeles,8,7,2019-11-02,2022-10-16
Yost Theater,4bd3977a,Santa Ana,8,8,2019-09-13,2022-10-28
Peace and Justice House,7bd33228,San Jose,8,7,2018-12-09,2019-10-26
M3 Live Event Center,1bd5e178,Anaheim,8,8,2020-01-17,2020-02-28
Embarcadero Marina Park South,23d6140b,San Diego,8,8,2018-08-15,2019-08-25
San Jose McEnery Convention Center,7bd39644,San Jose,8,8,2018-10-11,2020-03-01
Dynasty Typewriter At The Hayworth,3d2d197,Los Angeles,8,8,2019-08-29,2022-09-23
Alex Theatre,7bd7f6c0,Glendale,8,6,2019-10-03,2022-11-05
Yaamava' Resort & Casino,63d0621f,Highland,8,7,2022-08-28,2022-12-31
Fireside Lounge,3bd2049c,Alameda,8,5,2018-11-10,2022-12-23
The Cathedral Sanctuary at Immanuel Presbyterian Church,63d4ee4b,Los Angeles,8,6,2018-11-02,2018-12-05
BAL Theatre,33d39441,San Leandro,8,8,2019-10-05,2022-12-03
SDCCU Stadium,1bd2a19c,San Diego,8,8,2018-09-27,2018-10-06
Manchester Banquet Hall,23d030ef,Los Angeles,8,6,2021-12-30,2021-12-31
New Wave Restaurant & Bar,3d3a52f,Bellflower,8,5,2018-09-15,2020-02-21
Sapphire Palace at Blue Lake Casino,3d2457f,Blue Lake,8,4,2019-11-15,2022-12-31
Union Nightclub,bd5cd2a,Los Angeles,8,8,2018-09-01,2018-11-30
Petie's Place,3bd5e01c,Los Angeles,8,8,2019-08-17,2019-11-15
The Karman Bar,3bd5e414,Laguna Niguel,8,8,2018-08-03,2019-08-30
Levitt Pavilion,1bd6d1c0,Los Angeles,8,8,2018-08-02,2019-08-18
Woodbridge Crossing,53d01341,Woodbridge,8,2,2018-08-11,2022-09-24
Powerhouse Pub,4bd183ae,Folsom,8,7,2018-08-11,2022-12-07
The Tower Bar,3bde5c1c,San Diego,8,8,2018-09-15,2022-11-12
Lagunitas Amphitheater,43d0f737,Petaluma,8,7,2018-08-28,2022-09-20
Ukiah Brewing Company,1bd70180,Ukiah,8,4,2018-11-03,2020-02-24
"",33d67c19,San Jose,8,4,2018-08-05,2020-01-19
MeloMelo Open Mic,4bd06bd6,Santa Cruz,8,1,2022-09-19,2022-11-28
Sebastiani Theatre,5bd3cb04,Sonoma,8,8,2019-12-06,2022-09-30
Madera County Fairgrounds,43d29b83,Madera,8,8,2018-09-06,2022-09-10
3 Disciples Brewing,63d3eec7,Santa Rosa,8,7,2019-09-13,2022-12-03
Wild Honey Eagle Rock Backyard Amphitheater,13d29df1,Los Angeles,8,8,2018-08-25,2019-09-29
Tales from the Tavern,6bd7a23a,Santa Ynez,8,8,2018-10-24,2022-10-12
Viejas Casino & Resort,7bd29ae4,Alpine,8,8,2018-08-10,2022-11-26
Sound Nightclub,43d4f383,Los Angeles,8,8,2018-11-06,2022-10-15
Highland Park Ebell Club,6bd552d2,Los Angeles,8,8,2018-08-02,2022-11-10
The Redwoods,5bd35334,Mill Valley,8,1,2020-07-15,2020-12-22
Hilltop Tavern and Inn,73d206b9,Apple Valley,8,6,2018-10-05,2022-10-21
The Palms Playhouse,43d3a78b,Winters,8,7,2018-10-26,2020-01-19
Redding Civic Auditorium,63d71e53,Redding,8,8,2018-08-19,2022-11-05
Capitol Records,7bd21624,Los Angeles,7,7,2018-08-30,2019-12-09
Bar Sinister at Boardner's,2bd66002,Los Angeles,7,6,2018-10-27,2022-12-17
The Granada Theatre,33d38c55,Santa Barbara,7,7,2018-09-21,2022-12-01
All Star Lanes,3d63167,Eagle Rock,7,7,2019-10-04,2020-01-04
Oxbow RiverStage,53d0f305,Napa,7,5,2022-08-26,2022-09-17
HD Radio Sound Space at KROQ,73d56a3d,Los Angeles,7,7,2018-08-14,2020-03-05
Sutter Street,13d7ed69,Folsom,7,7,2018-09-22,2019-09-21
Blue Lake Casino,bd77de2,Blue Lake,7,7,2018-09-14,2021-12-11
Xalos Nightclub & Event Center,1bd1817c,Anaheim,7,6,2019-10-10,2022-10-13
Arkley Center for the Performing Arts,6bd3aa9e,Eureka,7,7,2018-09-21,2019-10-22
Alex Madonna Expo Center,4bd7dbde,San Luis Obispo,7,7,2019-10-03,2022-10-20
Biscuits and Blues,3d64973,San Francisco,7,6,2018-08-04,2018-12-22
Sydney Goldstein Theater,4bd397da,San Francisco,7,7,2019-09-20,2022-11-28
Mare Island Waterfront,7bd0f2c0,Vallejo,7,7,2022-09-17,2022-09-17
Aldrich Park,3d62d8f,Irvine,7,7,2019-09-24,2022-09-20
Capitol Mall,5bd42bcc,Sacramento,7,7,2018-09-29,2022-09-24
Roaring Camp,63d0968b,Felton,7,6,2022-09-17,2022-09-18
Amnesia,5bd6cb80,San Francisco,7,6,2018-08-17,2019-12-07
Thee Stork Club,5bd11fb4,Oakland,7,5,2022-09-17,2022-11-09
Bar Lubitsch,1bd71574,West Hollywood,7,7,2018-10-08,2021-12-02
Campbell Hall,3d171c3,University of California Santa Barbara Campus,7,6,2018-11-28,2022-11-29
Budweiser Pavilion and Stage,6bd20eca,Bakersfield,7,7,2018-09-19,2022-09-22
The House Of Machines,bd3b1e2,Los Angeles,7,7,2019-09-25,2020-01-16
Urbani Cellar,4bd073da,Santa Cruz,7,6,2020-03-12,2022-11-26
Ziings Bistro & Bar,3bd08cd8,Fullerton,7,7,2019-09-06,2019-10-30
Old Towne Pub,3d6757b,Pasadena,7,7,2018-12-15,2022-09-24
Herb Alpert's Vibrato Grill Jazz,33d38ca9,Los Angeles,7,7,2019-11-10,2022-11-23
The Vermont Hollywood,7bd0ee34,Los Angeles,7,7,2022-09-09,2022-12-03
Bandcamp Record Store and Performance Space,bd3ad96,Oakland,7,7,2019-09-17,2022-11-11
Riverside County Fairgrounds,7bd5862c,Indio,7,7,2020-02-15,2022-11-12
Elks Unocal Event Center,7bd4ae10,Santa Maria,7,7,2022-10-22,2022-10-22
Union,43d5db83,Los Angeles,7,7,2018-09-25,2018-11-30
Private Venue,3d3b5eb,Beverly Hills,7,4,2019-12-14,2021-12-16
Gold Country Casino & Hotel,3bd39800,Oroville,6,5,2018-09-22,2022-12-31
Blue Beach Studio,bd15922,Redondo Beach,6,6,2022-09-09,2022-12-30
Wasteland Weekend,53d0ef25,North Edwards,6,4,2018-09-26,2022-09-29
Robinson Rancheria Resort & Casino,5bd44788,Nice,6,1,2018-10-05,2020-02-15
Bricks Restaurant & Sports Bar,4bd3bf7a,Maywood,6,6,2018-09-08,2022-12-30
Universal Studios Hollywood,2bd39086,Universal City,6,4,2018-10-10,2022-12-08
Del Mar Racetrack,bd61962,Del Mar,6,6,2018-08-17,2019-08-16
Acrisure Arena,33d1acd9,Thousand Palms,6,6,2022-12-14,2022-12-31
Den of Sin,5bd2e76c,Sacramento,6,6,2019-10-25,2022-12-09
Unfair Oaks,33d28831,Pasadena,6,5,2020-02-28,2022-12-16
Balboa Theater,4bd28fda,San Francisco,6,5,2018-08-06,2021-12-12
Mudpuddle Shop,bd0d17e,Fremont,6,1,2020-03-27,2021-12-11
Rehearse America,23d34c5f,Oakland,6,1,2020-05-06,2020-12-24
SubRosa Community Space,4bd3b3e2,Santa Cruz,6,5,2018-08-22,2019-09-25
Te Mana Cafe,63d33a03,San Diego,6,1,2018-12-08,2020-03-01
Solano County Fairgrounds,1bd29d68,Vallejo,6,5,2020-09-26,2020-11-14
Odd Fellows Hall,1bd259c4,Auburn,6,4,2018-10-19,2022-12-17
Irvine Barclay Theatre,2bd770fe,Irvine,6,6,2018-12-07,2022-10-08
The Miracle Theater,63d3f633,Inglewood,6,4,2019-08-24,2022-08-27
Hilton Anaheim,43d4e743,Anaheim,6,6,2020-01-17,2020-01-18
Ace Hotel & Swim Club,5bd5d7b0,Palm Springs,6,6,2018-09-21,2020-01-15
Improv Comedy Club,73d2c2f1,Irvine,6,5,2019-09-02,2022-11-21
Private Venue,5bd37380,Riverside,6,2,2020-03-28,2020-12-31
Stafford Lake County Park,23d3986f,Novato,6,6,2018-09-23,2018-09-23
Rapid Skateshop,13d1bda5,Simi Valley,6,6,2022-12-15,2022-12-30
Hot Shot Muffler,63d35a5f,Los Angeles,6,6,2020-12-13,2020-12-13
Rock & Brews,73d3be91,Highland,6,5,2021-12-03,2022-12-16
The Side Door,13d25575,Sacramento,6,5,2018-09-08,2022-10-16
Retro Junkie,23d3e41f,Walnut Creek,6,5,2018-10-26,2022-11-25
Studio City Sound,43d0d313,Los Angeles,6,6,2022-12-17,2022-12-17
Center for the Performing Arts,bd631ce,San Jose,6,6,2018-10-30,2020-03-09
Bridgetown DIY,7bd492b8,La Puente,6,6,2018-08-11,2019-09-04
The Jennifer Hudson Show,23d1a833,Los Angeles,6,6,2022-09-13,2022-12-05
The Lodge at The Regency Center,53d77b65,San Francisco,6,6,2018-11-04,2022-09-10
El Rey Theater,13d3a19d,Chico,6,6,2018-09-07,2022-10-07
Private Venue,23d39813,Orange,6,4,2018-09-22,2020-09-18
FTG Warehouse,73d05665,Santa Ana,6,6,2019-09-06,2022-12-15
Vinnie's Bar & Grill,23d3a4ab,Concord,6,6,2018-08-04,2022-12-16
Madame Siam,4bd5bbf6,Los Angeles,6,6,2018-10-12,2022-09-22
Roccapulco,43d593eb,San Francisco,6,4,2018-09-22,2022-11-12
Pantages Theatre,63d62afb,Los Angeles,6,3,2019-09-24,2022-12-17
Westside Pavilion,2bd39cbe,Tuolumne,6,6,2019-09-01,2019-10-12
The Canyon at The Rose - Pasadena,5bd3eb74,Pasadena,6,6,2019-09-21,2020-01-24
Grand Theatre Center for the Arts,23d390c7,Tracy,6,5,2018-09-28,2022-09-23
Whiskey Dick's,3bd49c84,South Lake Tahoe,6,5,2019-12-21,2022-12-29
The Federal Bar,3d7555f,Los Angeles,6,6,2018-08-12,2022-08-26
Raven Theater,23d3a0c7,Healdsburg,6,5,2018-11-16,2022-12-02
Coaxial Arts Foundation,2bd24c12,Los Angeles,6,5,2018-08-10,2022-11-05
Casa Escobar Malibu,bd535c6,Malibu,6,6,2018-12-08,2019-10-26
Nickerson Gardens,43d2ff9b,Los Angeles,6,6,2018-12-19,2018-12-19
Machine Studio,1bd01d3c,San Pedro,6,6,2019-08-21,2019-10-30
HM157,5bd65308,Los Angeles,6,6,2020-01-18,2020-01-18
Soka Performing Arts Center,73d3aa0d,Aliso Viejo,6,6,2019-10-05,2020-02-29
Bob Baker Marionette Theater,2bd2a462,Los Angeles,6,6,2018-11-16,2022-11-20
RAREHOUSE,bd391ce,Los Angeles,6,6,2018-11-30,2020-02-29
Lincoln Theater Napa Valley,73d392ed,Yountville,6,6,2018-11-03,2020-01-17
Permanent Records Roadhouse,5bde37cc,Los Angeles,6,6,2019-12-03,2022-12-14
ABC Studios,3bd60424,Los Angeles,6,6,2022-12-31,2022-12-31
State Theatre,73d39a71,Red Bluff,6,6,2018-08-04,2022-10-28
19 Broadway,6bd7a62e,Fairfax,6,6,2018-08-18,2020-10-10
Oxbow Commons,5bd23b9c,Napa,6,6,2019-08-25,2019-10-26
Marines' Memorial Theatre,43d397ef,San Francisco,6,5,2018-09-27,2022-11-12
State Social House,13d2b14d,West Hollywood,6,4,2018-10-11,2022-09-16
SilverLakes Equestrian and Sports Park,6bd03aee,Norco,6,6,2019-10-20,2020-11-12
Belching Beaver Brewery,53d12b81,Oceanside,6,6,2022-11-12,2022-11-12
Spotlight 29 Casino,7bd5ea58,Coachella,6,6,2018-10-26,2022-09-22
7 Mile House,bd0f17a,Brisbane,6,1,2018-09-01,2020-03-07
Back Bay Amphitheater,bd399ba,Newport Beach,6,6,2019-08-16,2019-10-04
Twilight on the Pier,23d3f073,Santa Monica,6,6,2019-08-21,2019-09-25
Russ and Julie's,bd0f5de,Calabasas,6,6,2019-11-02,2020-03-07
"",73d44a0d,West Hollywood,6,6,2018-11-07,2022-11-03
Popscene,23d63c13,San Francisco,5,5,2018-12-06,2022-09-29
San Diego Convention Center,4bd0c79a,San Diego,5,5,2018-08-21,2022-10-09
Long Beach Convention Center,7bd7a63c,Long Beach,5,5,2019-08-19,2022-11-12
Hotel Zoso,bd015e6,Palm Springs,5,5,2021-12-31,2021-12-31
Michael's on Main,13d2d9c5,Soquel,5,5,2018-12-05,2019-10-19
Sound Room,23d26887,Oakland,5,3,2019-08-23,2022-11-11
The Big Easy,5bd2ffdc,Petaluma,5,2,2018-08-14,2022-12-16
First Congregational Church of Los Angeles,6bd26692,Los Angeles,5,4,2018-12-01,2021-12-11
Club Tee Gee,2bd3f04a,Los Angeles,5,5,2019-08-25,2022-08-28
Outer Space Arcata,73d3aa99,Arcata,5,4,2018-10-07,2019-12-02
Exposition Park,1bd66d1c,Los Angeles,5,5,2022-10-16,2022-10-16
California Institute of Abnormalarts,3d399b3,Los Angeles,5,5,2018-11-24,2018-12-01
La Mirada Theatre for the Performing Arts,63d76eff,La Mirada,5,5,2018-10-12,2020-02-22
Victoria Gardens Cultural Center,53d1bf35,Rancho Cucamonga,5,5,2019-11-01,2022-12-21
La Movida Night Club,2bd2007a,Bakersfield,5,5,2018-10-05,2018-10-05
Caravan Lounge,7bd43614,San Jose,5,3,2018-08-24,2020-03-06
The Abbey Food & Bar,43d0cbd7,West Hollywood,5,4,2018-12-04,2022-12-15
Sutter Creek Theatre,23d7ccfb,Sutter Creek,5,5,2018-10-04,2022-09-30
Santa Cruz Civic Auditorium,1bd38dc8,Santa Cruz,5,5,2019-10-25,2022-10-01
Oak and Main,1bd3d1f8,Ventura,5,5,2019-10-26,2019-12-15
DTS Sound Space at KROQ,63d08eef,Los Angeles,5,5,2022-08-29,2022-11-27
Starry Plough,43d627ab,Berkeley,5,5,2018-08-03,2018-12-07
Warnors Theatre,5bd29b8c,Fresno,5,5,2019-08-18,2019-12-14
Private Venue,bd36512,Berkeley,5,2,2020-04-10,2020-12-18
Gloria Molina Grand Park,4bd1efb2,Los Angeles,5,5,2018-08-31,2022-11-05
Private Venue,53d31b89,Woodside,5,1,2020-03-26,2020-04-06
Moscone Center,3d6c923,San Francisco,5,5,2018-09-14,2022-09-20
Presqu'ile Winery,5bd2b778,Santa Maria,5,4,2018-09-07,2022-09-30
Spreckels Theatre,6bd612c2,San Diego,5,5,2018-10-13,2020-01-18
Soundwave Studios,4bd79b06,Oakland,5,1,2020-05-24,2020-10-31
Camp Mt. Crags,73d2a619,Malibu,5,1,2018-08-11,2019-09-08
The Vine,73d26201,Ojai,5,3,2018-12-12,2022-11-27
Adams Avenue Street Fair,1bd515f8,San Diego,5,4,2019-09-21,2022-09-24
Feinstein's at the Nikko,73d52e49,San Francisco,5,2,2019-12-12,2022-12-18
The Prospector,3bd71424,Long Beach,5,5,2018-09-29,2019-10-29
Helwig Winery,53d5abdd,Plymouth,5,5,2019-08-24,2022-08-27
The Blvd,2bd66462,Los Angeles,5,4,2018-08-12,2019-08-29
Great Star Theater,73d056f5,San Francisco,5,5,2022-10-13,2022-10-15
Highlands Jam Studios,73d1b661,Calabasas,5,5,2022-10-01,2022-11-16
Queen Bees,1bd645e8,San Diego,5,5,2019-10-03,2022-11-19
Museum of Making Music,53d50f55,Carlsbad,5,5,2018-11-02,2020-11-20
SiriusXM Studios,63d31a8b,Los Angeles,5,5,2018-10-01,2022-08-25
Cricket Wireless Lounge,53d26755,Los Angeles,5,5,2018-11-28,2020-02-24
The Grand Star Jazz Club,4bd51f02,Los Angeles,5,5,2018-11-04,2020-03-06
Alpine Village,73d5ee65,Torrance,5,5,2018-08-04,2018-08-04
Silverlake Conservatory of Music,23d4f89b,Los Angeles,5,3,2018-09-29,2022-10-29
World Beat Center,43d62747,San Diego,5,5,2020-02-15,2020-02-16
The Rellik Tavern,3d381a3,Benicia,5,2,2021-12-11,2022-12-22
Olov Hall,6bd2527a,Los Angeles,5,5,2020-01-25,2020-01-25
88.5 FM Studio @ CSUN,5bd20f88,Northridge,5,5,2018-09-12,2019-10-16
Broad Stage,7bd7fea8,Santa Monica,5,5,2018-11-11,2022-12-17
Siren's Song Tavern,13d0e191,Eureka,5,5,2018-09-07,2022-09-18
The Hood,13d73d49,Palm Desert,5,5,2019-11-02,2022-11-26
Private Venue,6bd09eee,Twentynine Palms,5,1,2020-10-23,2020-10-26
Harold's Place,7bd4aefc,San Pedro,5,4,2018-10-14,2021-12-11
No Vacancy,6bd5be12,Los Angeles,5,5,2018-08-23,2022-11-01
First Street Wine Co,3bd20498,Livermore,5,1,2018-09-16,2020-08-30
Sans Souci Cocktail Lounge,2bd5101e,Ventura,5,5,2018-10-05,2022-09-17
Kulak's Woodshed,4bd77726,Los Angeles,5,5,2018-08-10,2020-11-05
Lair of the Golden Bear,33d39449,Pinecrest,5,4,2018-09-07,2018-09-09
Momo Lounge,53d2c345,Sacramento,5,5,2018-10-06,2019-11-19
"",73d60621,Oakland,5,5,2018-12-11,2020-07-10
1-2-3-4 Go! Records,13d7e161,Oakland,5,5,2018-08-31,2018-10-21
Oak Canyon Nature Center,bd3a1ba,Anaheim,5,5,2019-09-07,2019-09-07
The Lab,43d6335b,San Francisco,5,5,2018-11-15,2022-08-26
Monty Bar,13d5c1f1,Los Angeles,5,5,2018-10-13,2022-09-11
Silverado Resort and Spa,1bd399c0,Napa,5,5,2018-10-04,2019-09-28
MacArthur Park,2bd3b8ba,Los Angeles,5,5,2019-12-14,2019-12-14
El Picante,33d04821,Bell Gardens,5,5,2022-11-18,2022-11-18
Starlight Theater,2bd398e2,Pala,5,5,2019-09-07,2022-10-02
Hilton Bayfront Park,1bd3cd0c,San Diego,5,5,2018-12-01,2019-11-23
Ojai Underground Exchange,23d2706b,Ojai,5,5,2018-11-02,2022-11-05
Colonial Theater,43d78bef,Sacramento,5,5,2018-11-03,2020-02-22
Conan,43d7c7df,Burbank,5,5,2018-08-27,2018-10-03
Heart Health Park,7bd0eeb0,Sacramento,5,5,2022-09-20,2022-09-24
Wiens Family Cellars,6bd4062a,Temecula,5,5,2018-08-17,2019-09-06
Carpenter Performing Arts Center,5bd1ff30,Long Beach,5,4,2019-09-21,2022-11-03
Musicians Institute Auditorium,73d4e6f9,Los Angeles,5,3,2018-09-28,2022-09-15
Stay Gold Deli,3bd0c4d4,Oakland,5,5,2022-09-11,2022-12-21
"",63d60633,Berkeley,5,1,2020-08-20,2020-11-13
Little Joy,bd4e1e6,Los Angeles,5,5,2018-08-18,2020-01-16
Boston Court Performing Arts Center,73d20eed,Pasadena,5,1,2018-09-13,2021-12-10
"",73d61e19,San Francisco,5,3,2019-12-05,2021-12-26
Mayfair Hotel,bd38dfa,Los Angeles,4,4,2019-08-29,2019-10-19
Boardner's,1bd79968,Los Angeles,4,4,2019-08-29,2022-10-14
CWK Studio,3bd35460,Los Angeles,4,1,2020-10-10,2020-11-22
Shenanigans,3d20d1b,South Gate,4,4,2018-09-08,2019-12-19
Private Venue,43d22723,San Jose,4,4,2018-08-05,2020-12-26
Mateel Community Center,4bd79356,Redway,4,4,2018-09-03,2022-09-11
The Observatory Grounds,23d5185f,Santa Ana,4,4,2018-09-04,2022-10-15
USS Hornet Museum,7bd3aa14,Alameda,4,4,2019-10-19,2022-10-14
Quarry Park Amphitheater,3bd1fc08,Rocklin,4,4,2018-08-11,2022-09-30
Sweet Springs Saloon,3bd394ec,Los Osos,4,4,2019-10-27,2020-02-16
Pacific Design Center,4bd62f0e,West Hollywood,4,4,2020-02-03,2022-10-27
Booze Brothers Brewing Co.,1bd5c540,Vista,4,3,2018-11-03,2021-12-03
Kensington Club,7bd41a94,San Diego,4,4,2019-10-25,2022-10-13
Citadel Outlets,2bd5048e,Commerce,4,4,2020-08-29,2020-08-29
Vibrato Jazz Club,1bd58128,Los Angeles,4,2,2020-01-15,2022-10-18
That's My Jam,63d0ce2f,Los Angeles,4,4,2021-11-29,2021-11-29
Cache Creek Casino Resort,73d7fea5,Brooks,4,3,2018-09-14,2022-11-05
Honda Stage at the iHeartRadio Theater,63d2529b,Burbank,4,4,2018-11-27,2022-09-09
Newman House,2bd20056,Isla Vista,4,4,2018-10-05,2018-10-05
The Verdi Club,13d79de9,San Francisco,4,3,2018-10-03,2020-02-14
Pizza Beer and Wings,5bd5a7b0,Pomona,4,4,2018-08-04,2018-12-15
Rubidoux Drive-In Theatre,23d3586f,Riverside,4,3,2020-09-26,2020-10-24
Thornton Winery,53d7e3e5,Temecula,4,4,2018-08-11,2022-10-08
Appleton Event Center,53d3b795,Watsonville,4,4,2018-11-11,2018-12-05
Piedmont Piano Company,4bd23366,Oakland,4,4,2018-11-30,2019-12-11
Online Event,23d0ccff,San Francisco,4,2,2020-04-02,2020-08-08
Community Center Theater,bd39122,Sacramento,4,4,2018-08-21,2018-11-13
Bourbon Street Bar,33d328b1,Fullerton,4,4,2020-02-19,2020-03-04
Rendon Hall,7bd3a258,Berkeley,4,4,2018-10-19,2020-01-21
Five Fingers Pub,3bded0b8,Inyokern,4,2,2022-09-04,2022-10-29
Mi Ranchito Bar,63d18e5b,Los Angeles,4,4,2022-10-22,2022-12-03
Aztec Brewing Company,13d22df9,San Diego,4,2,2019-08-24,2020-01-03
Bocci's Cellar,63d3fabb,Santa Cruz,4,3,2018-10-24,2020-02-08
Cloverdale Plaza,7bd2d2c4,Cloverdale,4,4,2018-08-03,2018-08-31
dba256,53d3b7b1,Pomona,4,4,2020-03-09,2021-12-02
Miners Foundry Cultural Center,1bd39904,Nevada City,4,4,2018-09-13,2022-10-13
"",33d7a461,Malibu,4,4,2018-12-02,2021-12-03
"The Garage, Sirius XM Radio",73d33a21,Los Angeles,4,4,2019-09-11,2020-12-18
Golden Gate Park Bandshell,3bd2d474,San Francisco,4,3,2021-12-18,2022-12-07
Hammer Museum,1bd6d134,Los Angeles,4,4,2018-08-08,2022-11-10
Full Circle Olympic,6bd3fa9e,Fresno,4,4,2019-08-17,2020-03-07
Sunset Boulevard,5bd75318,Los Angeles,4,2,2018-11-25,2021-11-28
South Bay Customs,4bd5931e,El Segundo,4,2,2020-11-27,2022-08-28
Grammy Museum,bd061ea,Los Angeles,4,4,2022-09-22,2022-11-02
Carnival Inspiration,4bd0b796,Long Beach,4,4,2020-01-17,2020-01-18
That 80's Bar,2bd4e8ce,Montclair,4,4,2018-12-29,2020-02-28
Foundation Room,13d0fda9,Anaheim,4,4,2018-09-28,2020-01-25
Peri's Bar,33d2a0dd,Fairfax,4,1,2018-12-14,2020-02-21
Sycuan Live and Up Close,4bd7332e,El Cajon,4,4,2020-02-15,2022-09-17
The Bistro,13d5a9b1,Hayward,4,4,2019-09-20,2022-11-16
The Standard,7bd7aaac,West Hollywood,4,4,2018-12-31,2019-10-29
Turlock Community Theatre,2bd390ae,Turlock,4,4,2018-10-28,2022-12-01
EastWest Recording Studios,1bd4a100,Los Angeles,4,2,2020-05-22,2020-06-03
Private Venue,53d36331,Mill Valley,4,3,2020-08-27,2022-10-29
Universal Bar & Grill,43d73727,Los Angeles,4,4,2019-08-16,2020-03-11
The Laugh Factory,bd23d5a,Los Angeles,4,2,2019-08-26,2022-11-19
Red Hat,5bd52bd4,Concord,4,4,2018-10-12,2020-02-15
Buck Owens' Crystal Palace,5bd7e71c,Bakersfield,4,4,2018-09-27,2020-03-05
Stork Club,23d7e8e3,Oakland,4,3,2018-08-16,2020-03-12
Luckman Fine Arts Complex,53d79b0d,Los Angeles,4,4,2018-08-25,2022-11-19
Private Venue,6bd34a6a,Napa,4,3,2018-09-22,2022-10-27
Rock City Studio,33d7cc05,Camarillo,4,4,2018-08-05,2019-09-28
"",3bd67c18,Santa Cruz,4,4,2018-08-10,2020-12-05
Twin Peaks Sessions,3d0e533,San Francisco,4,4,2019-09-27,2020-03-08
Amazon Music Live,23d1b86b,Los Angeles,4,4,2022-10-27,2022-12-29
The Brick,3bd3cc0c,Nevada City,4,3,2019-11-15,2020-02-29
Heritage Theatre,23d67027,Campbell,4,4,2019-11-12,2022-11-06
Ojai Deer Lodge,4bd2bb9e,Ojai,4,3,2018-08-10,2022-11-22
Junior Seau Pier Amphitheatre,2bd3985a,Oceanside,4,4,2018-09-08,2018-09-08
Affliction Studios,6bd2aea6,Seal Beach,4,4,2019-09-10,2022-12-31
Brandin' Iron,53d76b51,San Bernardino,4,4,2018-09-28,2021-12-04
8253 Ronson Rd,1bd1e524,San Diego,4,4,2022-09-11,2022-09-11
Stern Grove,73d782b9,San Francisco,4,4,2018-08-05,2019-08-18
Bender's Bar & Grill,13d77de9,San Francisco,4,4,2019-10-12,2020-02-27
Moe's Music,2bded0ba,Ridgecrest,4,2,2022-09-10,2022-12-10
Dan's Irish Sports Bar,5bd77f44,Walnut Creek,4,3,2018-10-20,2020-02-21
SVN West,3d3f9fb,San Francisco,4,3,2019-08-14,2019-08-15
Downtown Palm Springs,13d3650d,Palm Springs,4,4,2019-10-31,2019-11-02
Streetlight Records,53d4c755,Santa Cruz,4,3,2018-08-24,2020-02-16
The Hangar at the OC Fair,43d3a707,Costa Mesa,4,4,2018-08-08,2020-01-05
Palmdale Amphitheater,2bd398a6,Palmdale,4,4,2018-09-22,2022-09-10
Rio Nido Roadhouse,5bd4a374,Rio Nido,4,3,2018-09-01,2019-10-26
Rainbow Ballroom,1bd6c58c,Fresno,4,4,2018-11-02,2019-11-05
Chukchansi Park,73d6da29,Fresno,4,4,2018-09-15,2022-10-01
Paul Dresher Ensemble Studio,1bd0e53c,Oakland,4,4,2020-03-07,2021-12-10
The Airliner,13d63d89,Los Angeles,4,4,2018-11-09,2022-12-09
Hard Rock Hotel & Casino Sacramento,7bd1fec4,Wheatland,4,4,2022-09-29,2022-11-10
Triforium,3bd274e8,Los Angeles,4,4,2018-10-26,2018-11-02
Dancing with the Stars,3bd46034,Los Angeles,4,3,2018-10-08,2019-11-25
Sofar Sounds,bd44996,Los Angeles,4,4,2018-08-11,2022-09-30
Santa Monica Pier,3bd630d4,Santa Monica,4,4,2018-09-12,2018-09-26
Center Stage,1bd21d30,Lake Arrowhead,4,3,2018-08-10,2019-08-16
Armando's,53d70b35,Martinez,4,3,2018-08-18,2019-11-14
A Satellite of Love,43d2535b,San Luis Obispo,4,4,2020-02-27,2021-11-30
The Westin Bonaventure Hotel and Suites,bd7259e,Los Angeles,4,4,2022-11-08,2022-11-08
Champion Site + Sound,53d033ed,Los Angeles,4,3,2022-11-05,2022-12-10
Warner Grand Theatre,2bd394d6,San Pedro,4,4,2018-11-04,2022-10-01
Poor House Bistro,6bd516ca,San Jose,4,4,2018-12-16,2019-08-16
A.C. Dysart Equestrian Center,63d20eff,Banning,4,4,2018-09-15,2018-09-16
Rodney Strong Vineyards,7bd39234,Healdsburg,4,4,2018-10-31,2022-09-10
KALX-FM,53d2975d,Berkeley,4,3,2018-09-26,2022-12-17
Love Field,73d55295,Point Reyes Station,4,4,2018-08-04,2019-10-12
Little Saint,bd0798e,Healdsburg,4,4,2022-09-06,2022-11-15
TAIX,bd7ddbe,Los Angeles,4,4,2018-08-17,2020-03-12
Hueneme Beach Park,43d06b5f,Port Hueneme,4,4,2022-08-27,2022-08-28
Sunspace,5bd38738,Shadow Hills,4,4,2018-12-08,2020-02-02
Spectrum Amphitheatre,73d23a21,Bakersfield,4,4,2018-08-18,2022-09-17
Big Bear Mountain Resorts,3d3a50b,Big Bear Lake,4,4,2019-09-28,2020-02-22
Oakland Secret,5bd243dc,Oakland,4,2,2019-08-26,2022-11-05
The Will Geer Theatricum Botanicum,1bd64174,Topanga,4,3,2018-11-04,2019-11-02
Private Venue,3bd13c88,Los Angeles,4,4,2019-09-27,2020-06-18
The Painted Turtle,6bd182be,Lake Hughes,4,4,2019-09-14,2019-09-14
Almost Famous Wine Company,1bd03d54,Livermore,4,4,2022-08-26,2022-11-11
Yolo County Fairgrounds,2bd52cd6,Woodland,4,4,2019-08-31,2019-08-31
3F Gallery,13d38965,San Jose,4,4,2019-09-06,2020-02-05
Gerstle Park Neighborhood,53d3ebb9,San Rafael,4,3,2019-09-22,2022-09-18
The Well,43d3c75b,Bakersfield,4,4,2019-12-07,2020-02-20
Fox Theatre,3d6310b,Redwood City,4,4,2018-09-11,2019-09-12
Blonde Bar,63d286d7,San Diego,4,4,2018-11-26,2020-03-05
Hermosa Beach,13d415b1,Hermosa Beach,4,4,2019-08-17,2020-05-01
Sierra Nevada Brewing Co.,43d3a30b,Chico,4,4,2018-08-05,2020-03-02
The Marcus Singletary Show,3bd33860,Los Angeles,4,1,2019-12-02,2019-12-30
Santa Barbara Polo & Racquet Club,bd3052a,Carpinteria,4,4,2018-09-08,2018-09-08
University of California Botanical Garden at Berkeley,53d3a3f9,Berkeley,3,3,2018-08-16,2018-08-25
USC McCarthy Quad,73d5caad,Los Angeles,3,3,2019-11-01,2022-10-23
Veterans Field,4bd20f32,Galt,3,3,2018-09-15,2018-09-15
Moose Lodge,33d2884d,Oceanside,3,2,2018-08-31,2019-12-20
Muckenthaler Cultural Center,73d23aa1,Fullerton,3,3,2018-10-25,2020-10-08
HEAV3N,43d34be7,Los Angeles,3,1,2020-05-09,2021-12-31
"",5bd4e754,Compton,3,3,2018-08-24,2018-08-24
Lost on Main,2bd6406a,Chico,3,3,2018-11-07,2019-10-22
Yellow Door House Concert,bd0310e,Santa Ana,3,3,2022-09-05,2022-10-21
Skyloft,33d39c01,Laguna Beach,3,3,2018-10-21,2022-12-16
Bricks Rock Bar,6bd0d6fa,Maywood,3,3,2022-09-16,2022-09-17
Wilshire Ebell Theatre,13d66d61,Los Angeles,3,2,2018-11-15,2022-10-28
Ramona Garden Park,5bd303f0,Grover Beach,3,3,2018-08-25,2022-08-27
L.A. Forum,23d17853,Inglewood,3,1,2019-11-22,2019-12-07
Crybaby,53d037c5,Oakland,3,3,2022-08-24,2022-11-01
Old Western Saloon,13d7e979,Point Reyes Station,3,3,2019-08-16,2019-08-16
Cobb's Comedy Club,43d65727,San Francisco,3,3,2018-11-11,2022-10-08
The Slipper Clutch,73d05a85,Los Angeles,3,3,2019-09-05,2022-10-22
Strawberry Meadows of College Park,3bd398e8,Oxnard,3,3,2021-12-22,2021-12-22
BarrelHouse Brewing Co.,bd3b9d6,Paso Robles,3,2,2019-10-03,2022-10-28
Lumbar Yard,63d302eb,Mill Valley,3,1,2020-03-03,2020-11-07
The Post at Rockwells,5bd3dbec,City of Villa Park,3,1,2019-10-24,2019-12-26
Collective 47,33d35c39,Apple Valley,3,3,2020-01-23,2022-12-08
Los Angeles Theatre,23d33c4b,Los Angeles,3,3,2019-11-23,2019-12-31
Private Venue,23d308cb,Santa Margarita,3,1,2020-04-08,2020-05-30
Cal Coast Credit Union Amphitheater,5bd07be4,San Diego,3,3,2019-11-17,2022-09-15
Auburn State Theatre,1bd181e0,Auburn,3,3,2019-12-20,2022-10-28
Liberty Stage,33d2ac65,Los Angeles,3,3,2018-08-17,2019-08-17
The Grange Hall,6bd34e16,Los Olivos,3,3,2019-10-25,2019-10-25
Monk Space,23d2ac6b,Los Angeles,3,3,2019-11-16,2019-11-16
Arcata Playhouse,7bd44a04,Arcata,3,3,2019-11-04,2022-10-23
Michael David Winery,63d0e683,Lodi,3,1,2019-09-20,2019-11-03
The Fruit Yard Amphitheater,73d3a645,Modesto,3,3,2018-08-24,2019-10-06
"",6bd29a6a,Lancaster,3,3,2018-10-24,2019-10-08
The Whiskey Barrel,5bd02fa8,Hesperia,3,3,2019-12-12,2022-11-19
America's Got Talent,3bd5d0b4,Los Angeles,3,3,2018-09-19,2020-09-23
Moss Theater,43d2df43,Santa Monica,3,3,2018-11-24,2020-03-22
Quechan Casino Resort,6bd73a96,Winterhaven,3,3,2019-08-30,2019-12-21
Copper Blues,7bd3e204,Brea,3,2,2019-10-04,2022-10-01
Palm Springs Cultural Center,43d263cb,Palm Springs,3,1,2018-11-16,2018-11-18
Foothill College Appreciation Hall,73d182b5,Los Altos Hills,3,3,2019-10-26,2019-10-26
The Shops on the Lake,bd205e6,Pasadena,3,3,2018-09-29,2019-09-28
Buckingham Palace,53d5c71d,Los Angeles,3,3,2018-11-03,2020-09-11
Presidio Officer's Club,73d22ec5,San Francisco,3,1,2018-10-25,2018-10-27
"",7bd7a27c,Anaheim,3,3,2018-08-25,2020-09-25
Brouwerij West,2bd22cfe,San Pedro,3,3,2018-09-15,2019-10-26
Midnight Jack Brewing Company,33d204ed,Oceanside,3,3,2018-09-28,2018-09-28
Boulevard Music,23d21cef,Los Angeles,3,3,2018-12-01,2022-11-19
The Rock Yard,2bd780aa,Indio,3,2,2018-09-22,2020-12-05
Gallagher Square,5bd023b0,San Diego,3,3,2022-08-25,2022-09-25
Haight Street Art Center,4bd27b2e,San Francisco,3,3,2018-10-06,2018-10-06
San Jose Jazz Summer Fest Stages,5bd22300,San Jose,3,3,2018-08-10,2018-08-12
Rubycon Records & Tapes,3bd1bc34,Los Angeles,3,3,2022-08-26,2022-12-17
Topa Topa Brewing Company,63d2bacb,Santa Barbara,3,1,2018-08-12,2018-11-18
Sausalito Cruising Club,2bd2a0d2,Sausalito,3,3,2018-09-29,2022-12-30
Beach Park,bd3f10e,San Rafael,3,1,2019-09-02,2020-11-07
Murphys Irish Pub,3bd0d4c8,Murphys,3,2,2021-12-09,2022-11-12
Sonoma-Marin Fairgrounds,7bd2b62c,Petaluma,3,3,2018-08-04,2022-10-01
Studio 606,5bd60fdc,Los Angeles,3,1,2019-10-25,2020-11-21
Riff Mountain,53d3b3e1,Fullerton,3,3,2018-08-25,2018-10-19
Red Poppy Arthouse,63d4665b,San Francisco,3,2,2018-11-10,2019-08-24
Totally 80's Bar & Grille,3d441d3,Fullerton,3,3,2018-12-01,2019-12-21
Tachi Palace,3bd6580c,Lemoore,3,3,2018-09-06,2019-10-04
Dildo Factory,3d2318b,Berkeley,3,3,2018-08-04,2019-09-18
B Ryders Bar,bd21d32,Bakersfield,3,3,2018-09-14,2018-12-06
June Lake Jam Fest,33d068b5,June Lake,3,3,2022-09-10,2022-09-11
GiGi's Cocktail Lounge,3bd1f834,Ventura,3,3,2022-09-08,2022-10-11
Twin Oaks Roadhouse,23d2a453,Penngrove,3,3,2020-02-29,2022-08-28
Giggles Night Club,33d44421,Glendale,3,3,2022-09-30,2022-11-06
American Barbershop,7bd3c618,Los Angeles,3,2,2019-08-15,2020-09-26
Metallica HQ,6bd18286,San Rafael,3,1,2020-08-12,2020-11-14
CBR House,3d3117f,Los Angeles,3,3,2020-01-23,2020-03-07
Quartyard,2bd59cea,San Diego,3,3,2019-10-25,2021-12-10
Luckyduck Bicycle Cafe,53d04321,Oakland,3,3,2022-12-10,2022-12-10
Simple Pleasures Cafe,7bd22684,San Francisco,3,3,2018-11-30,2020-03-02
The Pad,2bd04cc2,Perris,3,3,2022-11-12,2022-11-12
South Pasadena Masonic Lodge,23d270bf,South Pasadena,3,3,2018-11-03,2021-12-04
Mi California,53d06b9d,Hawthorne,3,3,2022-09-03,2022-12-10
Chewing Foil,3d03dcb,Los Angeles,3,3,2019-09-19,2020-01-04
South Coast Winery,bd4758e,Temecula,3,3,2022-09-01,2022-10-06
Spin,13d63d0d,San Diego,3,3,2019-12-30,2022-10-22
West Hollywood Park,4bd7535a,West Hollywood,3,3,2020-02-09,2022-12-08
KXLU,5bd4ff14,Los Angeles,3,3,2019-10-31,2020-06-20
Village Recording Studios,3bd638a4,Los Angeles,3,3,2020-02-24,2022-09-25
La Maison Kabob,1bd3ad74,Fresno,3,3,2019-09-24,2020-01-14
Vacaville Performing Arts Theatre,3bd67020,Vacaville,3,3,2020-02-21,2022-11-04
Delucia Bar,7bd3cae8,Paramount,3,2,2019-10-31,2020-02-28
Halcyon,3d3b59f,San Francisco,3,3,2019-11-02,2020-01-01
Samala Showroom at Chumash Casino,63d2cad3,Santa Ynez,3,2,2019-09-13,2020-02-29
The Alibi,43d3f34b,Palm Springs,3,3,2020-02-27,2022-10-28
Sunset Sound Studio,33d7e811,Los Angeles,3,2,2020-10-08,2020-12-31
The Loft at UC San Diego,6bd62afe,La Jolla,3,3,2019-10-08,2020-01-08
Wallis Annenberg Center for the Performing Arts,3d339db,Beverly Hills,3,3,2020-01-12,2020-01-25
American Legion Post 359,2bd3248e,Norwalk,3,3,2020-02-22,2020-02-22
Private Venue,1bd301c0,Orange County,3,3,2020-05-21,2020-12-04
Steel Mill Coffee,33d07885,Oceanside,3,3,2020-04-11,2020-12-18
Church of Fun,43d5676b,Los Angeles,3,2,2019-09-21,2020-02-22
Crenshaw Blvd,33d27089,Los Angeles,3,3,2018-10-20,2019-10-19
The Russ Room,1bd361d0,Sacramento,3,2,2020-03-04,2022-12-17
Bootleg HiFi,5bd5974c,Los Angeles,3,1,2019-09-27,2019-09-29
The Del Monte Townhouse,5bd7ebc0,Venice,3,3,2018-09-11,2022-10-20
Sonny McLeans,43d3bfe7,West Hollywood,3,2,2018-12-27,2022-11-19
No Name Bar,13d26d9d,Sausalito,3,1,2019-11-28,2022-11-24
Punch Line San Francisco,73de62e1,San Francisco,3,3,2018-11-03,2022-11-11
Private Venue,63d3cea7,Fresno,3,3,2019-09-05,2020-09-11
KYSR-FM Studios,3bd29464,Burbank,3,3,2018-09-25,2018-11-05
Berth 46,33de6055,San Pedro,3,3,2019-10-19,2019-10-19
California Exposition & State Fair,63d7cec3,Sacramento,3,3,2018-09-22,2019-11-30
Green Acres Estate,53d5c361,Beverly Hills,3,3,2020-02-08,2020-02-08
Skinny's Lounge,6bd4ce3a,Los Angeles,3,3,2018-08-05,2018-08-14
UCLA,13d6cdc1,Los Angeles,3,2,2018-10-26,2022-12-14
Raley Field,53d62725,West Sacramento,3,3,2018-10-18,2018-10-18
"",bd2851a,Lafayette,3,2,2018-09-15,2019-09-21
Mr. Tipple's Recording Studio,2bd38cb6,San Francisco,3,3,2018-11-30,2020-12-04
Palmetto Avenue,13d3e599,Pacifica,3,3,2018-09-29,2019-09-28
Paramount Theatre,33d31c05,Los Angeles,3,3,2020-01-25,2022-10-07
The Continental Room,6bd7f206,Fullerton,3,3,2019-09-16,2020-03-05
Surfers Point,33d058d9,Ventura,3,3,2022-10-14,2022-10-14
The Sierra Lodge,63d3aa77,Ontario,3,3,2019-11-05,2019-11-05
Nelson Family Vineyards,2bd7005a,Ukiah,3,3,2018-08-24,2022-08-27
The Center For New Music,1bd56d40,San Francisco,3,3,2018-09-20,2022-10-13
Oceanside Pier,63d6121f,San Diego,3,3,2022-09-17,2022-09-18
Linnaea's Cafe,2bd2743e,San Luis Obispo,3,3,2018-12-16,2018-12-16
Ojai Valley Woman's Club,4bd0dbb2,Ojai,3,3,2021-12-02,2021-12-02
"The Aratani Theater, Japanese-American Cultural & Community Center",6bd49242,Los Angeles,3,3,2018-09-22,2018-11-30
SAFE Credit Union Performing Arts Center,13d19951,Sacramento,3,3,2021-11-28,2022-10-29
Paramount Ranch,13d765fd,Agoura Hills,3,3,2022-10-15,2022-10-15
"",63d44a27,Alameda,3,2,2020-07-18,2020-12-20
The Red Museum,bd1f95e,Sacramento,3,3,2018-08-19,2022-12-18
Taco Zone/Vons Parking Lot,2bd31c0e,Echo Park,3,3,2020-03-16,2020-03-16
Crazy Horse Saloon & Grill,13d39905,Nevada City,3,2,2021-12-23,2022-11-11
West Side Theatre,3d08123,Newman,3,2,2018-10-27,2019-10-26
Rebru Spirits,2bd054b6,San Diego,3,3,2022-12-16,2022-12-16
El Capitan Theatre,43d7371f,Los Angeles,3,3,2018-11-05,2020-02-10
The Lodge Barber Shop,63de5653,Long Beach,3,3,2022-12-04,2022-12-04
Avaya Stadium Grounds,33d2048d,San Jose,3,3,2018-09-28,2018-09-29
University of Southern California,13d62165,Los Angeles,3,3,2018-11-16,2022-09-10
IntegriTea,2bd2048a,Vallejo,3,3,2018-09-29,2018-09-29
Epstein Family Amphitheater,6bd05a1a,La Jolla,3,3,2022-10-20,2022-10-22
Station1640,1bd275ec,Los Angeles,3,3,2018-10-27,2018-10-27
Folktale Winery & Vineyards,23d26cef,Carmel-by-the-Sea,3,2,2018-11-12,2021-12-07
Mercury Lounge,1bd7e978,Goleta,3,3,2018-10-26,2020-06-13
Stockton Arena,23d678f3,Stockton,3,3,2020-01-13,2022-10-06
Windmill Cove Bar & Grill,63d09e67,Stockton,3,2,2019-09-21,2022-09-17
EB's Farmers Market Bar,1bd13534,Los Angeles,3,1,2018-08-23,2019-12-21
Pipeline Church,33d05081,Visalia,3,3,2022-11-03,2022-11-03
Rolling Hills Casino,23d28073,Corning,3,3,2019-09-02,2019-10-20
Haight Street,1bd741cc,San Francisco,3,3,2022-10-16,2022-10-16
Aurea Vista,5bd54370,Riverside,3,3,2018-10-18,2019-09-26
Arlene Francis Center,73d7ce2d,Santa Rosa,3,3,2020-02-15,2022-10-26
SLO Guild Hall,13d55115,San Luis Obispo,3,3,2019-12-06,2020-02-07
Meowmeowz,3d4d92b,Pasadena,3,1,2018-11-18,2019-11-24
"",13d75969,Santa Ana,3,3,2019-08-23,2019-11-15
The Roar Room,bd20962,Glendale,3,3,2018-09-07,2018-10-26
White Oaks Music and Arts,43d45f77,Los Angeles,3,3,2018-09-28,2018-09-28
Napa Valley Expo,3d399cf,Napa,3,3,2018-08-08,2018-08-11
Oxnard Beach Park,13d20d15,Oxnard,3,3,2018-09-08,2022-09-10
The Wakehouse,33d2b8d5,Reedley,3,3,2022-09-03,2022-09-30
Gadi's,7bd27610,Yucca Valley,3,3,2018-09-08,2018-11-30
"Bovard Auditorium, University of Southern California",bd2f10a,Los Angeles,3,2,2022-08-26,2022-10-25
The Britisher,7bd2f6c0,Lancaster,3,2,2022-11-19,2022-12-17
Desert Empire,6bd2aab2,Ridgecrest,3,1,2021-12-18,2022-10-22
"Capistrano Concert Hall, Sacramento State School of Music",63d27263,Sacramento,3,2,2018-11-11,2019-11-10
Starlight Bowl,5bd653b4,Burbank,3,3,2018-08-18,2019-08-24
Tinhorn Flats,bd2754e,Burbank,3,1,2018-10-08,2018-10-22
Venice Beach,73d4baa1,Venice,3,3,2018-08-25,2018-08-25
Jack London Square,5bd7731c,Oakland,3,3,2018-09-08,2018-09-09
The Arena,4bd547e2,Simi Valley,3,3,2018-08-10,2022-09-23
Corazón Performing Arts,5bd0571c,Topanga Canyon,3,3,2018-11-03,2022-10-15
Winston House,6bd5768e,Venice,3,3,2020-07-30,2022-12-01
social sanctuary,4bd34f8a,Los Angeles,3,1,2020-11-12,2020-11-14
Grand Ole BBQ Flinn Springs,53d247c5,El Cajon,3,1,2019-10-05,2020-01-12
Puma Road at Portola Plaza,3d0914f,Monterey,3,1,2019-09-12,2020-01-31
The Press Club,23d6280b,Sacramento,3,3,2018-09-20,2019-11-21
Lot 1 Cafe,33d2d085,Los Angeles,3,3,2018-08-18,2018-10-31
UCSF Mission Bay,13d05529,San Francisco,2,2,2022-10-18,2022-10-18
Central Park,73d57629,Davis,2,2,2022-10-06,2022-10-27
Tamalpais High School,23d26c27,Mill Valley,2,1,2022-10-06,2022-11-29
220 W Gutierrez St.,5bd013c8,Santa Barbara,2,2,2020-01-25,2020-01-25
Fluxx,73d642b9,San Diego,2,2,2018-10-31,2018-12-14
PGA West Driving Range,2bd2f032,La Quinta,2,2,2020-01-17,2020-01-18
Frandy Park Campground,73d0e2b9,Kernville,2,2,2019-10-05,2022-09-28
KPFA-FM,2bd718b6,Berkeley,2,2,2018-09-12,2020-02-25
Los Angeles City Hall,13de59f9,Los Angeles,2,2,2018-09-15,2018-10-20
Paradise Performing Arts Center,23d3989b,Paradise,2,2,2022-10-21,2022-10-21
Union Station,1bd6298c,Los Angeles,2,2,2021-12-04,2021-12-04
Stage 9,53d32bb1,San Luis Obispo,2,2,2020-02-21,2020-02-21
Spa Montage Healdsburg,2bd0649a,Healdsburg,2,1,2022-09-18,2022-09-18
Breakfast Culture Club,1bdf89e8,Santa Barbara,2,1,2018-09-07,2019-11-15
"",2bd7c466,Beverly Hills,2,2,2019-09-22,2019-12-13
Super X Ranch,63d3527b,Pioneertown,2,2,2020-10-31,2020-12-05
Kiss Kiss Bang Bang,4bd35b6e,Los Angeles,2,2,2020-02-26,2020-03-04
The Sand Bar,33d204ad,Capitola,2,2,2018-09-22,2019-11-20
The Tavern,43d5e7e3,Ventura,2,2,2018-11-28,2020-02-20
O'Sullivan's Pub,73d21e85,Santa Maria,2,1,2018-08-17,2018-11-30
The New Scotland Yard Pub,3bd1cc5c,Los Angeles,2,2,2020-01-25,2022-12-17
Huntington City Beach,1bd0ed94,Huntington Beach,2,2,2022-09-13,2022-09-13
Pearson Park Amphitheatre,5bd483d0,Anaheim,2,1,2018-09-15,2019-09-21
The Complex,43d293ab,Oakland,2,2,2019-08-25,2022-12-09
Henson Recording Studios,53d0cfc9,Los Angeles,2,2,2018-10-15,2020-10-18
Lucie Stern Community Center,5bd3ab8c,Palo Alto,2,2,2019-10-04,2019-10-04
Third Window Brewing Co.,1bd1352c,Santa Barbara,2,1,2022-08-28,2022-11-11
Grand Oak Live,53d5735d,Upland,2,2,2018-10-13,2020-11-14
Content Partners,4bd3b7b2,San Diego,2,2,2020-02-01,2020-02-01
Bar Fluxus,23d178fb,San Francisco,2,2,2018-08-04,2018-11-29
Book Soup,23d580ff,Los Angeles,2,2,2020-02-15,2020-02-15
The Improv,23d5d807,Brea,2,2,2020-02-01,2020-02-28
Capos,73d06241,Gilroy,2,2,2022-10-02,2022-10-02
476 Studio,53d3c3f5,Oakland,2,2,2019-12-01,2020-07-11
The Mint Supperclub,3bd2d874,Los Angeles,2,2,2022-12-09,2022-12-10
Shady Oak Barrel House,6bd3263e,Santa Rosa,2,2,2020-03-04,2021-12-17
Mission Tobacco Lounge,73d74e6d,Riverside,2,2,2018-12-21,2019-09-07
Bear River Casino,63d56e97,Loleta,2,2,2018-12-07,2018-12-07
Scary Pockets HQ,5bd1e380,Los Angeles,2,1,2021-12-13,2021-12-21
Greater Goods,4bd2e3a2,Ojai,2,2,2020-02-27,2022-09-29
Good Times at Davey Wayne's,33d294e5,Los Angeles,2,1,2022-09-28,2022-11-17
Rock and Roll,6bd33612,San Diego,2,2,2022-09-04,2022-12-18
Topa Mountain Winery,73d3f2bd,Ojai,2,2,2019-09-07,2019-09-07
El Rincon Mexicano,23d22483,Santa Ana,2,2,2018-08-12,2018-08-12
Private Venue,1bd311e8,Martinez,2,1,2020-03-31,2020-06-23
Private Venue,43d31b17,Glendale,2,2,2020-02-15,2020-02-15
Tiny Desk (Home),63d03ad3,Los Angeles,2,2,2020-08-26,2020-10-01
The Lost Church Santa Rosa,7bd32af4,Santa Rosa,2,2,2020-02-18,2022-10-19
La Jolla Music Society,13d3c941,La Jolla,2,1,2019-12-01,2019-12-01
The Veranda,63d21267,Concord,2,1,2018-09-05,2019-09-18
Yerba Buena Gardens,2bd78cce,San Francisco,2,2,2018-09-13,2019-10-14
Petaluma Women's Club,1bd3c1a0,Petaluma,2,2,2019-12-21,2019-12-21
San Francisco Conservatory of Music,1bd67dc4,San Francisco,2,1,2020-03-31,2022-09-20
Plaza de Cesar Chavez,73d66661,San Jose,2,2,2018-08-12,2019-08-25
Liquid Zoo,23d0580b,Los Angeles,2,2,2022-08-27,2022-10-13
Oscar's,4bd097d6,Palm Springs,2,2,2019-09-19,2022-11-05
American Legion Hall,2bd48082,South Lake Tahoe,2,2,2020-01-11,2020-01-11
Cuz’s Sportsmans Club,bd0a9c2,Seaside,2,2,2019-11-29,2022-09-03
Fox Theater,bd7399a,Salinas,2,2,2019-10-20,2020-03-21
Genghis Cohen,2bd6cc06,Los Angeles,2,2,2019-10-18,2020-02-14
"",63d74e5f,Dana Point,2,2,2018-09-28,2020-09-26
1881,53d057a9,Pasadena,2,1,2022-10-28,2022-12-07
Mullet Death HQ,bdedd52,San Rafael,2,2,2019-10-25,2019-10-25
Malainey's Grill,73d0d699,Long Beach,2,2,2021-12-12,2022-11-06
JBC HQ,3bd36080,Vernon,2,1,2020-06-12,2020-12-24
Disney Singalong,63d3122b,Los Angeles,2,2,2020-04-16,2020-04-16
Drifters Cocktails,4bd56f9a,Santa Clarita,2,2,2019-12-21,2019-12-21
California Theatre of the Performing Arts,53d7e729,San Bernardino,2,1,2018-12-01,2021-12-11
Private Venue,73d36631,Anaheim,2,2,2020-07-09,2020-10-03
William Saroyan Theatre,7bd6c2f4,Fresno,2,2,2019-09-18,2020-04-03
Frogee's Cocktail,6bd53e32,Apple Valley,2,2,2020-01-17,2022-10-07
The Marquis Lounge,6bd05a0a,San Bernardino,2,2,2021-12-18,2022-10-16
Beatnik Bandito Music Emporium,5bd23368,Santa Ana,2,1,2018-09-09,2020-02-08
Pasadena Presbyterian Church,5bd3a35c,Pasadena,2,2,2019-10-19,2020-02-15
Jeremy Rubin's Backyard,7bd3d230,San Francisco,2,2,2019-08-30,2019-08-30
Hubba Wines,23d064a7,Paso Robles,2,2,2022-09-17,2022-09-17
Brooks Bar,bd325ae,Riverside,2,1,2019-08-24,2020-02-15
Private Venue,23d1f833,Ukiah,2,1,2019-11-23,2020-04-26
Dore Theatre,63d29a7f,Bakersfield,2,1,2018-12-08,2019-12-07
The CAMP,63deda43,Costa Mesa,2,1,2020-08-27,2020-08-28
Apogee Studio,2bd734ae,Santa Monica,2,2,2018-09-06,2019-09-19
Hammer Theatre,73d212e5,San Jose,2,2,2018-09-07,2019-10-11
Koe's Bar,5bd01350,Stockton,2,1,2020-01-11,2022-09-10
Iron Pig Alehouse,1bd31d98,San Diego,2,1,2020-03-11,2020-06-21
Kimpton La Peer Hotel,7bd3ee70,West Hollywood,2,2,2019-09-12,2019-10-26
Fisherman's Wharf,43d4df63,San Francisco,2,1,2018-12-29,2020-01-05
Harbor Festival,63d4829f,Morro Bay,2,2,2019-10-04,2019-10-04
Empress Theatre,23d478af,Vallejo,2,2,2018-11-23,2022-12-31
St Alban's Episcopal Church,33d3f455,Albany,2,1,2019-08-24,2019-08-25
Riviera Supper Club and Turquoise Room,33d3e0e9,La Mesa,2,1,2019-11-15,2020-01-10
Tenants of the Trees,73d52e2d,Los Angeles,2,2,2018-11-27,2018-12-17
The York Manor,33d35ca5,Los Angeles,2,2,2020-02-06,2020-02-06
Rabobank Theater,bd44976,Bakersfield,2,2,2018-08-18,2020-01-04
The World Stage,63d23673,Los Angeles,2,2,2018-10-04,2018-10-04
Haugh Performing Arts Center,4bd5db9a,Glendora,2,2,2020-01-25,2022-10-15
"",73d29a41,Temecula,2,1,2018-10-12,2019-09-20
Flamingo Resort,1bd3e504,Santa Rosa,2,2,2019-09-27,2019-12-06
"",53d60ffd,Long Beach,2,2,2019-08-24,2020-03-07
Rock & Roll Pizza at Harley's Valley Bowl,33d10471,Simi Valley,2,2,2019-11-23,2022-12-16
Hollywood Palladium Parking Lot,4bd21716,Los Angeles,2,2,2018-08-26,2018-08-26
The Boiler Room Temecula,3bd39028,Temecula,2,2,2018-09-08,2018-11-10
My Place,13d04509,Huntington Beach,2,2,2022-11-19,2022-11-25
Cochran Club,53d3e701,Bell Gardens,2,2,2019-09-28,2019-09-28
The Study,6bd2aae2,Los Angeles,2,2,2018-10-31,2019-12-15
The Press,bd2b95e,Claremont,2,2,2019-09-13,2020-01-24
Regent Beverly Wilshire Hotel,7bd65a2c,Beverly Hills,2,2,2019-11-17,2020-02-27
PJ's Roadhouse,7bd42e50,Placerville,2,2,2018-11-02,2020-02-28
Curran Theatre,5bd40390,San Francisco,2,2,2018-12-01,2022-12-09
Private Venue,4bd0e75a,Malibu,2,2,2019-10-06,2019-10-06
Sheraton-Universal Hotel,5bd4a754,Los Angeles,2,1,2020-09-20,2022-10-16
Lucky Strike Live,5bd5b358,Los Angeles,2,2,2018-08-16,2019-09-07
El Dorado Regional Park,3bd2dcec,Long Beach,2,2,2018-09-01,2018-09-01
Zipper Concert Hall at the Colburn School,43d473d7,Los Angeles,2,2,2019-10-11,2022-11-04
McNally's Irish Pub,13d139d1,Oakland,2,1,2018-11-17,2019-10-05
Malone's Grill,bd1258a,Scotts Valley,2,2,2019-12-12,2019-12-12
Cafe Stritch,3bd48004,San Jose,2,2,2018-10-26,2018-12-22
Cowell Theater,7bd75a20,San Francisco,2,2,2019-11-16,2019-11-16
Sunset Marquis Hotel,73d4f605,Los Angeles,2,2,2020-02-08,2020-02-08
Roxx On Main,33d0f419,Martinez,2,2,2019-11-16,2022-11-19
Capitol Studios,1bd745a0,Los Angeles,2,2,2018-10-09,2020-12-07
Drinx Bar & Grill,73d042d5,Lakeport,2,2,2022-12-10,2022-12-10
Phaser Control Recording Studio,5bd20b50,San Diego,2,2,2018-09-20,2020-01-06
Agape International Spiritual Center,23d4108f,Culver City,2,1,2018-11-09,2022-09-19
XR Studios,4bd0cf72,Los Angeles,2,2,2020-10-24,2020-11-10
The Church House,7bd062dc,Santa Cruz,2,2,2022-09-30,2022-09-30
Famous 4,4bd3531e,Mill Valley,2,1,2020-09-12,2020-09-19
Adults Only,33d52059,Los Angeles,2,2,2020-01-09,2021-12-14
Verse LA,bd325c6,Los Angeles,2,2,2020-02-23,2022-11-23
Grand Oak Ballroom,6bd182c6,Jackson,2,1,2018-12-20,2019-12-13
Elephant in the Room,6bd2521e,Healdsburg,2,1,2019-11-22,2020-02-23
The Mission Church,3bd218b0,Carlsbad,2,2,2018-08-24,2018-08-24
Temecula Community Theater,bd3e12a,Temecula,2,2,2019-09-29,2020-01-30
Auburn Odd Fellows Lodge,73d15e59,Auburn,2,2,2019-11-16,2022-11-19
Beer City Studios,2bd06012,Los Angeles,2,1,2018-09-07,2019-08-24
Art House Gallery & Cultural Center,33d22cfd,Berkeley,2,1,2018-08-12,2018-09-09
Fore Family Vineyards,bd395da,Kelseyville,2,2,2020-02-29,2020-02-29
Hotel Ziggy,1bd0659c,West Hollywood,2,2,2022-09-14,2022-10-17
Genius,73d04e55,Los Angeles,2,2,2020-05-12,2022-10-05
The Semi-Tropic,53d263f9,Los Angeles,2,2,2018-08-18,2019-08-17
The Plunge at Sierra Meadows,63d2c273,Ahwahnee,2,2,2018-08-03,2021-12-10
E. Claire Raley Studios for the Performing Arts,13de95b1,Sacramento,2,1,2022-10-01,2022-10-06
Palo Alto Art Center Auditorium,43d04fbb,Palo Alto,2,2,2022-11-16,2022-11-16
PCH Club,33de4825,Long Beach,2,2,2019-09-14,2019-11-29
Twin Pine Casino & Hotel,4bd5773e,Middletown,2,1,2022-12-09,2022-12-10
Laveta Stage,13d21965,Los Angeles,2,2,2018-08-17,2018-08-17
Quarter Note Club,bd4f5c6,Sunnyvale,2,1,2018-08-03,2019-10-04
Warner Bros. Studios,13d71545,Burbank,2,2,2022-09-21,2022-12-15
The Actors' Gang,bd6058a,Culver City,2,1,2018-12-03,2018-12-04
The Dresden,1bd21940,Los Angeles,2,2,2018-08-17,2018-10-01
Rava Wines + Events,53d3bb69,Paso Robles,2,1,2019-11-09,2022-11-12
The Reel Fish Shop & Grill,3d3b1db,Sonoma,2,1,2018-11-16,2018-11-17
4th Street Vine,33d5cca9,Long Beach,2,2,2018-08-25,2018-10-13
Central Park,5bd057c0,Rancho Santa Margarita,2,2,2022-10-08,2022-10-08
Private Venue,4bd277f6,Soquel,2,2,2018-09-20,2018-10-13
SOS Booking & Production,73d3564d,Los Angeles,2,2,2020-10-12,2020-11-25
Chouinard Vineyards & Winery,63d3d237,Castro Valley,2,2,2019-08-31,2019-08-31
McEvoy Foundation for the Arts,53d22ff9,San Francisco,2,2,2018-08-09,2019-09-07
Dead Eye Studios,53d0cb15,Los Angeles,2,2,2021-12-05,2021-12-05
Pike Restaurant and Bar,63d29243,Long Beach,2,2,2018-08-23,2022-10-26
El Portal Theatre,33d5a849,Los Angeles,2,2,2020-02-01,2022-09-24
Performing Arts Center,3bd39438,San Luis Obispo,2,2,2022-11-16,2022-11-16
Park Place at Washington,33d20059,Richmond,2,2,2018-08-10,2019-09-13
The Loma Club,5bd27bfc,San Diego,2,2,2018-10-20,2018-10-20
Creek Park,13dfb14d,San Anselmo,2,1,2018-09-30,2019-09-29
The Laundry,43d3d797,San Francisco,2,2,2019-08-20,2019-11-05
Atlantic Studios,73dec229,Los Angeles,2,1,2020-01-09,2020-04-09
Third Street Tavern,73d0565d,Highland,2,2,2022-09-24,2022-10-01
UCSD Price Center Ballroom,3bd7a4dc,La Jolla,2,2,2019-11-05,2020-03-06
California Jazz Conservancy,6bd362ea,Berkeley,2,1,2018-12-08,2019-09-05
Junior High,7bd56a44,Los Angeles,2,2,2019-10-24,2022-09-04
The 4 Cats Cafe & Gallery,53d273c9,San Luis Obispo,2,2,2018-11-09,2019-12-14
Knitting Factory Front Bar,5bd01788,Los Angeles,2,2,2018-11-13,2022-12-30
Elinor,43d3d7f7,Long Beach,2,2,2019-10-19,2020-01-27
Commissary Lounge,3d08943,Costa Mesa,2,2,2021-12-10,2021-12-10
"",33d2249d,Gilroy,2,1,2018-08-25,2018-09-29
Urban MO’s Bar & Grill,bde19a2,San Diego,2,1,2021-12-12,2022-12-29
Ontario Improv,13d0f1dd,Ontario,2,2,2020-02-12,2020-02-28
Footsies,1bd0d168,Los Angeles,2,2,2021-12-14,2022-09-25
YouTube Space LA,53d56b69,Los Angeles,2,2,2019-10-25,2019-10-30
Ruhstaller Farm and Beer Brewery,13d0f505,Dixon,2,1,2021-12-17,2022-12-17
St. James Park,13d4c185,San Jose,2,2,2022-10-16,2022-10-16
Covina Center for the Performing Arts,33d324f9,Covina,2,2,2019-09-15,2020-02-29
Lytton Plaza,7bd0f634,Palo Alto,2,2,2022-09-09,2022-09-28
Jamul Casino,3bd0cc78,Jamul,2,1,2021-12-31,2021-12-31
The Forest Club,63d24e7b,Ukiah,2,1,2018-08-22,2018-12-18
River Theater,53d7f325,Guerneville,2,1,2018-12-31,2022-12-31
Gilmore Music,13d079f5,Long Beach,2,2,2022-10-22,2022-12-18
The Monkey House,bd505f2,Berkeley,2,2,2019-10-24,2019-10-24
The Woods at Mammoth Lakes,43d3831f,Mammoth Lakes,2,2,2018-08-03,2018-08-05
Yuba College Theater,43d39383,Marysville,2,1,2018-09-22,2021-12-12
Norman's Rare Guitars,3bd0acf4,Los Angeles,2,2,2018-11-23,2020-03-01
Todos Santos Plaza,6bd2e276,Concord,2,1,2019-08-22,2022-08-25
The Sanctuary at Pico-Union,7bd55a14,Los Angeles,2,2,2019-08-29,2019-09-30
Hunter Street Studios,4bd35712,Los Angeles,2,2,2020-01-17,2020-01-17
Park Bar & Grill,4bd5c37a,Burbank,2,2,2018-08-25,2019-09-21
Obsidian Spirits Amphitheater,2bd0149e,Corning,2,2,2022-09-04,2022-09-25
Firehouse Arts Center,3d7810f,Pleasanton,2,2,2019-09-13,2019-11-23
Goya Studios,3bd28ce8,Los Angeles,2,2,2018-11-04,2022-12-01
Constellation,1bd5d558,San Diego,2,2,2018-12-16,2022-12-15
The Bancroft Bar,3d39117,Spring Valley,2,2,2018-11-30,2022-08-27
The Shire Community Space,33d26899,Modesto,2,2,2018-11-13,2018-11-13
Iron Springs Public House,3d27da7,San Rafael,2,1,2018-10-11,2019-12-12
Dignity Health Amphitheatre,3d0f5f7,Bakersfield,2,2,2022-08-26,2022-10-11
The Forum,bde810a,Inglewood,2,2,2018-10-13,2018-10-26
Private Venue,73d05a51,East Los Angeles,2,2,2022-09-03,2022-09-03
Union Square,1bd6311c,San Francisco,2,2,2018-10-13,2019-09-08
Manny's Pizza & Grill,53d39b35,Paso Robles,2,2,2018-08-31,2018-09-12
Gibson Showroom,7bd4e610,Los Angeles,2,2,2020-06-28,2020-10-02
The Fourth Bore Tap Room & Grill,3d2ad63,Orinda,2,1,2018-10-05,2019-10-04
Area 51,5bd0cbe4,Vernon,2,2,2019-09-20,2019-09-20
The Grape,7bd06a8c,Ventura,2,2,2022-08-29,2022-09-17
City Pub,23d32c57,San Diego,2,1,2020-02-01,2020-03-03
Deep End Ranch,23d30cc3,Santa Paula,2,2,2019-09-07,2020-02-22
Akbar,5bd3bb90,Los Angeles,2,2,2018-12-22,2020-03-08
Mixmag Lab,7bd52e10,Los Angeles,2,2,2018-09-13,2018-10-04
Ruby's Nightclub,43d09f2f,Oxnard,2,2,2022-09-29,2022-09-29
Silver Sprocket Bicycle Club,bd3b95e,San Francisco,2,2,2018-08-09,2019-09-01
AWOLNATION Home Studio,3bd36410,Santa Barbara,2,1,2020-08-15,2020-11-20
JW Marriott L.A. Live,13d4452d,Los Angeles,2,2,2018-11-04,2019-09-28
Regent Showcase Theatre,2bd77c72,Los Angeles,2,2,2018-12-09,2019-10-14
The Hive,5bd72b70,Los Angeles,2,1,2020-11-11,2020-12-11
Mates Studios,3d36933,Los Angeles,2,1,2020-07-31,2020-10-16
Sandrini's,43d70377,Bakersfield,2,2,2018-09-13,2019-10-04
CVLT Nation,bd34936,Los Angeles,2,2,2020-05-01,2020-11-20
SoundBites With Aaron Seifert,63d0e2a3,Los Angeles,2,2,2018-08-08,2018-09-13
Private Venue,43d277d3,Lakeside,2,2,2020-04-25,2020-04-25
Chico Women's Club,bd469e2,Chico,2,2,2018-12-16,2022-11-18
Hannah Nicole Vineyards & Winery,7bd0e68c,Brentwood,2,1,2018-08-18,2019-09-07
Pioneer Park,43d2afc3,Calistoga,2,1,2018-08-16,2019-08-15
Fiesta Hermosa,13d1a14d,Hermosa Beach,2,2,2018-09-01,2019-09-02
Ebell Club of Santa Ana,4bd0db2e,Santa Ana,2,2,2021-12-01,2021-12-01
Adobe Books,5bd20fe4,San Francisco,2,2,2018-09-15,2019-12-26
Henry Ford Theater,2bd6d8fa,Los Angeles,2,2,2018-10-06,2019-10-12
Silent Valley Studios,5bd02b1c,Temecula,2,1,2022-10-01,2022-10-29
Marin Veterans' Memorial Auditorium,2bd394a2,San Rafael,2,2,2018-08-12,2020-02-16
Bazaar Cafe,6bd5ae46,San Francisco,2,1,2019-12-07,2022-11-05
Ace Hotel,5bd3dfec,Los Angeles,2,2,2018-09-23,2020-01-29
RIMAC Arena,3bd39c54,La Jolla,2,2,2019-09-22,2019-09-22
Club Rodeo,73d39679,San Jose,2,2,2019-12-04,2021-12-16
The Broadway Club,73d0b2dd,Walnut Creek,2,2,2020-02-21,2020-03-07
Smoking Pig BBQ,bd2ad9a,Fremont,2,2,2018-08-03,2018-09-15
Lethal Amounts,73d74e15,Los Angeles,2,2,2020-02-22,2020-02-22
Fort Mason Center for the Arts & Culture,33d554b9,San Francisco,2,2,2019-09-14,2022-12-31
Wang's Of The Desert,43d3efe3,Palm Springs,2,2,2019-09-11,2019-11-27
The Fruit Yard,13d3996d,Modesto,2,2,2019-08-31,2019-10-06
Healdsburg Plaza,3d2113f,Healdsburg,2,2,2018-08-28,2022-08-30
Tamalpais Research Institute,4bd39fce,San Rafael,2,2,2020-12-26,2020-12-31
Good Day LA,53d24765,West Hollywood,2,2,2018-08-21,2019-11-27
Water Wheel Saloon,4bd0f36e,Columbia,2,1,2019-10-25,2019-10-26
Club 88,13d181b5,Brooks,2,1,2018-11-02,2018-11-03
Oakmont Village,33d25c0d,Santa Rosa,2,1,2018-12-09,2019-08-17
Bedford Winery,6bd1865a,Los Alamos,2,1,2020-03-22,2020-04-04
Donald Bren Events Center,3d39dff,Irvine,2,2,2019-10-11,2019-10-25
San Quentin State Prison,3d625bf,San Quentin,2,2,2018-11-16,2018-11-16
Sham Rock Pop Up Shop,13d195bd,Los Angeles,2,1,2022-12-22,2022-12-23
Cathedral of Faith,33d3e495,San Jose,2,1,2019-09-28,2019-09-29
Win-River Casino,73d39a6d,Redding,2,2,2018-08-10,2019-08-30
Santa Clara County Fairgrounds,2bd5586a,San Jose,2,2,2018-08-04,2018-08-05
SoundBite Studios,33d47cf9,Los Angeles,2,2,2019-11-02,2019-11-02
VFW Post 3197,6bd20e22,Baldwin Park,2,2,2018-09-15,2018-09-15
Auburn Placer Performing Arts Center,3bd7181c,Auburn,2,2,2019-09-21,2019-12-13
Low End Theory,43d79b03,Los Angeles,2,2,2018-08-08,2018-08-08
Parq Restaurant & Nightclub,5bd20b1c,San Diego,2,2,2018-09-23,2022-10-07
Leo J. Ryan Park,53d0035d,Foster City,2,2,2018-08-03,2019-08-25
Brew Craft Coffee,1bd0c1a8,Redding,2,2,2020-01-06,2020-01-06
"California State University, Sacramento",13d39149,Sacramento,2,2,2018-09-21,2018-10-18
SacYard Community Tap House,13d1751d,Sacramento,2,1,2022-10-28,2022-12-02
Mare Island Brewing Co.,5bd27384,Vallejo,2,1,2018-11-10,2022-09-24
Private Venue,13d2e1f5,Piedmont,2,1,2020-02-07,2020-06-20
The dA Center for the Arts,3bd1fc2c,Pomona,2,2,2020-02-14,2020-02-14
Private Venue,bd34996,Marin County,2,2,2020-06-07,2020-11-11
The Events Center,53d393d9,Valley Center,2,2,2019-08-30,2019-09-14
La-La Land Gallery,6bd33ac2,Los Angeles,2,2,2020-01-17,2020-01-17
Marriott Suites Crystal Ballroom,1bd3d118,Garden Grove,2,2,2019-11-09,2020-01-15
Space 15 Twenty,23d64473,Los Angeles,2,2,2020-01-17,2020-02-14
The Resident,4bd123ca,Los Angeles,2,2,2018-11-13,2018-12-05
The Grove,6bd3fe02,Los Angeles,2,2,2019-10-05,2021-12-05
Beach House,bd0fdc2,San Diego,2,2,2022-09-01,2022-10-21
The District Lounge,3d4dd0f,Orange,2,2,2020-01-25,2020-02-22
Blackhawk Plaza,bd52d16,Danville,2,2,2019-08-16,2019-08-23
Ribald Brewing,63d07257,Nevada City,2,2,2022-10-27,2022-10-29
The Last Call,43d02b2f,Los Angeles,2,2,2022-09-17,2022-11-30
Lem HQ,13d3e55d,Los Angeles,2,1,2019-09-19,2020-01-16
Laughing Monk Brewing,63d06683,San Francisco,2,1,2022-09-23,2022-11-12
Private Venue,6bd306f2,Palm Springs,2,2,2020-05-01,2020-05-18
Tromaville,43d0cb03,Los Angeles,2,2,2021-12-12,2022-10-14
Stanislaus County Fairgrounds,13d29d75,Turlock,2,2,2022-09-17,2022-09-17
Burbank Hilton,bd6c54a,Burbank,2,2,2022-10-27,2022-10-27
Social Hall SF,3d589db,San Francisco,2,2,2022-08-26,2022-12-17
Lewis Family Playhouse,4bd45f72,Rancho Cucamonga,2,2,2018-09-15,2022-11-25
"",63d29ae7,Carlsbad,2,2,2022-09-20,2022-10-16
Chico Elks Lodge #423,3d2b1cf,Chico,2,1,2019-10-13,2020-02-29
Coco Beach Presents,43d057d7,Long Beach,2,2,2022-10-25,2022-10-25
The Lash,bd411e2,Los Angeles,2,2,2022-12-11,2022-12-11
Old Town Blues Club,63d1a21b,Temecula,2,1,2022-09-17,2022-10-30
"",53d7af91,Sacramento,2,2,2018-08-06,2018-08-26
Lucca Bar & Grill,3d19d87,Benicia,2,1,2022-09-03,2022-10-01
"VMware, Inc",bd29146,Palo Alto,2,2,2018-10-26,2022-10-21
UC Davis Botanical Conservatory,2bd004fe,Davis,2,1,2020-04-03,2020-08-07
Downey Theatre,1bd6d184,Downey,2,2,2019-12-13,2019-12-13
Decades Bar and Grill,63d3be8b,Anaheim,2,2,2018-12-22,2020-02-13
Metro,13d2ad6d,Lafayette,2,1,2018-08-24,2019-08-23
Palihouse West,43d2672f,West Hollywood,2,2,2018-11-29,2018-12-31
"",23d67c3b,Santa Barbara,2,2,2020-02-09,2022-08-26
Burton Chace Park,53d39fb9,Marina del Rey,2,2,2018-08-04,2018-08-18
NBC Studios,5bd62f00,Burbank,2,2,2018-10-10,2018-10-10
Berryessa Brewing Company,63d226bf,Winters,2,2,2018-08-04,2018-09-30
University of San Francisco,bd76942,San Francisco,2,2,2019-10-19,2020-02-29
The Date Shed,73d48e05,Indio,2,2,2020-01-17,2020-01-17
Tooth & Nail Winery,43d517af,Paso Robles,2,2,2018-09-13,2022-09-02
Folsom Hotel Saloon,63d0faa7,Folsom,2,2,2021-12-09,2022-12-22
Memorial Park,6bd20a22,Albany,2,2,2018-09-26,2022-08-27
Del Mar Fairgrounds Grandstand,6bd08a5e,Del Mar,2,2,2019-10-06,2020-10-10
StageIt.com Studios,2bd3687e,Los Angeles,2,2,2020-04-08,2020-09-12
Civic Center Plaza,3d431e7,San Francisco,2,2,2018-09-26,2018-09-27
Protector Brewery,73d136a1,San Diego,2,2,2022-10-15,2022-10-15
"University of California, Riverside",3d3953f,Riverside,2,2,2019-09-28,2022-11-19
The Stardust Club,1bd49540,Downey,2,2,2018-10-27,2019-10-05
Winters Tavern Motherlode Grill,13d3c549,Sonora,2,2,2018-09-23,2018-11-09
Top of the Mark,bd571c2,San Francisco,2,1,2018-12-28,2018-12-29
The Riptide,7bd2521c,San Francisco,2,2,2020-02-22,2022-09-17
Artist In The Alley,63d026c7,Pomona,2,2,2022-10-08,2022-11-12
Guitar Center West LA,33d20cd1,Los Angeles,2,2,2018-09-11,2018-11-03
The Conga Room,23d71007,Los Angeles,2,2,2018-12-07,2022-12-20
Humdinger Brewing,73d0267d,Arroyo Grande,2,2,2021-12-18,2021-12-18
Memorial Auditorium,23d2942b,Stanford,2,2,2018-12-15,2019-10-03
Beach City Music,3d09d97,Inglewood,2,2,2020-07-22,2020-07-22
Red Cove,2bd2085e,Ventura,2,2,2018-08-23,2018-09-14
Redwood Cafe,6bd2aa36,Cotati,2,2,2019-08-15,2020-01-25
Festival of the Arts Ground,4bd36fae,Laguna Beach,2,2,2019-08-22,2022-08-30
KROQ-FM Studios,73d08eed,Los Angeles,2,2,2018-10-17,2019-12-13
Woodlands Hills Country Club,6bd222ae,Los Angeles,2,1,2018-08-10,2018-08-10
Veterans Memorial Auditorium,1bd49508,Grass Valley,2,2,2018-11-16,2019-10-15
KCSN Studio,6bd70e5a,Northridge,2,2,2019-09-25,2019-12-16
Sebastopol Community Cultural Center,73d39681,Sebastopol,2,2,2019-09-20,2021-12-14
The Lab,13d11da9,Hawthorne,2,2,2022-10-27,2022-10-27
"",2bd7ecf6,Concord,2,2,2018-08-04,2019-12-18
Crosscity Christian Church,23d05893,Fresno,2,2,2022-10-14,2022-10-14
Golden Gate Park Polo Field,5bd577a4,San Francisco,2,2,2019-10-04,2020-07-25
The Barkley Restaurant and Bar,1bd12184,South Pasadena,2,2,2018-08-02,2018-08-02
Private Venue,2bd1f4ae,Saratoga,2,2,2020-10-03,2020-10-03
Vroman's Bookstore,43d0531f,Pasadena,2,2,2018-10-15,2022-11-03
Deer Park Villa,43d27337,Fairfax,2,1,2018-11-04,2019-08-25
The Museum of Northern California Art,5bd3a314,Chico,2,1,2018-12-15,2019-12-14
Richard's Goat,7bd576cc,Arcata,2,2,2019-08-30,2020-02-17
Trione Vineyards and Winery,7bd066b8,Geyserville,2,1,2022-09-25,2022-09-25
Castle Rock Restaurant,63d3ba1f,Livermore,2,1,2018-12-29,2019-12-14
The Purple Orchid,13d3ad0d,El Segundo,2,2,2018-08-03,2018-08-03
Private Venue,3bd31070,Sunnyvale,2,1,2020-04-11,2020-04-25
Giant Rock,7bd00e30,Joshua Tree,2,2,2020-03-01,2022-10-18
Pepperdine University,63d47a2b,Malibu,2,2,2019-09-21,2021-12-15
Golden Sails,3d719a3,Long Beach,2,1,2018-11-30,2018-12-31
"",2bd7989a,Fresno,2,2,2020-02-19,2020-02-26
Chinatown Youth Center,63d7f653,Fresno,2,2,2019-10-26,2019-10-26
Harvelle's Long Beach,13d1fd89,Long Beach,2,1,2019-11-03,2020-01-03
Highpoint Brewing Company,2bd1207a,San Dimas,2,2,2022-09-17,2022-12-17
Navajo Live,3bd23804,San Diego,2,2,2020-03-11,2020-03-12
Newport Dunes Waterfront Resort & Marina,73d77e4d,Newport Beach,2,2,2020-03-07,2022-10-22
Elks Lodge,6bd20602,San Rafael,2,1,2018-12-22,2021-12-18
San Jose Improv,53d77b39,San Jose,2,2,2018-08-02,2022-09-24
Back Bar SoFa,1bd5e580,San Jose,2,2,2020-01-26,2020-01-26
Pala Events Center,2bd398ae,Pala,2,2,2022-10-14,2022-11-04
War Memorial Opera House,3d63d0f,San Francisco,2,2,2018-12-05,2022-11-29
Aviator Nation Dreamland,1bd04168,Malibu,2,2,2022-12-03,2022-12-11
Mardi Gras Lounge,53d0f371,Redwood City,2,1,2018-08-05,2018-10-06
Samba By The Sea,63d0fed3,Redondo Beach,2,1,2022-12-30,2022-12-31
Ohm Nightclub,1bd5cd3c,Los Angeles,2,2,2018-11-16,2018-12-20
Noe Valley Music Series,3bd604f4,San Francisco,2,1,2019-10-11,2019-10-12
Idol Beer Works,7bd272d4,Lodi,2,2,2018-11-09,2018-11-11
Cold Spring Tavern,1bd2d99c,Santa Barbara,2,1,2022-08-27,2022-11-27
Osher Marin Jewish Community Center,33d394ad,San Rafael,2,2,2018-10-27,2020-02-23
Magic Box,53d0cf3d,Los Angeles,2,2,2019-10-26,2022-08-28
The Green Room Social Club,53d0dbbd,Placerville,2,2,2020-11-13,2022-10-14
Lestat's Coffee House,4bd7a39e,San Diego,2,2,2019-09-27,2019-10-27
All Saints Church,23d3b453,Pasadena,2,1,2018-11-16,2022-12-09
Bristol’s Cider House,5bd0770c,Atascadero,2,2,2022-10-16,2022-11-13
Fais Do-Do,4bd08bc2,Los Angeles,2,2,2018-08-04,2018-10-06
Janet & Ray Scherr Forum Theatre,33d39011,Thousand Oaks,2,2,2018-09-29,2018-11-23
Table Mountain Casino,23d6d807,Friant,2,2,2018-08-14,2020-02-11
Black Cat,2bd3b4c6,San Francisco,2,1,2020-02-20,2020-02-21
"California Polytechnic State University, San Luis Obispo",33d39439,San Luis Obispo,2,2,2018-09-27,2019-09-19
Commerce Casino,23d57803,Commerce,2,2,2022-08-25,2022-08-25
Norwegian Jewel - Stardust Theater,3d04177,Los Angeles,2,1,2022-10-26,2022-10-31
Great Change Brewing Company,7bd06a04,Bakersfield,2,2,2022-09-16,2022-09-16
Dougherty Valley Performing Arts Center,bd729da,San Ramon,2,2,2020-02-22,2022-11-05
The Epic Lounge,23d59c23,Downey,2,2,2019-11-02,2022-11-26
RingCentral Coliseum,43d1b7e3,Oakland,2,2,2022-09-14,2022-09-14
Hangar One,5bdf8bf4,Mountain View,2,2,2018-11-04,2019-11-03
The Doll Hut,13d37121,Anaheim,2,2,2020-02-26,2020-08-08
Indie 103.1 Jonesy's Jukebox,3bd614f4,Los Angeles,2,2,2018-08-15,2018-12-06
Brain Dead Studios,33d080d5,Los Angeles,2,2,2022-09-20,2022-11-14
The Frida Cinema,73d4dadd,Santa Ana,1,1,2021-12-11,2021-12-11
West End,63d2de83,Santa Monica,1,1,2018-10-27,2018-10-27
Ukrainian Culture Center,3bd6d894,Los Angeles,1,1,2021-12-09,2021-12-09
The Methodist Church of Echo Park,3d7ddbf,Los Angeles,1,1,2019-10-26,2019-10-26
Rock & Roll Pizza,23d02cc7,Camarillo,1,1,2021-12-07,2021-12-07
Victoria Theatre,7bd766c4,San Francisco,1,1,2019-11-14,2019-11-14
The State Theater,6bd03eea,Oroville,1,1,2021-12-31,2021-12-31
Boiler Room,6bd29a1e,Los Angeles,1,1,2020-08-13,2020-08-13
Thunder Studios,33d3503d,Long Beach,1,1,2020-10-24,2020-10-24
The Oasis,3d3e59f,Paradise,1,1,2019-09-20,2019-09-20
The Drake,2bd32c8e,Laguna Beach,1,1,2020-02-01,2020-02-01
DoubleTree by Hilton Hotel,bd3e9e2,San Jose,1,1,2019-09-13,2019-09-13
The Phoenix Club,73d5f6e9,Anaheim,1,1,2020-01-16,2020-01-16
FRiEndSkNOw,33d3c085,Fresno,1,1,2019-12-20,2019-12-20
J Street Recorders,3bd004f8,Sacramento,1,1,2020-05-05,2020-05-05
The Kibitz Room,1bd4fda0,Los Angeles,1,1,2019-11-09,2019-11-09
Rebel Lion Studio,43de438b,Los Angeles,1,1,2020-09-30,2020-09-30
Sebastopol Grange,43d1af07,Sebastopol,1,1,2018-08-26,2018-08-26
Billboard,43d6d30b,Los Angeles,1,1,2020-04-02,2020-04-02
Wildwood Skate Shop,43d1938f,Lodi,1,1,2022-11-12,2022-11-12
Theatre on the Ridge,3bd1ac00,Paradise,1,1,2020-01-07,2020-01-07
Monarch,13d3ed55,San Francisco,1,1,2019-09-07,2019-09-07
Pilgrim Congregational Church,63d23ee7,Redding,1,1,2020-01-08,2020-01-08
Find The Good,3df89e3,Santa Ana,1,1,2019-09-06,2019-09-06
Humphreys Backstage Live,53d29bb9,San Diego,1,1,2020-02-16,2020-02-16
Water Tower Sessions ROW DTLA,2bd3689e,Los Angeles,1,1,2019-10-08,2019-10-08
Old Style Guitar Shop,1bd76988,Los Angeles,1,1,2020-06-28,2020-06-28
KALW Studios,43d2ffd3,San Francisco,1,1,2019-09-14,2019-09-14
Hollywood Blvd,6bd7f6e2,Los Angeles,1,1,2020-02-22,2020-02-22
Idyllwild Brewpuub,73d3faa9,Idyllwild,1,1,2019-08-17,2019-08-17
"The Mall, Jet Propulsion Laboratory",6bd23aa6,Pasadena,1,1,2020-06-07,2020-06-07
Moonlight Amphitheatre,4bd5cb3a,Vista,1,1,2019-10-26,2019-10-26
Spreckels Organ Pavilion,1bd40d08,San Diego,1,1,2020-02-15,2020-02-15
Live In Front of a Studio Audience,6bd0ca0a,Culver City,1,1,2019-12-18,2019-12-18
Art Theatre of Long Beach,63d39efb,Long Beach,1,1,2020-02-12,2020-02-12
Regency Bruin Theater,53dee7a1,Los Angeles,1,1,2019-11-02,2019-11-02
Icehouse Arts Complex,73d36e19,Long Beach,1,1,2020-01-17,2020-01-17
SoCal Honda Sound Stage,73d32225,Los Angeles,1,1,2019-08-28,2019-08-28
The F.T.N. Lot,6bd37af6,Santa Rosa,1,1,2019-10-25,2019-10-25
San Benito County Historical Park,43d183e3,Tres Pinos,1,1,2018-08-10,2018-08-10
El Gallo Negro,23dee8bf,Windsor,1,1,2019-09-21,2019-09-21
Garibaldina Society,3bd398c0,Los Angeles,1,1,2019-11-18,2019-11-18
Livermore Valley Performing Arts Center,53d39f31,Livermore,1,1,2019-11-11,2019-11-11
Glenn County Fairgrounds,1bd29d74,Orland,1,1,2019-08-24,2019-08-24
Opera House Saloon,13d081c1,Roseville,1,1,2019-09-18,2019-09-18
Green Hills Country Club,3bd050d0,Millbrae,1,1,2022-10-01,2022-10-01
Steve Jobs Theater Pavilion,23d3c88f,Cupertino,1,1,2019-12-04,2019-12-04
BFF.fm Studios,bd35daa,San Francisco,1,1,2019-10-19,2019-10-19
Alo House,7bd01210,Silver Lake,1,1,2019-12-08,2019-12-08
CatHouse,1bd19d60,San Luis Obispo,1,1,2019-09-24,2019-09-24
Tuscan Wine Village,4bd0133a,Lockeford,1,1,2019-11-09,2019-11-09
Self Help Graphics & Art,33d2d445,Los Angeles,1,1,2019-11-02,2019-11-02
Goorin Retail Store,3d32dfb,San Francisco,1,1,2019-10-24,2019-10-24
Topgolf,5bd17ff0,Roseville,1,1,2019-11-02,2019-11-02
Hurley Studios,6bd5be3e,Costa Mesa,1,1,2019-08-16,2019-08-16
Taglyan Cultural Complex,63d32213,Los Angeles,1,1,2019-11-21,2019-11-21
Hornblower Cruise,33d27c31,San Francisco,1,1,2019-08-18,2019-08-18
White Park,7bd3221c,Riverside,1,1,2019-10-19,2019-10-19
Lille Aeske Arthouse,3bd35ca0,Boulder Creek,1,1,2019-10-26,2019-10-26
The Battery,bd5e1b6,San Francisco,1,1,2019-09-21,2019-09-21
Purple Room Restaurant and Stage,73d5fa39,Palm Springs,1,1,2019-09-07,2019-09-07
Public Library,5bd26bf0,Oceanside,1,1,2018-09-13,2018-09-13
Mission Valley YMCA Skatepark,3d45113,San Diego,1,1,2019-09-21,2019-09-21
Greenwood Community Center,13d275b5,Elk,1,1,2019-09-28,2019-09-28
Annenberg Performance Space,2bd3e8ba,Santa Monica,1,1,2019-09-12,2019-09-12
Harley Davidson of Glendale,73d2768d,Glendale,1,1,2018-08-18,2018-08-18
Pleasant Grove Barn Dance Hootenanny,13d3f16d,Pleasant Grove,1,1,2019-08-23,2019-08-23
Los Angeles County Museum of Art,6bd5766a,Los Angeles,1,1,2018-10-05,2018-10-05
Crawdad's River Cantina,3bd76c9c,Sacramento,1,1,2019-09-21,2019-09-21
KMEL 106 VIP Lounge,53d13f5d,San Francisco,1,1,2019-10-30,2019-10-30
Private Venue,63d3ce43,Huntington Beach,1,1,2019-11-29,2019-11-29
Carson Mansion,5bd33f10,Eureka,1,1,2019-12-06,2019-12-06
"Main Stage, Castro Street Fair",3d28dff,San Francisco,1,1,2018-10-07,2018-10-07
Irvine Presbyterian Church,53d21fed,Irvine,1,1,2018-08-05,2018-08-05
The Lounge at The Fillmore,23d2f02b,San Francisco,1,1,2018-08-07,2018-08-07
NRG Recording Studios,2bd368b6,Los Angeles,1,1,2020-08-01,2020-08-01
Sushi Confidential,63d2729f,San Jose,1,1,2018-11-09,2018-11-09
Cocoanut Grove Ballroom,1bd38dcc,Santa Cruz,1,1,2018-10-05,2018-10-05
H&M West Hollywood,1bd255f0,West Hollywood,1,1,2018-10-03,2018-10-03
House Concert,73de2e21,Castro Valley,1,1,2022-09-25,2022-09-25
Gardner's Grove,6bd0e696,Clarksburg,1,1,2018-09-01,2018-09-01
The Complex Recording Studio,23d454db,San Francisco,1,1,2020-12-11,2020-12-11
Green Apple Books,43d243e7,San Francisco,1,1,2018-11-13,2018-11-13
City Center Bishop Ranch,33d07835,San Ramon,1,1,2019-11-22,2019-11-22
Pixels,23d53c6f,Riverside,1,1,2018-11-04,2018-11-04
KIIS FM,73d61a59,Los Angeles,1,1,2020-03-03,2020-03-03
The Basement of 515 W 7th St,4bde4f8a,Los Angeles,1,1,2018-10-03,2018-10-03
Shutters on the Beach,3d03d93,Santa Monica,1,1,2018-10-28,2018-10-28
Hornblower Cruise,23d4e473,San Diego,1,1,2018-10-18,2018-10-18
Westfield Century City Mall,1bd76d68,Los Angeles,1,1,2020-01-25,2020-01-25
Lucille's Smokehouse Bar-B-Que,23d358af,Tustin,1,1,2018-12-15,2018-12-15
Mack Sennett Stage,3bd43c24,Los Angeles,1,1,2019-11-02,2019-11-02
Veterans Memorial Center,43d29bdb,Davis,1,1,2018-10-09,2018-10-09
EOS Lounge,7bd166d8,Santa Barbara,1,1,2019-11-02,2019-11-02
Pacific Pinball Museum,53d1af19,Alameda,1,1,2018-10-13,2018-10-13
Private Venue,33d310f9,Santa Clarita,1,1,2019-11-03,2019-11-03
Humboldt State University,23d7c8cf,Arcata,1,1,2018-09-22,2018-09-22
Private Venue,4bd277e6,Monterey Park,1,1,2018-08-15,2018-08-15
The Camp Transformation Center,bd2710e,Santa Clarita,1,1,2018-08-16,2018-08-16
Shannon's At The Top,4bd1ff36,Long Beach,1,1,2018-10-27,2018-10-27
Sweetwater Union High School,bd39906,National City,1,1,2018-10-11,2018-10-11
City Market Social House,2bdebc5a,Los Angeles,1,1,2018-09-13,2018-09-13
Kilos Cantina,bd0e102,Thousand Palms,1,1,2018-10-17,2018-10-17
Kaiser Rooftop Garden,1bd0f1c0,Oakland,1,1,2018-08-10,2018-08-10
Cecconi's Restaurant,3d42ddf,Los Angeles,1,1,2018-09-15,2018-09-15
Mission Tiki Drive in,bd3e10e,Montclair,1,1,2020-07-25,2020-07-25
City Lights Bookstore,1bd3d9f4,San Francisco,1,1,2018-10-31,2018-10-31
Skull Rock,53d45f39,Mojave Desert,1,1,2020-05-18,2020-05-18
Colorado Blvd & Eagle Rock Blvd,1bd135b4,Los Angeles,1,1,2018-10-06,2018-10-06
Private Venue,33d3a0bd,Hermosa Beach,1,1,2020-05-30,2020-05-30
The Morgue,3d2556b,Davis,1,1,2018-08-17,2018-08-17
Simi Valley Drive-In,4bd367f2,Simi Valley,1,1,2020-08-16,2020-08-16
Gnarly Deli,6bd05652,Chico,1,1,2022-10-05,2022-10-05
Stanley Recordings,53deaf49,Los Angeles,1,1,2020-10-10,2020-10-10
Alcazar Theatre,63d5b6fb,San Francisco,1,1,2022-12-03,2022-12-03
The Getty,43d097a3,Los Angeles,1,1,2020-02-16,2020-02-16
Simi Valley Town Center,2bde3006,Simi Valley,1,1,2022-10-15,2022-10-15
Dwellpoint,23d004ff,Sacramento,1,1,2020-07-16,2020-07-16
Bach Dynamite & Dancing Society,4bd26f56,Half Moon Bay,1,1,2022-11-20,2022-11-20
Orson's Belly,23d32883,San Francisco,1,1,2020-02-21,2020-02-21
Rolling Greens,73d3922d,Los Angeles,1,1,2022-10-01,2022-10-01
Pussy Palace,53dfabc1,Oakland,1,1,2021-12-31,2021-12-31
Private Venue,3d051e3,Hemet,1,1,2022-10-29,2022-10-29
Brewsters,53d3531d,Petaluma,1,1,2020-09-27,2020-09-27
Veteran's Park,bd01176,Big Bear Lake,1,1,2022-09-24,2022-09-24
Rem's Vegas Sports Lounge,7bd3aecc,Yorba Linda,1,1,2018-08-16,2018-08-16
Lake Forest Sports Park and Recreation Center,1bd595f0,Lake Forest,1,1,2022-08-27,2022-08-27
Small Wonder,7bd36288,Oakland,1,1,2018-12-22,2018-12-22
KT Base Bar,bd1bd86,Olympic Valley,1,1,2022-12-17,2022-12-17
Pleasant Grove Community Church,3d00553,Roseville,1,1,2021-12-11,2021-12-11
McClaren Hall Room 252,53d04305,San Francisco,1,1,2022-08-25,2022-08-25
Hapa's Brewing Company,1bd1d560,San Jose,1,1,2022-12-17,2022-12-17
Conservatory of Flowers,13d39d75,San Francisco,1,1,2022-09-15,2022-09-15
LOT 613,4bd79b6e,Los Angeles,1,1,2018-11-17,2018-11-17
Ross House,73d0625d,Los Angeles,1,1,2022-09-28,2022-09-28
The Hilton San Diego,73d262b1,San Diego,1,1,2018-12-06,2018-12-06
Gene Autry Museum,5bd63324,Los Angeles,1,1,2022-10-29,2022-10-29
Hard Rock Hotel,1bd76d04,San Diego,1,1,2018-12-29,2018-12-29
Permanent Records,33d2d8d9,Los Angeles,1,1,2022-09-14,2022-09-14
Cancun Ole' Night Club,3bd17474,East Los Angeles,1,1,2018-12-29,2018-12-29
Tiny Desk (Home),1bd0d1a8,Glendale,1,1,2021-12-07,2021-12-07
The Stowaway,23d05023,Los Angeles,1,1,2022-10-31,2022-10-31
Culver Beer Co.,6bd0d6c6,Carlsbad,1,1,2021-12-11,2021-12-11
Heather Farm Park,1bd4811c,Walnut Creek,1,1,2018-08-18,2018-08-18
The Cove,6bd0d646,Murrieta,1,1,2021-12-02,2021-12-02
Black Cat Bar,4bd47fbe,San Diego,1,1,2022-11-18,2022-11-18
Private Venue,2bd34012,Pasadena,1,1,2020-12-20,2020-12-20
Vertexx,13d085dd,Los Angeles,1,1,2018-12-01,2018-12-01
Arena Theater,63d77ecb,Point Arena,1,1,2020-02-22,2020-02-22
Top of the Notch,5bd21314,Mount Baldy,1,1,2018-08-04,2018-08-04
Out of Bounds Craft Kitchen and Biergarten,13d32ded,Folsom,1,1,2020-02-01,2020-02-01
Los Encinos State Historic Park,13d53d6d,Los Angeles,1,1,2022-09-17,2022-09-17
Perqs,4bd3a34a,Huntington Beach,1,1,2020-01-17,2020-01-17
SmileFest,6bd06e62,Los Angeles,1,1,2022-09-03,2022-09-03
Private Venue,53d09b95,Mokelumne City,1,1,2020-01-11,2020-01-11
Study Hollywood,5bde4f28,Los Angeles,1,1,2018-09-21,2018-09-21
"",4bd5ffd2,Montebello,1,1,2020-10-21,2020-10-21
Channel 933 Studios,53d59bf1,San Diego,1,1,2018-11-09,2018-11-09
Elysian Park,4bd4ffd2,Los Angeles,1,1,2020-10-10,2020-10-10
The Lucky Horseshoe,13d0f181,San Francisco,1,1,2021-12-04,2021-12-04
The Tunstall Arms,43d37f43,Los Angeles,1,1,2020-06-04,2020-06-04
Orinda Theatre,6bd3ba76,Orinda,1,1,2018-10-08,2018-10-08
Private Venue,53d35335,Sonoma,1,1,2020-10-31,2020-10-31
Shaolin Temple Cultural Center,53d27799,Temple City,1,1,2018-10-28,2018-10-28
Theatre 5150,23d008d3,Carmichael,1,1,2020-01-10,2020-01-10
Spoke bicycle cafe,23d0e8a3,Los Angeles,1,1,2022-09-02,2022-09-02
Private Location,3d1d96f,La Mesa,1,1,2020-12-25,2020-12-25
San Francisco Botanical Garden,63d22ecb,San Francisco,1,1,2022-09-17,2022-09-17
Wild Eye Pub,4bd3f35e,Grass Valley,1,1,2020-02-21,2020-02-21
Port of Redwood City,43d06bff,Redwood City,1,1,2022-11-19,2022-11-19
JamBase Headquarters,2bd4dc36,San Francisco,1,1,2020-12-27,2020-12-27
"",bd60dd6,Redlands,1,1,2018-11-10,2018-11-10
YouTube Studios,2bd7282e,Los Angeles,1,1,2020-12-11,2020-12-11
The Virgil,43d5a3e7,Los Angeles,1,1,2018-08-10,2018-08-10
Citadel Outlets,7bd5a674,Los Angeles,1,1,2020-10-03,2020-10-03
Union Theater,5bd26728,San Diego,1,1,2018-11-30,2018-11-30
Distant Brewing,63d0e2bf,Mammoth Lakes,1,1,2020-01-24,2020-01-24
Bell Tower Center,6bd26616,Rancho Santa Margarita,1,1,2018-11-24,2018-11-24
Balboa Terrace,3bd1a890,San Francisco,1,1,2020-11-14,2020-11-14
Paradise Airport,1bd2a5ac,Paradise,1,1,2018-09-08,2018-09-08
Canter's Deli,33d4c435,Los Angeles,1,1,2020-06-26,2020-06-26
Rhythm n Vibes,53de6381,Los Angeles,1,1,2022-11-13,2022-11-13
Apple Campus,43d3a7df,Cupertino,1,1,2019-10-25,2019-10-25
City Nights Club,4bd56b6a,San Francisco,1,1,2022-10-21,2022-10-21
Oshman Family Jewish Community Center,1bd5b544,Palo Alto,1,1,2019-12-29,2019-12-29
Clarion Alley,43de8feb,San Francisco,1,1,2018-10-27,2018-10-27
Academy Theater,3bd38cf4,Los Angeles,1,1,2019-08-18,2019-08-18
Maxson Road House,3d185ab,South El Monte,1,1,2022-10-23,2022-10-23
Reseda Rising,2bd3dc1a,Los Angeles,1,1,2019-09-21,2019-09-21
Alila Marea Beach Resort,13d01d99,Encinitas,1,1,2022-11-10,2022-11-10
Bolsa Chica State Beach,7bd2aa64,Huntington Beach,1,1,2019-10-26,2019-10-26
Millhaüs,1bd03dd4,San Diego,1,1,2018-12-31,2018-12-31
Hammer Theatre Center,6bd3da92,San Jose,1,1,2019-12-07,2019-12-07
Narducci's Cafe,73d482c5,Bakersfield,1,1,2022-12-30,2022-12-30
1 Front St.,53d3cb4d,San Francisco,1,1,2019-12-05,2019-12-05
Ascendo Coffee,2bd12c46,San Luis Obispo,1,1,2022-11-24,2022-11-24
Arts District Apartment,6bdec22a,Los Angeles,1,1,2019-09-01,2019-09-01
Warehouse Huntington Park,2bd34c0a,Los Angeles,1,1,2018-10-20,2018-10-20
Chris’s New Harbor Bar,13d0f125,Belmont,1,1,2019-12-07,2019-12-07
Player One Arcade Bar,1bd051d4,Los Angeles,1,1,2022-10-29,2022-10-29
Fairmont Miramar Hotel,43d32f5f,Santa Monica,1,1,2019-10-24,2019-10-24
Rancho Bernardo Community Presbyterian Church,53d05bcd,San Diego,1,1,2022-10-16,2022-10-16
Agency Coffee Company,7bdffe74,Los Angeles,1,1,2019-11-17,2019-11-17
Daddy Diamonds,4bd1bf62,Los Angeles,1,1,2022-12-17,2022-12-17
Getty Center,43d65ff3,Los Angeles,1,1,2019-09-14,2019-09-14
Kresge Town Hall,3d0ad73,Santa Cruz,1,1,2022-10-01,2022-10-01
The Three Clubs,23d6d4a3,Los Angeles,1,1,2019-12-04,2019-12-04
Secret Island,1bd029f8,Long Beach,1,1,2022-09-16,2022-09-16
Backesto Park,bd35d3a,San Jose,1,1,2019-08-17,2019-08-17
Wilson Creek Winery,6bd2967e,Temecula,1,1,2022-09-21,2022-09-21
Martinis Above Fourth,43de233f,San Diego,1,1,2019-08-22,2019-08-22
Clif Bar & Co,13d3ed4d,Emeryville,1,1,2019-09-06,2019-09-06
Daily's Sports Grill,33d13851,Rancho Santa Margarita,1,1,2019-11-15,2019-11-15
Chico Masonic Family Center,4bd25782,Chico,1,1,2018-12-15,2018-12-15
Santa Clara University,7bd7aa00,Santa Clara,1,1,2019-10-18,2019-10-18
Oasis,33d57cb9,San Francisco,1,1,2018-10-04,2018-10-04
Golden China,33d738b5,Ventura,1,1,2019-10-15,2019-10-15
Wylde Works,73d042c9,Santa Barbara,1,1,2022-12-13,2022-12-13
Odd Fellows Hall,33d598d9,Davis,1,1,2019-09-20,2019-09-20
The Caviar Co.,7bd06618,Tiburon,1,1,2022-09-23,2022-09-23
Frog & Peach Pub,3d5a9b3,San Luis Obispo,1,1,2018-09-25,2018-09-25
Seven Grand,13d13551,Los Angeles,1,1,2022-10-28,2022-10-28
Flynn's Cabaret & Steakhouse,1bd3a18c,Felton,1,1,2018-10-11,2018-10-11
"",6bd38a72,Boulder Creek,1,1,2018-11-16,2018-11-16
Grace Cathedral,bd7158e,San Francisco,1,1,2018-11-30,2018-11-30
Audiowild Studios,3d051e7,Idyllwild,1,1,2022-10-28,2022-10-28
Lincoln Lodge,23d0bcd7,Oakland,1,1,2018-08-08,2018-08-08
Reds Meadow,13de2969,Mammoth,1,1,2022-08-26,2022-08-26
Central Park,1bd2ad24,Santa Clarita,1,1,2018-09-15,2018-09-15
Svedale,53d067b1,Morgan Hill,1,1,2022-09-17,2022-09-17
La Peña Cultural Center,5bd3b3e8,Berkeley,1,1,2018-09-14,2018-09-14
The Sycamore,23d1bc7f,San Francisco,1,1,2022-12-17,2022-12-17
"California State University, Chico",73d2f6b1,Chico,1,1,2018-09-01,2018-09-01
Poplar Creek Golf Course,3dfa1fb,San Mateo,1,1,2022-09-08,2022-09-08
UCSB Music Bowl,bd171a6,University of California Santa Barbara Campus,1,1,2018-08-18,2018-08-18
All Kinds Studios,73d00e31,Ventura,1,1,2022-08-26,2022-08-26
Block Party,7bd27a68,Los Angeles,1,1,2018-10-21,2018-10-21
Burton Middle School,13dfa97d,Porterville,1,1,2022-11-08,2022-11-08
Montalvo Garden Theatre,4bd73372,Saratoga,1,1,2018-10-18,2018-10-18
Tao,3bd05040,Los Angeles,1,1,2022-10-31,2022-10-31
Colton Hall Museum,23d26c03,Monterey,1,1,2018-11-10,2018-11-10
Centerfield Sports Bar & Grill,2bd3a0a2,Huntington Beach,1,1,2018-09-29,2018-09-29
St. Michael's by-the-Sea Episcopal Church,43de6be7,Carlsbad,1,1,2018-08-24,2018-08-24
"F.O.E. Hall,",4bd05bf6,National City,1,1,2022-10-15,2022-10-15
Boardwalk's Cocoanut Grove,3d38dcf,Santa Cruz,1,1,2018-10-05,2018-10-05
5th Avenue Landing,7bd04eb0,San Diego,1,1,2022-11-18,2022-11-18
Private Venue,3bd05450,Pleasant Hill,1,1,2018-09-22,2018-09-22
Poor Richards Pizza,7bdfae88,Springville,1,1,2022-12-31,2022-12-31
Melody Ehsani,33d26ca9,Los Angeles,1,1,2018-11-11,2018-11-11
AllBright Los Angeles Members' Club,73d02269,Los Angeles,1,1,2019-09-25,2019-09-25
American Legion Post 241,23d2788b,Baldwin Park,1,1,2018-10-19,2018-10-19
Blue Mountain Event Center,73d196e1,Wilseyville,1,1,2022-09-22,2022-09-22
Fort Mason,bd66566,San Francisco,1,1,2018-12-31,2018-12-31
Iron Springs,33d20491,Fairfax,1,1,2019-12-03,2019-12-03
The Sanctuary,13d3b959,Arcata,1,1,2018-09-12,2018-09-12
KRSH FM Studios,1bd3b188,Santa Rosa,1,1,2018-08-19,2018-08-19
Little Hill Lounge,23dfbcab,El Cerrito,1,1,2018-10-03,2018-10-03
Mauli Ola Foundation,6bd32642,Newport Beach,1,1,2020-02-08,2020-02-08
Fox Theater,7bd2e298,San Francisco,1,1,2022-11-18,2022-11-18
AMSD,5bd333ec,San Diego,1,1,2020-01-12,2020-01-12
Community Farmer's Market,53d063cd,Ojai,1,1,2022-09-29,2022-09-29
Ariel’s,1bd03dcc,Oakland,1,1,2018-08-08,2018-08-08
Lab Social Speakeasy,23d134d7,Santa Barbara,1,1,2022-11-23,2022-11-23
The Pour House,1bd5a9bc,Paso Robles,1,1,2020-01-31,2020-01-31
The Thirsty Axe,2bd0241a,Ukiah,1,1,2022-08-26,2022-08-26
Phoenix,3bd3288c,Alameda,1,1,2020-02-21,2020-02-21
Bawir Retreat,73d06a95,Loomis,1,1,2022-09-17,2022-09-17
Tri-County Fairgrounds,3d29d77,Bishop,1,1,2020-11-14,2020-11-14
Birch North Park Theatre,53d6dbbd,San Diego,1,1,2022-09-30,2022-09-30
Yreka Community Center,4bd27336,Yreka,1,1,2018-10-20,2018-10-20
Shepherd of the Hills UMC,73d06659,Mission Viejo,1,1,2022-09-16,2022-09-16
h Club Los Angeles,43d3fb2b,Los Angeles,1,1,2020-02-20,2020-02-20
LA Center Studios,4bd6530e,Los Angeles,1,1,2022-10-01,2022-10-01
Johnny's Bar and Grill,3d44db7,Lompoc,1,1,2020-02-29,2020-02-29
Fox Wine Co.,23d07c8b,Santa Barbara,1,1,2022-11-12,2022-11-12
Sun Fair Dry Lake,2bd34c42,Joshua Tree,1,1,2020-10-31,2020-10-31
Palomar Medical Center Escondido,63d05e0b,Escondido,1,1,2022-10-08,2022-10-08
Eureka Main Library,5bd353a4,Eureka,1,1,2020-10-31,2020-10-31
Five Suns Brewery,63d04edb,Martinez,1,1,2022-10-28,2022-10-28
Jesus Culture Church,63d5e65f,Sacramento,1,1,2018-10-28,2018-10-28
Berkley Sound,bd05d02,San Diego,1,1,2022-10-02,2022-10-02
Denio's Market,53d1b395,Roseville,1,1,2020-11-13,2020-11-13
Halvorsen Park,53d29bf5,Eureka,1,1,2022-10-16,2022-10-16
Canfield-Moreno Estate,43d5ff9b,Los Angeles,1,1,2020-06-27,2020-06-27
Alamitos Beach,53d41f5d,Long Beach,1,1,2022-09-08,2022-09-08
Nu-Tone Studios,33d0bcbd,Pittsburg,1,1,2020-06-28,2020-06-28
Torch Club,43d7336b,Sacramento,1,1,2022-10-14,2022-10-14
Whittier Center Theatre,6bd39246,Whittier,1,1,2020-07-16,2020-07-16
Agua Caliente Casino,3bd0e040,Palm Springs,1,1,2022-08-31,2022-08-31
O'Donovan's Restaurant & Pub,33d3689d,Pomona,1,1,2018-12-01,2018-12-01
The Haven,43d0fbdf,Pomona,1,1,2022-10-08,2022-10-08
UCSD RIMAC Field,43d78b03,La Jolla,1,1,2019-10-19,2019-10-19
Gre Records & Coffee,6bd066e6,Palm Springs,1,1,2022-09-21,2022-09-21
Canals,43d387f7,Venice,1,1,2018-09-08,2018-09-08
The Awe Bar,3bd1b894,Yucca Valley,1,1,2022-12-16,2022-12-16
The Jason Ellis Show,53d03b71,Los Angeles,1,1,2019-12-11,2019-12-11
Balboa Park,1bd7710c,San Diego,1,1,2022-10-05,2022-10-05
Kate Somerville Skincare,23d3dcc3,Los Angeles,1,1,2019-10-10,2019-10-10
Vibiana,23d658af,Los Angeles,1,1,2021-12-17,2021-12-17
Isle of Gamers,73df9a4d,Santa Clara,1,1,2019-10-19,2019-10-19
Arcadia Blues Club,23d520e7,Arcadia,1,1,2020-02-29,2020-02-29
Cyclone Warehouse,33d64421,San Francisco,1,1,2018-08-31,2018-08-31
St Elias Pl.,3d0299b,Davis,1,1,2020-09-26,2020-09-26
Artists' Television Access,13d3a1bd,San Francisco,1,1,2018-12-22,2018-12-22
SIR Studios,1bd5bdb0,Los Angeles,1,1,2020-11-21,2020-11-21
The Rare Barrel,43d273cf,Berkeley,1,1,2018-11-09,2018-11-09
Private Venue,bd3550e,Escondido,1,1,2020-10-08,2020-10-08
Roswell Pro Audio,6bd0e2ae,Sebastopol,1,1,2018-09-11,2018-09-11
Baked Potato,3bd54c64,Pasadena,1,1,2020-01-01,2020-01-01
Jackson Hall,73d44a59,Davis,1,1,2018-11-14,2018-11-14
The Talk,63d46267,Los Angeles,1,1,2020-05-11,2020-05-11
Los Angeles State Fair,bd7fdbe,Los Angeles,1,1,2019-09-28,2019-09-28
Private Venue,43d0bb4b,Downey,1,1,2020-04-11,2020-04-11
La Jolla Playhouse,73d29a21,La Jolla,1,1,2019-10-14,2019-10-14
Laney Parking Lot,2bde649e,Oakland,1,1,2020-10-15,2020-10-15
wework,3d389cb,Mill Valley,1,1,2019-10-17,2019-10-17
"California Ballroom, Hilton Anaheim",1bd251c8,Anaheim,1,1,2020-01-18,2020-01-18
Noe Valley Ministry,bd505a6,San Francisco,1,1,2019-10-13,2019-10-13
Mates Rehearsal,bd62506,Los Angeles,1,1,2020-07-23,2020-07-23
Jupiter Taproom,13d23971,Berkeley,1,1,2018-10-05,2018-10-05
KTLA Studios,bd4f9b6,Los Angeles,1,1,2020-03-05,2020-03-05
Yerba Buena Center for the Arts,33d6d8f1,San Francisco,1,1,2019-11-20,2019-11-20
The Edison,3bd2c844,Los Angeles,1,1,2020-01-23,2020-01-23
OMG,73d06ad5,San Francisco,1,1,2018-12-07,2018-12-07
Folk Music Center,63d7162b,Claremont,1,1,2020-01-31,2020-01-31
Water Wheel Saloon,73d3ce19,Norco,1,1,2019-09-11,2019-09-11
Private Venue,73d23691,Arcata,1,1,2020-02-11,2020-02-11
Community Center,23d3b8e3,Lafayette,1,1,2019-09-06,2019-09-06
Spanos Theatre,23d6580f,San Luis Obispo,1,1,2020-09-19,2020-09-19
Aletheia Springs,3d3c52b,Glen Ellen,1,1,2019-12-07,2019-12-07
Hyde Street Studios,33d1a079,San Francisco,1,1,2020-04-02,2020-04-02
The Halley,23d184bb,Los Angeles,1,1,2019-10-30,2019-10-30
32nd Annual Supercomputing Celebration,6bd34ee2,San Diego,1,1,2020-11-17,2020-11-17
Skate Lab,6bd20646,Simi Valley,1,1,2018-10-01,2018-10-01
Carlsbad Community Cultural Arts Center,43d327ef,Carlsbad,1,1,2020-02-28,2020-02-28
Roundup Saloon,63d2b2f3,Lafayette,1,1,2018-11-23,2018-11-23
Visalia Convention Center,3d67d9b,Visalia,1,1,2020-01-27,2020-01-27
The Packinghouse,2bd660b6,Redlands,1,1,2019-10-11,2019-10-11
Mill Creek Cattle Co.,3bd6442c,Mentone,1,1,2019-10-18,2019-10-18
Paramount Ballroom,5bd4df64,Boyle Heights,1,1,2019-09-08,2019-09-08
Sun City Roseville,43d56fd3,Roseville,1,1,2019-10-26,2019-10-26
@the Grounds,73d3e6d5,Roseville,1,1,2019-10-04,2019-10-04
Oroville Veterans Memorial Hall,23d39807,Oroville,1,1,2019-10-05,2019-10-05
A Shop Called Quest,3d19deb,Los Angeles,1,1,2019-12-01,2019-12-01
Oreana Winery,43d0b707,Santa Barbara,1,1,2019-09-01,2019-09-01
Round Two Clothing Store,53d20785,Los Angeles,1,1,2018-09-12,2018-09-12
Navel,bd23dee,Los Angeles,1,1,2019-09-13,2019-09-13
Fatbeats,33de7071,Los Angeles,1,1,2018-12-30,2018-12-30
Unitarian Universalist Church of Pasadena,7bde4204,Pasadena,1,1,2019-11-17,2019-11-17
UCSB Multicultural Center,1bd171a0,University of California Santa Barbara Campus,1,1,2018-10-12,2018-10-12
Spirithaus Gallery,bd3e55e,Oakland,1,1,2019-09-22,2019-09-22
Lot 1,33d75465,Los Angeles,1,1,2018-09-22,2018-09-22
Rio Nilo Night Club,63d3c2a7,Fullerton,1,1,2019-12-26,2019-12-26
Top Notch Kustoms,5bde9314,San Jose,1,1,2018-12-01,2018-12-01
Long Beach Playhouse,53d3f7b9,Long Beach,1,1,2019-08-25,2019-08-25
Crowne Plaza Hotel,6bd5aec2,San Diego,1,1,2018-08-12,2018-08-12
Camarillo Community Church,4bd57766,Camarillo,1,1,2019-09-17,2019-09-17
Jacaranda Veranda,3d20dff,Rancho Palos Verdes,1,1,2018-09-08,2018-09-08
The Episcopal Church of Saint John the Evangelist,1bd059a4,San Francisco,1,1,2019-10-24,2019-10-24
Courthouse Square,33d19419,Santa Rosa,1,1,2018-09-30,2018-09-30
Landers Brew Co.,53d22fad,Landers,1,1,2019-09-20,2019-09-20
Break Room 86,7bd2be30,Los Angeles,1,1,2018-08-28,2018-08-28
San Diego Metal Swap Meet,6bd3de1a,San Diego,1,1,2019-10-19,2019-10-19
Timewarp Music,3d2c11f,Los Angeles,1,1,2018-09-22,2018-09-22
ShBoom Nightclub,3bd07834,San Ramon,1,1,2019-10-18,2019-10-18
No Name,53d27f1d,Los Angeles,1,1,2018-11-14,2018-11-14
HVW8 Art + Design Gallery,7bd34650,Los Angeles,1,1,2019-12-13,2019-12-13
"",13d069e1,Granada Hills,1,1,2018-12-22,2018-12-22
Jury Room,5bd0f368,Santa Cruz,1,1,2019-11-22,2019-11-22
Quincy Street LTD,3bd3bca0,Oxnard,1,1,2018-08-07,2018-08-07
Hermosa Saloon,63d20acb,Hermosa Beach,1,1,2019-11-16,2019-11-16
PIER 27 The Embarcadero,bd0cd56,San Francisco,1,1,2018-08-18,2018-08-18
Anchor Brewing,6bd20662,San Francisco,1,1,2019-08-18,2019-08-18
Espacio 1839,63d59e07,Boyle Heights,1,1,2018-12-18,2018-12-18
Toolbox LA,63d3f24f,Los Angeles,1,1,2019-09-07,2019-09-07
Republic of Pie,3d271b7,Los Angeles,1,1,2018-11-01,2018-11-01
Town Square Park,5bd407cc,Murrieta,1,1,2019-09-28,2019-09-28
Envelop SF,1bd3f514,San Francisco,1,1,2018-10-15,2018-10-15
Winifred Smith Hall,73d27a6d,Irvine,1,1,2018-10-24,2018-10-24
Balboa Theater,23d60c23,Los Angeles,1,1,2018-12-10,2018-12-10
Hyatt Regency Hotel,73d28ad1,San Francisco,1,1,2018-09-15,2018-09-15
Spreckels Park,53d003a1,Coronado,1,1,2018-08-12,2018-08-12
AT&T Sound Studio,63d24a9b,Los Angeles,1,1,2018-09-13,2018-09-13
The Art Kamangar Center at The Merced Theatre,6bd39e72,Merced,1,1,2018-11-02,2018-11-02
California Veteran's Home,4bd35b6a,Barstow,1,1,2018-12-06,2018-12-06
Casino Pauma,1bd49dac,Pauma Valley,1,1,2018-09-07,2018-09-07
Orange Memorial Park,53d13795,South San Francisco,1,1,2018-09-22,2018-09-22
Dirk's Niteclub,73d27611,Lemon Grove,1,1,2018-10-13,2018-10-13
Six Flags Magic Mountain,53d39319,Santa Clarita,1,1,2018-09-14,2018-09-14
SP2 Communal Bar + Restaurant,1bd0f1d8,San Jose,1,1,2018-08-25,2018-08-25
San Geronimo Valley Community Center,23d2049f,San Geronimo,1,1,2018-09-15,2018-09-15
"Bret Harte Middle School, Oakland Campus",3d35d3f,Oakland,1,1,2018-10-25,2018-10-25
Pittsburg Marina,53d213c9,Pittsburg,1,1,2018-09-08,2018-09-08
"Muse, Studio City",13d20969,Los Angeles,1,1,2018-09-15,2018-09-15
Half-Pipe House,3bd218a0,Goleta,1,1,2018-08-23,2018-08-23
Colma Community Center,73d20605,Colma,1,1,2018-08-09,2018-08-09
"",33d44c85,San Juan Capistrano,1,1,2018-11-11,2018-11-11
Farley's,1bd21918,San Francisco,1,1,2018-08-20,2018-08-20
Sonoma State University,13d59529,Rohnert Park,1,1,2018-08-16,2018-08-16
Comedy Bang! Bang!,33d210c5,Los Angeles,1,1,2018-08-13,2018-08-13
Big Shotz Bar & Grill,3d0812b,Lancaster,1,1,2018-12-09,2018-12-09
Tesla Factory,7bd21ea4,Fremont,1,1,2018-08-17,2018-08-17
Stramler Park,43d60f87,Bakersfield,1,1,2018-10-05,2018-10-05
Marin Country Club,33d23481,Novato,1,1,2022-12-31,2022-12-31
Dogpatch Studios,63d7ce07,San Francisco,1,1,2018-09-21,2018-09-21
Downtown,53d42fd9,San Jose,1,1,2022-09-10,2022-09-10
Preservation Hall West at The Chapel,13d75909,San Francisco,1,1,2018-11-07,2018-11-07
Licorice Pizza Record Store,23d2707f,Los Angeles,1,1,2022-10-20,2022-10-20
Cosmic Cube,2bd2707a,Temple City,1,1,2018-10-30,2018-10-30
3D Live And Capture Studios,2bd18c5e,Los Angeles,1,1,2022-10-29,2022-10-29
Jack Tygett Performing Arts Theatre,53de1f6d,Chula Vista,1,1,2018-10-06,2018-10-06
MakeOutMusic,73d0725d,Los Angeles,1,1,2022-10-29,2022-10-29
Chickster's Nest,43d2773b,Claremont,1,1,2018-10-17,2018-10-17
Eagle's Nest Saloon,33d054b1,Lawndale,1,1,2022-10-22,2022-10-22
So You Think You Can Dance,bd43d7e,Los Angeles,1,1,2018-09-10,2018-09-10
L.A. River Studios,6bd5fafa,Los Angeles,1,1,2022-12-03,2022-12-03
Private Venue,3d3b5f7,San Clemente,1,1,2018-12-08,2018-12-08
Bastards Canteen,bd135b2,Temecula,1,1,2022-12-01,2022-12-01
Overtime Bar,6bd0e692,Redding,1,1,2018-09-28,2018-09-28
La Salles,4bd18326,Chico,1,1,2022-11-03,2022-11-03
Historic Eagle House,7bd2cedc,Eureka,1,1,2018-12-15,2018-12-15
Devils Parlor,3d16d3f,Oakland,1,1,2022-12-21,2022-12-21
Chris Wilson Ranch,63d32e13,Santa Paula,1,1,2018-09-30,2018-09-30
Humble Heart,6bd1aab6,San Diego,1,1,2022-11-18,2022-11-18
Salon SJ,43d1dfbf,San Jose,1,1,2018-09-17,2018-09-17
Old World,33d46055,Huntington Beach,1,1,2022-09-10,2022-09-10
Pavilion Stage,63d0e693,Fresno,1,1,2018-10-13,2018-10-13
The Market at Town's End,6bd04e7a,Apple Valley,1,1,2022-10-08,2022-10-08
Day Dream,63d0228f,Sacramento,1,1,2018-08-05,2018-08-05
Dominican University of California,1bd1fd78,San Rafael,1,1,2022-11-30,2022-11-30
Caroline H. Hume Concert Hall,4bd107f6,San Francisco,1,1,2018-11-17,2018-11-17
Private Venue,73d152a5,Victorville,1,1,2022-09-22,2022-09-22
The Depot,13d735f1,San Francisco,1,1,2018-10-17,2018-10-17
The Cavern,5bd24720,Santa Ana,1,1,2018-10-25,2018-10-25
Private Venue,7bd226f4,Santa Rosa,1,1,2018-08-03,2018-08-03
Drake's: The Barn,33d0503d,West Sacramento,1,1,2022-11-03,2022-11-03
Lost Chord Guitars,13d0c5d9,Solvang,1,1,2022-10-28,2022-10-28
Open the Portal,33d0d885,Los Angeles,1,1,2021-11-27,2021-11-27
Tennessee Jack's,33d0502d,Long Beach,1,1,2022-08-28,2022-08-28
Montalvo Arts Center,3d3ed4f,Saratoga,1,1,2022-12-04,2022-12-04
Public Square Coffee House,23d0189b,La Mesa,1,1,2022-10-14,2022-10-14
Reel & Brand,23d0d08f,Sonoma,1,1,2021-12-19,2021-12-19
The Mondrian,4bd5d7fa,West Hollywood,1,1,2022-10-27,2022-10-27
Tin Roof,3d47583,San Diego,1,1,2020-02-22,2020-02-22
Tirebiter Brewery,5bd153f4,Los Angeles,1,1,2022-09-28,2022-09-28
Lake Merritt Boathouse,33de649d,Oakland,1,1,2020-08-30,2020-08-30
201 Marin Street,6bd10a3a,San Rafael,1,1,2022-09-25,2022-09-25
2158,3bd0882c,Los Angeles,1,1,2020-02-22,2020-02-22
Whiskey Richards,53d583d9,Santa Barbara,1,1,2022-08-27,2022-08-27
Private Venue,5bd34f18,Idyllwild,1,1,2020-11-13,2020-11-13
California State Capitol,13d539f1,Sacramento,1,1,2022-09-21,2022-09-21
Grace First Presbyterian Church,5bd74bfc,Long Beach,1,1,2020-10-04,2020-10-04
The Eagle,33d3e8cd,Los Angeles,1,1,2022-09-25,2022-09-25
The Range at Slab City,43d0f36f,Niland,1,1,2020-01-17,2020-01-17
HITKOR,4bd04b42,Los Angeles,1,1,2022-11-20,2022-11-20
Laurel Canyon,3bd7f000,Los Angeles,1,1,2020-09-12,2020-09-12
"",5bd36f90,Vista,1,1,2022-11-12,2022-11-12
Honeymoon Galleria,4bdf8b9e,Los Angeles,1,1,2020-02-28,2020-02-28
Libretto,1bd1b96c,Paso Robles,1,1,2022-12-16,2022-12-16
Camptonville Community Center,13d2c9a5,Camptonville,1,1,2020-02-08,2020-02-08
Pilgrim United Church of Christ,6bd04a8a,Carlsbad,1,1,2022-10-30,2022-10-30
The Ugly Mug,43d09b8b,Soquel,1,1,2020-01-04,2020-01-04
Coachella Crossroads,7bd182e4,Coachella,1,1,2022-11-11,2022-11-11
Private Venue,4bd1b736,Monterey,1,1,2020-11-08,2020-11-08
Rideau Vineyard,2bd134d6,Solvang,1,1,2022-11-26,2022-11-26
The Old Steeple,3bd32408,Ferndale,1,1,2019-08-24,2019-08-24
Kool Deth Headquarters,2bd1f462,Soquel,1,1,2022-11-23,2022-11-23
Arbor Venice,3d01117,Los Angeles,1,1,2019-08-24,2019-08-24
Walt Disney Studios,5bd5bf18,Burbank,1,1,2022-12-13,2022-12-13
Downtown Sand City,5bd48b3c,Sand City,1,1,2019-08-24,2019-08-24
Calvary Church of Santa Ana,1bd2d918,Santa Ana,1,1,2021-12-07,2021-12-07
Armadillo Music,43d20713,Davis,1,1,2019-10-19,2019-10-19
Ghostlight,43d01357,Stockton,1,1,2021-12-04,2021-12-04
Electric Loft,43d12f2b,Pomona,1,1,2019-12-27,2019-12-27
Monica's Riverview,bd0216e,Antioch,1,1,2021-12-17,2021-12-17
The Portofino Hotel & Marina,5bd3f3c8,Redondo Beach,1,1,2019-08-30,2019-08-30
Westminster Presbyterian Church,23d5089b,Sacramento,1,1,2021-12-10,2021-12-10
"",53d4d3b5,Walnut Creek,1,1,2022-10-29,2022-10-29
Booksmith,53d0d7f9,San Anselmo,1,1,2021-12-11,2021-12-11
The Farmers Market,13d77dd5,Los Angeles,1,1,2019-08-24,2019-08-24
Brew Coffee Spot,6bd33622,La Mesa,1,1,2020-01-24,2020-01-24
The Miracle Mile District,5bd01338,Stockton,1,1,2019-09-28,2019-09-28
Community School of Music and Arts,6bd33aea,Mountain View,1,1,2020-01-18,2020-01-18
Downtown Modesto,43d7f337,Modesto,1,1,2019-12-14,2019-12-14
Mad Muse Studios,7bdec228,Los Angeles,1,1,2020-05-28,2020-05-28
Mmhmmm at The Standard Hollywood,bde0912,West Hollywood,1,1,2019-11-22,2019-11-22
Marin Center Showcase Theater,33d20061,San Rafael,1,1,2020-02-23,2020-02-23
Goin' Underground,13d19d75,Los Angeles,1,1,2019-10-06,2019-10-06
Etta Apartments,13df89e1,San Francisco,1,1,2020-01-26,2020-01-26
El Ray Theatre,33de8c79,Chico,1,1,2019-09-21,2019-09-21
Private Venue,13d3550d,Dixon,1,1,2020-10-08,2020-10-08
College of Marin,6bd466f2,Kentfield,1,1,2019-08-30,2019-08-30
Clouds: Virtual Concert 2020,7bd092b4,Los Angeles,1,1,2020-10-24,2020-10-24
Moe's Original BBQ,43d50bd3,Tahoe City,1,1,2019-10-18,2019-10-18
Skypark at Santa's Village,5bd347c4,Skyforest,1,1,2020-12-19,2020-12-19
Manny's,6bd06aca,San Francisco,1,1,2019-09-08,2019-09-08
Merton House,43d22ba3,Isla Vista,1,1,2020-01-18,2020-01-18
Newark Community Park,3d271af,Newark,1,1,2018-09-23,2018-09-23
Pandora Media Headquarters,6bd4f22a,Oakland,1,1,2020-09-15,2020-09-15
Oracle Tavern Bar,1bd00958,Los Angeles,1,1,2022-10-06,2022-10-06
Boo Boo Records,43d71b4b,San Luis Obispo,1,1,2020-03-01,2020-03-01
WildCat Studios,7bd06e68,Escondido,1,1,2022-09-02,2022-09-02
Inter-Mountain Fair & Event Center,13d08121,McArthur,1,1,2019-08-31,2019-08-31
Appleton Grill,6bd532b6,Watsonville,1,1,2018-08-25,2018-08-25
Andrews Park,3bd3f454,Vacaville,1,1,2019-08-24,2019-08-24
Hollywood and Highland Center,1bd7dd1c,Los Angeles,1,1,2018-11-09,2018-11-09
Antique Gas & Steam Engine Museum,2bd07026,Vista,1,1,2019-08-17,2019-08-17
The Hub RWC,4bd27762,Redwood City,1,1,2018-10-30,2018-10-30
Milk Studios,4bd4af66,Los Angeles,1,1,2019-10-10,2019-10-10
Siskiyou Golden Fairgrounds,2bd4c0be,Yreka,1,1,2018-09-28,2018-09-28
Don's String Shop,23d3589b,Los Osos,1,1,2019-11-16,2019-11-16
The Lafayette Hotel,6bd57af6,San Diego,1,1,2018-10-27,2018-10-27
Trilogy,1bd5e158,Rio Vista,1,1,2019-11-23,2019-11-23
Viewpoint School,3d2710b,Calabasas,1,1,2018-10-31,2018-10-31
Frank H. Ogawa Plaza,5bd5ef60,Oakland,1,1,2019-09-14,2019-09-14
"Jack Adams Hall, SF State University",5bd017a0,San Francisco,1,1,2018-10-18,2018-10-18
Rock Wall Wine Company,73d3daa9,Alameda,1,1,2019-11-02,2019-11-02
Pasadena Convention Center,6bd6d642,Pasadena,1,1,2018-09-22,2018-09-22
The Ice House,bd7691a,Pasadena,1,1,2019-09-12,2019-09-12
Christopher Cohan Performing Arts Center,73d672f9,San Luis Obispo,1,1,2018-10-01,2018-10-01
Faultline,6bd6360e,Los Angeles,1,1,2019-12-15,2019-12-15
Acoustic Guitar Magazine,bd2091e,Richmond,1,1,2018-09-13,2018-09-13
The Orinda Get-Down,3bd328cc,Orinda,1,1,2019-10-27,2019-10-27
The Flint Center for the Performing Arts,13d61965,Cupertino,1,1,2018-12-15,2018-12-15
Phoenix Hotel,53d3eba9,San Francisco,1,1,2019-09-22,2019-09-22
The City Market of Los Angeles,13d0c13d,Los Angeles,1,1,2018-09-13,2018-09-13
blnkeast,33d3ec31,Los Angeles,1,1,2019-09-09,2019-09-09
Village Events Plaza,33d214f5,Mammoth,1,1,2018-08-24,2018-08-24
Sacramento International Airport,33d00405,Sacramento,1,1,2019-11-27,2019-11-27
Thousand Oaks Civic Arts Plaza,2bd39012,Thousand Oaks,1,1,2018-11-07,2018-11-07
H.Art Lounge,33d2f8b1,Placerville,1,1,2018-11-21,2018-11-21
Studio,23d35c5f,Redlands,1,1,2018-09-02,2018-09-02
The Maltese,7bd42670,Chico,1,1,2018-09-13,2018-09-13
Palm Desert Marriott,33d5c419,Palm Desert,1,1,2018-11-09,2018-11-09
The Deep End Club,1bd3f51c,Los Angeles,1,1,2018-08-24,2018-08-24
Simi Valley Cultural Arts Center,3bd064f0,Simi Valley,1,1,2022-12-07,2022-12-07
Timewarp Records,5bd3d3e8,Venice,1,1,2018-11-02,2018-11-02
The Cave Studios,2bd03886,Los Angeles,1,1,2018-09-07,2018-09-07
Plant Food Supper Club,bd21d3e,Idyllwild,1,1,2018-08-11,2018-08-11
Rippin' Ol' Boi' Rampage,2bd208ce,Portola,1,1,2018-09-01,2018-09-01
Seven Grand,73d5de0d,San Diego,1,1,2018-10-26,2018-10-26
"",33d7443d,West Covina,1,1,2022-12-09,2022-12-09
The Glass House,43d25f2f,San Jose,1,1,2018-11-15,2018-11-15
The Short Stop,1bd12538,Los Angeles,1,1,2022-09-11,2022-09-11
The Salty Frog,2bd20022,San Diego,1,1,2018-09-28,2018-09-28
UCSC Trading Post,33d18061,Santa Cruz,1,1,2022-11-19,2022-11-19
Craneway Pavilion,2bd3a8a6,Richmond,1,1,2018-12-31,2018-12-31
Dancing Oak Ranch,3bd39860,Ventura,1,1,2018-09-14,2018-09-14
Vista Theatre,1bd67184,Los Angeles,1,1,2018-12-10,2018-12-10
Grandmaster Records,4bd05bda,Los Angeles,1,1,2022-10-18,2022-10-18
Throckmorton Theatre,bd7a93a,Mill Valley,1,1,2018-11-24,2018-11-24
KCSB Radio,1bd4d92c,Santa Barbara,1,1,2022-10-25,2022-10-25
Rancho Mirage Amphitheater,53d2df31,Rancho Mirage,1,1,2018-10-06,2018-10-06
Pit Stop Bar and Grill,1bd02dd0,Barstow,1,1,2022-10-08,2022-10-08
Valhalla Boathouse Theatre,23d220f7,South Lake Tahoe,1,1,2018-08-08,2018-08-08
Ventura Coast Brewing Company,33d060b9,Ventura,1,1,2022-09-24,2022-09-24
Pauley Pavilion,3bd1a0f0,Los Angeles,1,1,2018-09-24,2018-09-24
Private Venue,1bd0c594,Walnut Creek,1,1,2022-10-28,2022-10-28
Little Yellow House,4bd1bb4e,Corona,1,1,2022-12-30,2022-12-30
Private Venue,2bd39c9a,Davis,1,1,2022-11-12,2022-11-12
Redding Roots Revival,2bd1c0ee,Redding,1,1,2022-09-23,2022-09-23
Spanish Landing Park,7bd29a2c,San Diego,1,1,2022-11-05,2022-11-05
The New Farm,73d0ea59,San Francisco,1,1,2022-11-26,2022-11-26
KLOS-FM,33d578e1,Los Angeles,1,1,2022-09-18,2022-09-18
Coyote Sonoma,33d06811,Healdsburg,1,1,2022-09-10,2022-09-10
The Lot at Formosa,4bde9bd6,West Hollywood,1,1,2022-12-15,2022-12-15
ATA Gallery,bd7c98a,San Francisco,1,1,2022-09-03,2022-09-03
Boomtown Lounge,1bde2968,Downieville,1,1,2022-09-24,2022-09-24
Hungarian Cultural Alliance - Magtár,2bd05c56,Los Angeles,1,1,2022-10-07,2022-10-07
The Six,6bd1daae,Ventura,1,1,2021-12-22,2021-12-22
Los Arcos Night Club,7bde8680,Fresno,1,1,2022-11-11,2022-11-11
Junior High,2bd1601a,Glendale,1,1,2021-12-11,2021-12-11
The Majestic Downtown,7bd0e27c,Los Angeles,1,1,2022-09-10,2022-09-10
Bernardo Winery,4bd21fa2,San Diego,1,1,2018-08-12,2018-08-12
Chapman University,3bd39854,Orange,1,1,2022-10-05,2022-10-05
Brewsters,43d3532b,Livermore,1,1,2020-08-13,2020-08-13
Wilson Theater,1bd39d58,Fresno,1,1,2022-09-20,2022-09-20
OVY Camp,3bd3d800,San Gregorio,1,1,2019-10-12,2019-10-12
Calaveras County Fairgrounds,2bd6309a,Angels Camp,1,1,2022-09-24,2022-09-24
Bang Bang,7bd586f8,San Diego,1,1,2020-02-01,2020-02-01
Inkonsiderate Boardwalk,2bd194e2,Riverside,1,1,2022-12-17,2022-12-17
Cosmic Vinyl,33d2c8d5,Los Angeles,1,1,2020-10-24,2020-10-24
ETA,4bd05bd6,Los Angeles,1,1,2022-10-19,2022-10-19
Starling Bar,3bd3e498,Sonoma,1,1,2019-09-21,2019-09-21
Toby's Feed Barn,33d1ac5d,Point Reyes Station,1,1,2022-11-19,2022-11-19
Divine,23de649f,Oakland,1,1,2020-11-13,2020-11-13
Pure Nightclub,23d38c03,Sunnyvale,1,1,2022-10-22,2022-10-22
"",3d32dbb,Sutter Creek,1,1,2020-02-08,2020-02-08
Ireland's 32,63d54e8f,Los Angeles,1,1,2022-09-17,2022-09-17
"",bd1f9ee,Orange County,1,1,2020-11-20,2020-11-20
Oakdale Rodeo Grounds,23d06c7f,Oakdale,1,1,2022-08-27,2022-08-27
Curtis Theatre,1bd2e114,Brea,1,1,2020-08-12,2020-08-12
Taylor Junction,2bd0449e,Joshua Tree,1,1,2022-09-10,2022-09-10
Ferment Drink Repeat Brewery,4bd3d3ea,San Francisco,1,1,2020-02-08,2020-02-08
Rock Church,43d7c7f7,San Diego,1,1,2022-10-08,2022-10-08
LIT - Bar and Lounge,6bd336a6,Indio,1,1,2020-01-24,2020-01-24
Twin Lotus Thai,2bd040b6,Sacramento,1,1,2022-12-10,2022-12-10
Bay Area Stage Theatre,3bdeec38,Vallejo,1,1,2020-01-11,2020-01-11
Greater Bethany Community Church City of Refuge,7bd44ad8,Gardena,1,1,2019-12-15,2019-12-15
Fantracks Digital Studio,6bd36606,Burbank,1,1,2020-07-18,2020-07-18
Staglin Family Vineyard,6bd11642,Rutherford,1,1,2019-09-14,2019-09-14
Soulection Radio,5bd0cf50,Long Beach,1,1,2020-09-10,2020-09-10
Cedar Center for the Arts,7bd29a68,Lancaster,1,1,2019-12-28,2019-12-28
DrumChannel Studio,6bd306da,Oxnard,1,1,2020-08-16,2020-08-16
David & Dorothea Garfield Theatre,bd509be,La Jolla,1,1,2019-09-19,2019-09-19
"Ultimate Studios, Inc.",63d0e2af,Los Angeles,1,1,2020-08-19,2020-08-19
SpiritHouse Studios,33d348e5,Los Angeles,1,1,2020-11-19,2020-11-19
Back to the Grind,6bd27e12,Riverside,1,1,2020-03-08,2020-03-08
Napa Valley Opera House,5bd673f4,Napa,1,1,2019-10-13,2019-10-13
Bow Wow Haus,43d323af,San Diego,1,1,2020-02-29,2020-02-29
Palm Springs Air Museum,23d39897,Palm Springs,1,1,2019-11-09,2019-11-09
Sutter Creek Provisions,6bd0e2be,Sutter Creek,1,1,2020-01-25,2020-01-25
Revel Revel,1bd059c4,San Diego,1,1,2022-10-09,2022-10-09
California Institute of the Arts,53d39325,Santa Clarita,1,1,2020-08-04,2020-08-04
Gestalt Haus,73d3a289,Fairfax,1,1,2019-10-14,2019-10-14
Abbey San Encino,53d18fad,Los Angeles,1,1,2020-05-01,2020-05-01
The Elegant Pub,3bd0f8e8,San Jose,1,1,2019-10-11,2019-10-11
Bakersfield Racquet Club,53d33335,Bakersfield,1,1,2020-01-31,2020-01-31
"",33d3e419,Orangevale,1,1,2018-11-10,2018-11-10
New Bohemia Brewing Co.,3d04533,Santa Cruz,1,1,2020-01-31,2020-01-31
Popsicle Studio LA,6bd0fe42,Los Angeles,1,1,2018-11-05,2018-11-05
Topanga State Park,1bd349cc,Topanga,1,1,2020-11-21,2020-11-21
Private venue,1bdfa97c,Porterville,1,1,2022-12-17,2022-12-17
ALT94.7 Studios,63d332a3,Sacramento,1,1,2020-02-04,2020-02-04
Rök House Brewing Company,43d007d7,Upland,1,1,2022-08-26,2022-08-26
"Your California Live, ABC10 Studios",43d05ba7,Sacramento,1,1,2020-01-10,2020-01-10
DH Compound,23d3086f,Huntington Beach,1,1,2020-05-01,2020-05-01
"",4bd4cfee,Mill Valley,1,1,2020-01-11,2020-01-11
Still Smoking,2bd218a6,Modesto,1,1,2018-08-24,2018-08-24
The Shop,3bd35c38,Oakland,1,1,2020-01-25,2020-01-25
"",7bd4bec0,Santa Clara,1,1,2022-10-07,2022-10-07
Sacramento Comedy Spot,7bd312a8,Sacramento,1,1,2020-02-14,2020-02-14
1162 Art Gallery,43d3b3db,Los Angeles,1,1,2018-11-09,2018-11-09
The Beehive,63d35213,Los Angeles,1,1,2020-08-01,2020-08-01
Poet & Patriot Irish Pub,33d2dcad,Santa Cruz,1,1,2018-11-17,2018-11-17
Whitefire Theatre,2bd378ce,Los Angeles,1,1,2020-06-13,2020-06-13
Mal's Bar,2bd3bc86,Los Angeles,1,1,2018-08-24,2018-08-24
Howard Stern Show,63d3e223,Los Angeles,1,1,2019-10-09,2019-10-09
All Def Music Studios,4bd0cf52,Los Angeles,1,1,2018-12-11,2018-12-11
Farmer's Daughter Hotel,bd35d86,Los Angeles,1,1,2019-10-05,2019-10-05
Los Candiles,63d21ebf,Los Angeles,1,1,2018-08-16,2018-08-16
Outdoor Stage,6bdfa272,Pioneertown,1,1,2019-09-07,2019-09-07
Port of Stockton,7bd0e69c,Stockton,1,1,2018-11-01,2018-11-01
AMSDConcerts @ SCC,63d3d27b,Bonita Lake,1,1,2019-11-17,2019-11-17
The Ranch,2bd120ce,Tiburon,1,1,2018-09-22,2018-09-22
Auberge du Soleil,1bd3e598,Rutherford,1,1,2019-09-22,2019-09-22
S. Mark Taper Foundation Amphitheatre,13d3a515,Beverly Hills,1,1,2018-08-04,2018-08-04
Cubberley Community Center,5bd7d3cc,Palo Alto,1,1,2019-11-16,2019-11-16
Memorial Park,3d4ed5f,Hayward,1,1,2018-09-30,2018-09-30
Lawrence J. Ellison Institute for Transformative Medicine of USC,33d00805,Beverly Hills,1,1,2019-10-24,2019-10-24
Obscure Lounge,53d4e36d,Los Angeles,1,1,2018-08-05,2018-08-05
Patch Coffee Co.,7bdec234,Lake Forest,1,1,2019-10-06,2019-10-06
Blackbird,13d3b95d,Chico,1,1,2018-08-08,2018-08-08
Black Rabbit Rose,23d2408f,Los Angeles,1,1,2019-11-12,2019-11-12
Beatniks Coffee House & Breakfast Joint,2bd208c2,Chico,1,1,2018-09-07,2018-09-07
The Oakland Riviera,3d3f1cb,Oakland,1,1,2019-08-31,2019-08-31
New Life Bible Church,bd2590e,Sonora,1,1,2018-12-21,2018-12-21
All Saints,6bd3f6ae,Beverly Hills,1,1,2019-08-27,2019-08-27
Napa County Fairgrounds,43d0b37f,Calistoga,1,1,2018-08-12,2018-08-12
Golden State Library,63d08287,City of El Segundo,1,1,2019-09-05,2019-09-05
Zeitgeist,6bd092fe,San Francisco,1,1,2022-09-04,2022-09-04
LA Live,5bd2eb18,Los Angeles,1,1,2019-10-22,2019-10-22
Liberty Sports Bar And Grill,13d389c5,Mammoth Lakes,1,1,2018-12-28,2018-12-28
Pro Arts Gallery,43d1273b,Oakland,1,1,2019-11-03,2019-11-03
Simi Valley Civic Center Park,53d24f21,Simi Valley,1,1,2018-11-10,2018-11-10
BMG Offices,5bd3d32c,Los Angeles,1,1,2019-11-14,2019-11-14
DesignerCon,23d26873,Anaheim,1,1,2018-11-17,2018-11-17
Birch Aquarium at Scripps,3bd39c64,La Jolla,1,1,2019-09-18,2019-09-18
Loomis Park Plaza,4bd063c2,Loomis,1,1,2022-10-01,2022-10-01
Northgate Mall,73d48a95,San Rafael,1,1,2019-08-16,2019-08-16
TJ Farms Estate,23d27c03,Chico,1,1,2018-09-29,2018-09-29
Shoreline Park,33d114b9,Tiburon,1,1,2019-09-21,2019-09-21
Avenue,bd2c156,Los Angeles,1,1,2018-09-17,2018-09-17
"Freud Playhouse, Macgowan Hall, UCLA",7bd7d6b0,Los Angeles,1,1,2019-09-07,2019-09-07
Ike's Place,13d261a1,Chico,1,1,2018-12-02,2018-12-02
Waldie Plaza,73d0e695,Antioch,1,1,2018-08-18,2018-08-18
Klein Family Field,73d0e691,Stockton,1,1,2018-09-22,2018-09-22
Lestat's West Music Venue,2bd134fe,San Diego,1,1,2018-08-04,2018-08-04
San Bernardino International Airport,73d0621d,San Bernardino,1,1,2018-11-03,2018-11-03
"KCSN Studio, Westfield Topanga",33d29429,Los Angeles,1,1,2019-08-14,2019-08-14
The Playstation Music Space,23d06c6f,San Francisco,1,1,2018-11-12,2018-11-12
The Vortex,23d7dc3b,Los Angeles,1,1,2018-08-25,2018-08-25
Weber Rations,5bd3bf1c,Los Angeles,1,1,2018-09-20,2018-09-20
Private Venue,6bd3d296,San Leandro,1,1,2019-11-21,2019-11-21
Marin Humane Society,2bd76c8e,Novato,1,1,2018-09-30,2018-09-30
Village Recorders,5bd5cb24,West Hollywood,1,1,2018-08-09,2018-08-09
Silo's,73d75eed,Napa,1,1,2018-10-28,2018-10-28
The Lodge,4bd59382,Canyon Lake,1,1,2018-09-15,2018-09-15
Woodacre Improvement Club,2bd26016,Woodacre,1,1,2018-12-08,2018-12-08
Skirball Cultural Center,33d65c69,Los Angeles,1,1,2018-08-23,2018-08-23
De Oro Mine Co,bd2a106,Spring Valley,1,1,2018-11-19,2018-11-19
The Original Farmers Market,13d1355d,Los Angeles,1,1,2018-12-28,2018-12-28
Grand Performance Program,33d54841,Los Angeles,1,1,2018-08-11,2018-08-11
The Upper Room - A Christian Coffeehouse,73d21a89,Mission Viejo,1,1,2018-08-25,2018-08-25
Orange Terrace Community Center,33d3e0c5,Riverside,1,1,2018-08-07,2018-08-07
Lennon Rehearsal Studios,73d25275,San Francisco,1,1,2018-12-12,2018-12-12
Artist Collective,4bd20b42,Los Angeles,1,1,2018-09-13,2018-09-13
The Fifth,7bd3be94,Anaheim,1,1,2019-09-15,2019-09-15
Cache Creek Vineyards and Winery,bd191b6,Clearlake Oaks,1,1,2018-08-25,2018-08-25
Mill Valley Community Center,2bd23c76,Mill Valley,1,1,2018-12-31,2018-12-31
Kentucky Mine Museum,63de2e2f,Sierra City,1,1,2022-08-27,2022-08-27
Catalina Casino,23d3948f,Avalon,1,1,2018-10-20,2018-10-20
Berkeley Horticulture Nursery,6bde2e3a,Berkeley,1,1,2022-10-29,2022-10-29
72andSunny,6bd266a6,Los Angeles,1,1,2018-12-01,2018-12-01
"",bd3998e,Northridge,1,1,2022-08-26,2022-08-26
The Graduate,33d65809,San Luis Obispo,1,1,2018-10-31,2018-10-31
Whammy! Analog Media,2bd04c46,Los Angeles,1,1,2022-11-09,2022-11-09
The Swallow's Inn,1bd261f0,San Juan Capistrano,1,1,2018-12-02,2018-12-02
Pasea Hotel,13d359e5,Huntington Beach,1,1,2020-09-24,2020-09-24
NeueHouse Hollywood,33d12c39,Los Angeles,1,1,2018-12-08,2018-12-08
Naughty Pine Brewing Company,43deefaf,Thousand Oaks,1,1,2022-11-19,2022-11-19
Old Customhouse,33d208c1,Monterey,1,1,2018-09-14,2018-09-14
Garcia Center For The Arts,6bd18a86,San Bernardino,1,1,2022-09-16,2022-09-16
Serramonte Mall,bde25c6,Daly City,1,1,2018-08-18,2018-08-18
"Delta Room, House of Blues",1bd595a8,San Diego,1,1,2022-12-03,2022-12-03
Private Venue,3d2215f,Modesto,1,1,2018-08-04,2018-08-04
Solaris Beer & Blending,1bd05d58,Murrieta,1,1,2022-10-01,2022-10-01
Capitol Records Studio,5bd60fd4,Los Angeles,1,1,2018-08-08,2018-08-08
Bird School,53def345,San Francisco,1,1,2022-11-21,2022-11-21
Proactiv Patio Sessions,73d24e91,Los Angeles,1,1,2018-12-05,2018-12-05
The Pearl,53d06315,San Francisco,1,1,2022-09-20,2022-09-20
Club Car Bar,23d10c1f,Templeton,1,1,2018-08-28,2018-08-28
Traffic Records,3bd064a4,Atascadero,1,1,2022-09-17,2022-09-17
Red Studios,1bd5c99c,Los Angeles,1,1,2022-12-15,2022-12-15
Boulevard Park Neighborhood,53d063c1,Sacramento,1,1,2022-10-01,2022-10-01
Naggiar Vineyards,3bdec4ac,Grass Valley,1,1,2022-10-15,2022-10-15
Silverado Park,33d0cc81,Long Beach,1,1,2022-08-28,2022-08-28
SoCal Sound Studios,7bdeb228,Los Angeles,1,1,2022-09-15,2022-09-15
Denmark Street Barn,1bd00d9c,Sonoma,1,1,2022-10-09,2022-10-09
The Cliff,bd33dda,Laguna Beach,1,1,2019-12-28,2019-12-28
King Bar,1bd1e1fc,Lancaster,1,1,2022-10-01,2022-10-01
The North End,4bd00702,Los Angeles,1,1,2022-09-28,2022-09-28
Poppy,33d04c35,Los Angeles,1,1,2022-11-10,2022-11-10
Kinky Kontrol,73d042e5,Los Angeles,1,1,2022-12-10,2022-12-10
The King,23d0588b,Lancaster,1,1,2022-10-01,2022-10-01
Salton City Surf Club,13d13555,Salton City,1,1,2022-12-10,2022-12-10
Flight Deck Sports Bar & Grill,23d05c63,South Lake Tahoe,1,1,2022-08-24,2022-08-24
Moraga Commons Park,3bd48cd8,Moraga,1,1,2022-09-10,2022-09-10
Riverwood Arts,23d0d0eb,Los Angeles,1,1,2021-12-17,2021-12-17
Bel Air Bay Club,2bd7448a,Los Angeles,1,1,2022-09-04,2022-09-04
State Theatre,33d79c09,Modesto,1,1,2020-02-13,2020-02-13
Pink Haus,33d134fd,San Diego,1,1,2022-11-12,2022-11-12
Elohim's House,63d3129b,Los Angeles,1,1,2020-04-18,2020-04-18
Private Venue,3bd0508c,Los Angeles,1,1,2022-12-02,2022-12-02
Malibu Music Room,3d0d1b3,Malibu,1,1,2020-02-12,2020-02-12
ShowBiz Studios,63d3eeef,Los Angeles,1,1,2019-09-13,2019-09-13
Malibu High School,7bd34a84,Malibu,1,1,2020-12-04,2020-12-04
Benchmark Climbing,63d0522f,Berkeley,1,1,2022-11-05,2022-11-05
Raine Maida’s House,7bd07290,Los Angeles,1,1,2020-08-20,2020-08-20
Cold Crush,7bd11688,Lancaster,1,1,2022-09-07,2022-09-07
Main Street Restaurant,5bd00bdc,Yorba Linda,1,1,2020-11-05,2020-11-05
Musiclandria,bde297e,Sacramento,1,1,2022-11-18,2022-11-18
The Merc,4bd48b96,Temecula,1,1,2022-12-09,2022-12-09
Museum of Contemporary Art San Diego,23d478cb,La Jolla,1,1,2022-09-10,2022-09-10
Full Psycho,1bd37514,Los Angeles,1,1,2020-06-20,2020-06-20
Impulse Music Co.,33d1bc89,Santa Clarita,1,1,2022-12-17,2022-12-17
The Elks Lodge,6bd5d6ba,San Mateo,1,1,2020-02-28,2020-02-28
"University of California, Santa Cruz",1bd38d84,Santa Cruz,1,1,2022-11-19,2022-11-19
Factory 93,4bd5477e,Los Angeles,1,1,2020-02-29,2020-02-29
Emerald Glen Park,7bd0e688,Dublin,1,1,2022-09-10,2022-09-10
Pachyderm Station,3bd34430,Sebastopol,1,1,2020-12-11,2020-12-11
ApCal Winery,3bd42824,Madera,1,1,2022-09-09,2022-09-09
Sue Carter Community Room in The El Segundo Public Library,53d183fd,City of El Segundo,1,1,2020-01-18,2020-01-18
The Autry,73d52291,Los Angeles,1,1,2022-09-03,2022-09-03
Salty Bear Brewing Company,53d357e1,Costa Mesa,1,1,2020-10-15,2020-10-15
The Best Show,53d05705,Los Angeles,1,1,2022-10-25,2022-10-25
"",2bd39866,Ojai,1,1,2020-12-13,2020-12-13
Historic Hemet Theater,6bd0fa42,Hemet,1,1,2022-11-19,2022-11-19
Dreamstage,23d3507b,Los Angeles,1,1,2020-10-23,2020-10-23
Happy Hour SC,4bd153ea,Los Angeles,1,1,2022-10-21,2022-10-21
Eureka Municipal Auditorium,73d3aa9d,Eureka,1,1,2020-02-29,2020-02-29
Pageant Theatre,6bd06636,Chico,1,1,2022-09-13,2022-09-13
Dignity Health Sports Park,7bd39ee8,Carson,1,1,2020-09-12,2020-09-12
Special Events Center,73d182e5,Indio,1,1,2022-10-08,2022-10-08
Maguey's,4bd3db66,Commerce,1,1,2019-10-24,2019-10-24
Silver Dollar Fairgrounds,2bd73c96,Chico,1,1,2021-12-11,2021-12-11
Shaun Diamond Plaza,23d06033,Pomona,1,1,2019-10-08,2019-10-08
Citystock,1bd3e500,Encino Reservoir,1,1,2019-09-22,2019-09-22
Sean Parker’s Home,63d33aaf,Los Angeles,1,1,2019-12-03,2019-12-03
E. Sierra Madre Boulevard,73d32211,Pasadena,1,1,2020-01-01,2020-01-01
The Queen Mary,6bd6028a,Long Beach,1,1,2019-08-24,2019-08-24
Macchia Wines,53d01355,Acampo,1,1,2019-11-23,2019-11-23
The Colony Theater,5bd07b58,Burbank,1,1,2020-01-25,2020-01-25
August Coppola Theatre,7bde3630,San Francisco,1,1,2020-03-06,2020-03-06
The Pearl,2bd0402a,Locke,1,1,2022-12-09,2022-12-09
The Highlight Room,5bd00f1c,Los Angeles,1,1,2020-06-17,2020-06-17
"",3d235f7,Simi Valley,1,1,2019-08-24,2019-08-24
Resource Center For Nonviolence,7bd3dad4,Santa Cruz,1,1,2020-02-08,2020-02-08
Harley-Davidson of Santa Clarita,2bd3d0f2,Santa Clarita,1,1,2019-11-10,2019-11-10
Private Venue,4bd367fe,Sebastopol,1,1,2020-03-06,2020-03-06
Private Venue,bd315b2,Los Gatos,1,1,2020-04-02,2020-04-02
MelodyVR,bd3758a,Los Angeles,1,1,2020-06-23,2020-06-23
Peralta Annex,73d3f2c5,Oakland,1,1,2019-09-08,2019-09-08
Beverly Hills High School,2bd1142a,Beverly Hills,1,1,2020-02-20,2020-02-20
Yucaipa Performing Arts Center - Outdoor Stage,63d3e6cb,Yucaipa,1,1,2019-10-04,2019-10-04
Fatty's,33d340dd,Los Angeles,1,1,2020-09-19,2020-09-19
Downtown Ukiah,33d114bd,Ukiah,1,1,2019-10-19,2019-10-19
Slo Donut Co.,13d52985,San Luis Obispo,1,1,2020-01-24,2020-01-24
Leonardos HP,bd0a5b6,Huntington Park,1,1,2019-11-15,2019-11-15
"University of California, San Diego",7bd29a04,San Diego,1,1,2020-10-24,2020-10-24
Minnesota Street Project,13d375c9,San Francisco,1,1,2019-09-05,2019-09-05
Private Venue,13d35185,Lido Isle,1,1,2020-10-18,2020-10-18
Diablo's Music Lounge,3bd354c4,Anaheim,1,1,2019-09-06,2019-09-06
Marshall Grange Hall,13d2b121,Garden Valley,1,1,2020-01-10,2020-01-10
Arts District Liberty Station,6bd3dede,San Diego,1,1,2019-10-18,2019-10-18
Lakeside Park,33d284d5,Oakland,1,1,2020-10-03,2020-10-03
Conway Recording Studios,73d3f255,Los Angeles,1,1,2019-09-04,2019-09-04
Amoeba Music,43d7430b,Berkeley,1,1,2019-08-24,2019-08-24
Santa Monica Bay Woman's Club,43d27f5b,Santa Monica,1,1,2019-12-14,2019-12-14
Soper-Reese Community Theatre,23d39cc7,Lakeport,1,1,2019-12-14,2019-12-14
"",43d28b63,Alpine,1,1,2019-12-16,2019-12-16
Tavern on Fourth,33d178a9,San Rafael,1,1,2019-12-13,2019-12-13
Cesar Chavez Park and Plaza,4bd393aa,Sacramento,1,1,2019-09-13,2019-09-13
Chukchansi Gold Resort & Casino,13d71195,Coarsegold,1,1,2019-09-07,2019-09-07
Lower Sproul Plaza,53d60f71,Berkeley,1,1,2018-10-19,2018-10-19
Flappers Comedy Club and Restaurant,13d13529,Burbank,1,1,2019-12-02,2019-12-02
The Venice Beach Bar,63d272cf,Venice,1,1,2018-11-09,2018-11-09
Hollywood Boulevard,3bd4d8e4,Los Angeles,1,1,2019-10-25,2019-10-25
Grandma Rancho's,1bdf8950,Moorpark,1,1,2018-10-27,2018-10-27
Wood Music Studio,3d3117b,Los Angeles,1,1,2019-12-31,2019-12-31
Jackson Park Ranch,7bd20ed8,Sonoma,1,1,2018-09-15,2018-09-15
Union Square Live,73d3a2dd,San Francisco,1,1,2019-08-21,2019-08-21
Manzanita Place,53d27335,Chico,1,1,2018-10-21,2018-10-21
"",13d595d9,Calabasas,1,1,2019-12-24,2019-12-24
Bird & Beckett,53d2d3d9,San Francisco,1,1,2018-09-28,2018-09-28
Museum of Latin American Art,7bd39ef8,Long Beach,1,1,2019-10-11,2019-10-11
"Dimple Records, Arden Way",53d7abe9,Sacramento,1,1,2018-11-30,2018-11-30
My Yard Live,6bd16a32,San Marcos,1,1,2019-09-21,2019-09-21
Grant & Green Saloon,2bd7100e,San Francisco,1,1,2022-12-02,2022-12-02
Alibi Ale Works,43d3f35f,Truckee,1,1,2019-10-19,2019-10-19
Lake Almanor Country Club Bandshell,23d39cfb,Lake Almanor Country Club,1,1,2018-08-04,2018-08-04
Corinthian Yacht Club,23d3d807,Tiburon,1,1,2019-09-28,2019-09-28
Arcata Community Center,43d7932b,Arcata,1,1,2018-09-05,2018-09-05
E.M. Wolfman General Interest Small Bookstore,53de3fd1,Oakland,1,1,2019-11-30,2019-11-30
Clifton's Republic,23de6c5f,Los Angeles,1,1,2018-10-25,2018-10-25
"University of California, Berkeley",5bd2975c,Berkeley,1,1,2019-08-31,2019-08-31
The Viaduct,63d2becb,Los Angeles,1,1,2018-10-19,2018-10-19
Sofar Sounds,bdf89e2,Santa Barbara,1,1,2019-11-25,2019-11-25
Los Angeles Regional Food Bank,2bd0d8ce,Los Angeles,1,1,2018-12-22,2018-12-22
Penny Lane Centers - North Hollywood,2bd3c4fe,Los Angeles,1,1,2019-08-23,2019-08-23
Nourse Theater,43d397db,San Francisco,1,1,2018-09-10,2018-09-10
"Capradio, KXJC Studios",33d004f9,Sacramento,1,1,2019-12-16,2019-12-16
Millpond Park,3d3893b,Bishop,1,1,2018-09-23,2018-09-23
Embassy Suites,2bd3d806,Sacramento,1,1,2019-09-21,2019-09-21
Cascade Lounge,bd13556,Palm Springs,1,1,2022-10-13,2022-10-13
Private Venue,73d0824d,Watsonville,1,1,2019-08-23,2019-08-23
Hard Rock Cafe,7bd7f200,Los Angeles,1,1,2022-10-21,2022-10-21
First United Methodist Church,6bd2eede,Pasadena,1,1,2019-08-30,2019-08-30
Joshua Tree Lake RV & Campground,bd39dae,Joshua Tree,1,1,2022-10-07,2022-10-07
Idle Hour,63d2f2cf,Los Angeles,1,1,2019-11-10,2019-11-10
Los Angeles Marriott Burbank Airport,2bd37c8e,Burbank,1,1,2022-10-15,2022-10-15
The Tartan Room,1bd33dd8,Orange,1,1,2019-12-28,2019-12-28
Dying Breed Brewing,53d01b11,Oakdale,1,1,2022-11-12,2022-11-12
Borderline Bar & Grill,4bd40f1a,Thousand Oaks,1,1,2018-10-26,2018-10-26
The Saloon,73d71215,San Francisco,1,1,2022-09-04,2022-09-04
Mayflower Club,1bd135a8,Los Angeles,1,1,2018-11-30,2018-11-30
Cathedral City Community Amphitheater,1bd04908,Cathedral City,1,1,2022-11-18,2022-11-18
Church of the 8th Day,43d0375f,Los Angeles,1,1,2018-12-23,2018-12-23
High Water Brewing Inc.,7bd0d6a0,Lodi,1,1,2021-12-11,2021-12-11
The Lamb Wedding,33d27c01,Chico,1,1,2018-10-06,2018-10-06
The Elysian,53d0d3c9,Los Angeles,1,1,2021-12-18,2021-12-18
Camarillo Air Show,1bd1fd8c,Camarillo,1,1,2018-08-18,2018-08-18
Chabot Space and Science Center,bd43d6e,Oakland,1,1,2022-09-02,2022-09-02
Four Seasons Hotel,43d42ba7,Beverly Hills,1,1,2018-10-29,2018-10-29
The Baltic Kiss,4bd1e7f2,Richmond,1,1,2022-09-16,2022-09-16
Suzuran Bar & Grill,23d3e883,Gardena,1,1,2018-10-11,2018-10-11
Treasure Island,4bd6db1a,San Francisco,1,1,2022-10-15,2022-10-15
Calimucho Screen Printing,3bd25cfc,San Pedro,1,1,2018-12-07,2018-12-07
UC Santa Barbara Events Center,bd171aa,University of California Santa Barbara Campus,1,1,2022-10-15,2022-10-15
Harold J. Miossi CPAC at Cuesta College,43d18faf,San Luis Obispo,1,1,2018-11-04,2018-11-04
United Irish Cultural Center,3bd5fcec,San Francisco,1,1,2021-12-04,2021-12-04
Parducci Wine Cellars,73d2beb1,Ukiah,1,1,2018-08-04,2018-08-04
Nile Cafe,3d0d17f,Fremont,1,1,2021-12-12,2021-12-12
"",73d25e7d,Menlo Park,1,1,2018-12-20,2018-12-20
Townhouse Cocktail Lounge,63d0fa6f,Vallejo,1,1,2021-12-17,2021-12-17
The Hub,23d5c4a7,Colton,1,1,2018-09-09,2018-09-09
Juicefest,53df8b99,Los Angeles,1,1,2020-02-22,2020-02-22
Nuart Theatre,33d4f031,Los Angeles,1,1,2018-09-28,2018-09-28
Pipa Event Center,73d33a29,Winterhaven,1,1,2020-01-17,2020-01-17
Downtown Ale House,43d16b4b,Red Bluff,1,1,2018-09-23,2018-09-23
Pauley Ballroom,73d74ee9,Berkeley,1,1,2020-02-07,2020-02-07
"",3bd294a0,Martinez,1,1,2018-12-18,2018-12-18
"Ruth B. Shannon Center for the Performing Arts, Whittier College",3bd33018,Whittier,1,1,2020-02-01,2020-02-01
O'Malley's Sports Pub,13d20dfd,Mountain View,1,1,2018-09-08,2018-09-08
All That,23d0d033,Los Angeles,1,1,2020-12-17,2020-12-17
Thrillhouse Records,43d25feb,San Francisco,1,1,2018-12-16,2018-12-16
Villa Bonsall,63d31e7f,Bonsall,1,1,2020-03-20,2020-03-20
Grand Avenue,33de28a1,Los Angeles,1,1,2018-09-30,2018-09-30
Anderson Valley Grange,63d3be0b,Boonville,1,1,2020-03-06,2020-03-06
Santa Cruz Mountain Brewery,33d2043d,Santa Cruz,1,1,2018-09-28,2018-09-28
Iron Oaks Winery,73d0e2bd,Paso Robles,1,1,2020-01-26,2020-01-26
Vince's Voracious Venue,23d208c3,Chico,1,1,2018-09-15,2018-09-15
Spot X Studio,3bd36c94,San Diego,1,1,2020-07-22,2020-07-22
"Bret Harte Hall, Roaring Camp Railroads",5bd463c0,Felton,1,1,2018-12-09,2018-12-09
RNB RADAR,43d04f1b,Los Angeles,1,1,2020-03-01,2020-03-01
Rod & Hammer Rock,23d10c2f,San Luis Obispo,1,1,2018-11-13,2018-11-13
The Museum of Art and History,5bdeef38,Lancaster,1,1,2020-04-25,2020-04-25
Spicy Vines Winery,23d260cf,Healdsburg,1,1,2018-12-08,2018-12-08
Private Venue,2bd054c6,San Ramon,1,1,2020-03-18,2020-03-18
Vans HQ,43d237d3,Costa Mesa,1,1,2018-10-10,2018-10-10
Nathaniel Bohemian's,1bdf89ec,Eagle Rock,1,1,2019-08-24,2019-08-24
Arena Ultra Lounge,33d1b4bd,Los Angeles,1,1,2018-08-27,2018-08-27
Eureka Theater,53d64b01,Eureka,1,1,2019-11-23,2019-11-23
Papermill Creek Saloon,4bd0c756,Forest Knolls,1,1,2022-12-11,2022-12-11
Sun City Lincoln Hills Amphitheater,4bd39f42,Lincoln,1,1,2019-09-20,2019-09-20
Minnow Arts,23d068eb,Santa Cruz,1,1,2022-09-02,2022-09-02
American Legion Hall,5bd02fac,Lancaster,1,1,2019-08-31,2019-08-31
Arion Press,33deac25,San Francisco,1,1,2022-11-06,2022-11-06
Willits Community Center,2bd204ca,Willits,1,1,2019-11-24,2019-11-24
Stirring Coffeehouse,13de59ad,Redding,1,1,2022-11-20,2022-11-20
Los Angeles Theater,1bd129a0,Los Angeles,1,1,2019-11-23,2019-11-23
Newport Civic Center,73d1ba71,Newport Beach,1,1,2022-09-18,2022-09-18
The Saddle Rack,3bd784c4,Fremont,1,1,2019-08-29,2019-08-29
Private Venue,73d05205,Lancaster,1,1,2022-10-28,2022-10-28
Barone's Restaurant,3bd07810,Pleasanton,1,1,2019-09-19,2019-09-19
Silverado Country Club,3bd064f4,Napa,1,1,2022-09-17,2022-09-17
Presidio Theatre,4bd3cfde,San Francisco,1,1,2019-10-18,2019-10-18
Dark Thirty (house concerts),33d06021,Lakeside,1,1,2022-09-25,2022-09-25
The Krush Backyard,53d3eb6d,Santa Rosa,1,1,2019-09-19,2019-09-19
American Legion Hall 206,53d5d3f5,Los Angeles,1,1,2022-11-18,2022-11-18
We are hear records,5bd3db64,Los Angeles,1,1,2019-09-13,2019-09-13
Building 43,73d04241,Alameda,1,1,2022-12-09,2022-12-09
Marin Country Mart,6bd232ae,Larkspur,1,1,2019-12-13,2019-12-13
KQED Studios,43d64fc3,San Francisco,1,1,2022-09-15,2022-09-15
Wind River,5bd12744,Santa Cruz,1,1,2019-11-02,2019-11-02
Hollywood Pantages Theatre,53d1bfb9,Los Angeles,1,1,2022-12-23,2022-12-23
Stone Vintage Music Boutique,2bd1c49a,West Sacramento,1,1,2019-11-30,2019-11-30
Chinatown,63d2fa77,Los Angeles,1,1,2022-10-28,2022-10-28
World Theater,4bd3df52,Seaside,1,1,2019-10-19,2019-10-19
The Inn at Spanish Bay,1bd02d4c,Pebble Beach,1,1,2022-10-16,2022-10-16
The Yountville Boogie,33d328cd,Yountville,1,1,2019-11-16,2019-11-16
The Union,33d0fc55,Oroville,1,1,2022-11-11,2022-11-11
The Chlorophyll Cave,5bd3b3e4,San Luis Obispo,1,1,2018-11-10,2018-11-10
The Crac Brewery,63d0565f,Carson,1,1,2022-10-08,2022-10-08
Beaumont's Eatery,13d069e5,La Jolla,1,1,2021-12-31,2021-12-31
Maranatha Chapel,6bd31256,San Diego,1,1,2022-12-11,2022-12-11
Battleship USS Iowa Museum,3bd394d0,San Pedro,1,1,2018-09-01,2018-09-01
Palos Verdes Performing Arts,33d398a5,Rolling Hills Estates,1,1,2022-12-10,2022-12-10
Canyon Sessions,bd1b982,Los Angeles,1,1,2018-08-11,2018-08-11
1078 Gallery,3d4c52f,Chico,1,1,2019-11-24,2019-11-24
Levi's Plaza,23d2d46b,San Francisco,1,1,2018-09-19,2018-09-19
Fender Offices,bd2c536,Los Angeles,1,1,2019-10-16,2019-10-16
Duffy's Tavern,7bd4f6b8,Chico,1,1,2018-08-11,2018-08-11
Montgomery Theater,7bd5ae4c,San Jose,1,1,2022-10-05,2022-10-05
Liberty Park,53d13f95,Los Angeles,1,1,2018-09-30,2018-09-30
LA Contemporary Archive,4bd1273a,Los Angeles,1,1,2019-11-04,2019-11-04
School Night!,3bd47c84,Los Angeles,1,1,2018-10-15,2018-10-15
"",6bd736fa,Arcata,1,1,2019-10-14,2019-10-14
The Blue Beet,7bd21274,Newport Beach,1,1,2018-08-16,2018-08-16
Halftime Bar and Grill,5bd4fbd8,Rocklin,1,1,2020-01-18,2020-01-18
Trencher,13df89e9,Los Angeles,1,1,2018-08-19,2018-08-19
"",1bd43d94,Redding,1,1,2020-06-12,2020-06-12
El Faces Nightclub,33d4f4a5,Sacramento,1,1,2018-09-02,2018-09-02
TRUTH Nightclub,43d0cf8b,El Centro,1,1,2019-10-26,2019-10-26
Regal Inn,13d4f9cd,Lakewood,1,1,2018-09-14,2018-09-14
Pearl Hour,1bd33114,Monterey,1,1,2020-01-18,2020-01-18
Rescue Brewing Company,2bd3e086,Upland,1,1,2018-12-07,2018-12-07
Beats 1 Radio,33d3e871,Los Angeles,1,1,2019-09-15,2019-09-15
California Academy of Sciences,73d7f2c9,San Francisco,1,1,2018-10-11,2018-10-11
The Red Room,2bd3c0ae,Santa Cruz,1,1,2019-10-09,2019-10-09
La Cave,bd32d6a,Madera,1,1,2018-10-19,2018-10-19
"",6bd29a62,Joshua Tree,1,1,2020-11-18,2020-11-18
White Horse Bar,73d2cab9,Oakland,1,1,2018-10-27,2018-10-27
First Assembly of God,33d56c11,Victorville,1,1,2020-01-12,2020-01-12
Studio 106,13d3f515,Los Angeles,1,1,2018-10-12,2018-10-12
"Sticky Rice, Echo Park",1bd3d1a4,Los Angeles,1,1,2019-08-15,2019-08-15
Rossmoor Event Center,1bd39550,Walnut Creek,1,1,2018-12-23,2018-12-23
Parrasch Heijnen Gallery,7bd32e44,Los Angeles,1,1,2020-02-15,2020-02-15
The Record Parlour,1bd44d2c,Los Angeles,1,1,2018-08-15,2018-08-15
District Recorders,bd35d0e,San Jose,1,1,2020-07-25,2020-07-25
San Francisco Public Library,63d3dabf,San Francisco,1,1,2018-10-20,2018-10-20
El Campanil Theatre,53d33f11,Antioch,1,1,2019-12-15,2019-12-15
Vista Valencia Golf Course,1bd2698c,Santa Clarita,1,1,2018-11-10,2018-11-10
Gold Pacific Studios,43d1df33,Newport Beach,1,1,2020-11-11,2020-11-11
Buffalo Club,3bd278b8,Los Angeles,1,1,2018-10-17,2018-10-17
Tower Bridge,6bd3464a,Sacramento,1,1,2020-12-19,2020-12-19
Wild 'n Out,bd52166,Los Angeles,1,1,2019-08-18,2019-08-18
Gothard Sound Studios,73d11a95,Huntington Beach,1,1,2020-12-09,2020-12-09
Burger Records,3d3f5cb,Fullerton,1,1,2019-08-16,2019-08-16
Brisbane Community Park,53d3fb69,Brisbane,1,1,2019-08-17,2019-08-17
Hyatt Regency La Jolla,3bd270dc,San Diego,1,1,2018-11-02,2018-11-02
The Yard Theatre,53d0d329,Los Angeles,1,1,2021-12-18,2021-12-18
Brewyard Beer Company,33d27075,Glendale,1,1,2018-11-02,2018-11-02
st marks lutheran church,73d09ab1,San Francisco,1,1,2020-12-06,2020-12-06
San Ramon Marriott,43d33f17,San Ramon,1,1,2019-11-01,2019-11-01
Private Venue,5bd3531c,Carmel-by-the-Sea,1,1,2020-10-03,2020-10-03
Esports Arena,13d3f575,Santa Ana,1,1,2018-08-25,2018-08-25
The Tubes,73d06a01,Oakland,1,1,2020-03-14,2020-03-14
Downtown Millbrae,4bd1bfda,Millbrae,1,1,2018-09-02,2018-09-02
Rock City Studios,53dfa795,Camarillo,1,1,2020-02-08,2020-02-08
Sevilla Nightclub,73d47215,San Diego,1,1,2018-09-06,2018-09-06
Salesforce Park,3bd3ec70,San Francisco,1,1,2019-09-11,2019-09-11
Joan and Sanford I. Weill Hall,1bd765c4,Rohnert Park,1,1,2018-11-11,2018-11-11
Moment House,2bd0e042,Los Angeles,1,1,2021-11-29,2021-11-29
Blackwater Cafe,43d37343,Stockton,1,1,2019-09-17,2019-09-17
Black Knight Lounge,2bd35482,Costa Mesa,1,1,2020-10-03,2020-10-03
Hermosa Beach Municipal Pier,3bd3a0bc,Hermosa Beach,1,1,2018-08-19,2018-08-19
Regime Contemporary Gallery,4bd3df7a,Los Angeles,1,1,2019-10-17,2019-10-17
Lucky Strike,1bd5bd68,Los Angeles,1,1,2019-10-31,2019-10-31
Roscoe's Seabird Jazz Lounge,33d520e1,Long Beach,1,1,2020-06-19,2020-06-19
A Foreigner Operation,7bd34214,Los Angeles,1,1,2018-11-10,2018-11-10
Saint Joseph's Church,53d3d795,San Francisco,1,1,2019-11-01,2019-11-01
Andrews Hall,33d43459,Sonoma,1,1,2018-12-13,2018-12-13
Kingsburg High School Little Theater,3bd32020,Kingsburg,1,1,2020-03-07,2020-03-07
"",13d4191d,San Rafael,1,1,2018-08-18,2018-08-18
Natural History Museum of Los Angeles,3d6d943,Los Angeles,1,1,2020-03-07,2020-03-07
Private Venue,4bd1f3de,Petaluma,1,1,2018-10-27,2018-10-27
Dream Inn,23d314af,Santa Cruz,1,1,2020-10-31,2020-10-31
Shapeshifters Cinema,3bd35080,Oakland,1,1,2019-12-06,2019-12-06
Town Hall,bd00552,Quincy,1,1,2021-12-05,2021-12-05
Pier 30/32,43d63f73,San Francisco,1,1,2018-08-18,2018-08-18
Ebullition Brew Works and Live Music,43d0cb3b,San Diego,1,1,2021-12-18,2021-12-18
Armstrong Redwoods Forest Theater,1bd209f0,Guerneville,1,1,2018-09-16,2018-09-16
UnCabaret,33de4c15,Los Angeles,1,1,2019-09-08,2019-09-08
San Buenaventura State Beach,7bd392dc,Ventura,1,1,2019-09-21,2019-09-21
Molloy's Tavern,13d03555,Colma,1,1,2021-12-30,2021-12-30
"Salt Creek Beach Tent, Ritz Carlton",53d4eb9d,Laguna Niguel,1,1,2018-08-16,2018-08-16
Five Window Beer Company,6bd0d6a2,Lodi,1,1,2021-12-10,2021-12-10
Omnia Nightclub,bd5a15e,San Diego,1,1,2019-09-01,2019-09-01
Mission Bay Park,63d0f2f7,San Diego,1,1,2022-09-24,2022-09-24
Los Angeles Biergarten,7bd20e44,Los Angeles,1,1,2018-09-14,2018-09-14
Book Passage,3d255bf,Corte Madera,1,1,2022-10-17,2022-10-17
Al Taproom,2bd2049e,Oakland,1,1,2018-08-24,2018-08-24
Seven Bar & Kitchen,5bd3efe4,Santa Barbara,1,1,2019-09-11,2019-09-11
Warner Center Marriott,53d0efe9,Los Angeles,1,1,2019-10-12,2019-10-12
Drop84,7bd052d8,Berkeley,1,1,2022-09-12,2022-09-12
SIR Rehearsal Studios,6bd2f612,Los Angeles,1,1,2019-09-26,2019-09-26
Dizzy's,1bd50184,San Diego,1,1,2019-08-18,2019-08-18
Ricardo Montalban Theatre,1bd7fdd8,Los Angeles,1,1,2022-11-08,2022-11-08
The Chapel,5bd01b14,Irvine,1,1,2020-02-05,2020-02-05
Anderson River Park,2bd234fe,Anderson,1,1,2019-09-14,2019-09-14
Outer Sunset Farmers Market & Mercantile,43d0b36b,San Francisco,1,1,2022-09-17,2022-09-17
Historic Downtown Truckee,6bd0e2ba,Truckee,1,1,2019-08-15,2019-08-15
The Golden Squirrel,43d17bc7,Oakland,1,1,2022-09-10,2022-09-10
Private Venue,43d3634b,Santa Cruz,1,1,2022-11-06,2022-11-06
The Marjorie Luke Theatre,43d50b8b,Santa Barbara,1,1,2022-12-08,2022-12-08
The Hollywood Comedy,63d04e87,Los Angeles,1,1,2022-10-01,2022-10-01
Bram Goldsmith Theater,53d47b0d,Beverly Hills,1,1,2019-09-21,2019-09-21
Chico Watanabe House of Mouse,73d3d66d,Chico,1,1,2019-10-19,2019-10-19
Sunny Hill House,3bd10c20,Petaluma,1,1,2022-11-10,2022-11-10
Kern County Fairgrounds,5bd70b80,Bakersfield,1,1,2022-09-29,2022-09-29
The Gardens on El Paseo,6bd212f2,Palm Desert,1,1,2022-12-30,2022-12-30
Beckman Auditorium,4bd39bf6,Pasadena,1,1,2022-10-29,2022-10-29
"",4bd1af06,Angwin,1,1,2022-09-10,2022-09-10
Sagebrush Cantina,bd095b6,Calabasas,1,1,2022-10-08,2022-10-08
The Whiskey Tip,33dee8bd,Santa Rosa,1,1,2022-10-01,2022-10-01
Pine Street Bar,43d39f37,Livermore,1,1,2018-08-18,2018-08-18
Central Park at Mill Creek,53d073b1,Bakersfield,1,1,2022-08-25,2022-08-25
Cascade Room Event Hall,4bd39f8e,McCloud,1,1,2018-10-04,2018-10-04
Stone Junction,63d0164f,Garberville,1,1,2022-08-24,2022-08-24
"",1bd7553c,Santa Rosa,1,1,2022-09-02,2022-09-02
The Atomic Garden,4bd357ba,Oakland,1,1,2020-08-13,2020-08-13
The Conrad,53d01b1d,La Jolla,1,1,2022-10-22,2022-10-22
American Idol,3d60df3,Los Angeles,1,1,2020-05-17,2020-05-17
"",1bd2a148,Fairfax,1,1,2019-09-13,2019-09-13
David Henry Hwang Theater,63ded6d7,Los Angeles,1,1,2020-01-26,2020-01-26
The Wicked Shamrock,2bd0e4fe,Lompoc,1,1,2022-11-25,2022-11-25
House Show,7bd1769c,Santa Cruz,1,1,2022-10-08,2022-10-08
Hatch Workshop,3bd1f474,Stockton,1,1,2022-10-22,2022-10-22
"Indian Wells Theatre, CSUSB Csmpus",63d3d6cf,Palm Springs,1,1,2019-10-05,2019-10-05
The Pub,6bd24e7a,Ukiah,1,1,2019-10-08,2019-10-08
"1493 Egbert Avenue, Bayview Hunters Point",53d3df61,San Francisco,1,1,2018-10-20,2018-10-20
"",43d657c3,Pasadena,1,1,2019-10-12,2019-10-12
Tio Leo's Mexican Restaurant,33d46099,San Diego,1,1,2020-01-31,2020-01-31
Tap & Vine,7bde2e44,Auburn,1,1,2022-09-03,2022-09-03
Downtown Riverside Stage,63d51ac7,Riverside,1,1,2019-10-26,2019-10-26
Kalabash School of Music and the Arts,63d3d263,La Jolla,1,1,2022-09-22,2022-09-22
Redrum Studio,73d316f1,Los Angeles,1,1,2020-04-08,2020-04-08
Capital Christian Center,53d7fbb5,Sacramento,1,1,2022-12-08,2022-12-08
Jared Leto's house,13d2091d,Los Angeles,1,1,2018-09-17,2018-09-17
California Botanic Garden,53d04fa9,Claremont,1,1,2022-11-13,2022-11-13
Tribal Cafe,13d779e9,Los Angeles,1,1,2020-03-20,2020-03-20
Hoopa Valley High School,13d05945,Hoopa,1,1,2022-10-12,2022-10-12
His House,63d55613,Los Angeles,1,1,2020-04-29,2020-04-29
BL Dancehall and Saloon,3d03d1b,Agoura Hills,1,1,2022-08-26,2022-08-26
The Other Place,7bd5bef0,Modesto,1,1,2018-12-08,2018-12-08
The Stone House,7bd25a14,Nevada City,1,1,2022-10-14,2022-10-14
Wave Rave,43d02fab,Mammoth Lakes,1,1,2020-02-11,2020-02-11
Abbott Square,63d1f2bb,Santa Cruz,1,1,2022-12-04,2022-12-04
Bar Pink,53d61ba9,San Diego,1,1,2018-09-14,2018-09-14
Dublab,3bd4d4a4,Los Angeles,1,1,2022-12-19,2022-12-19
Triple Rock Brewery,33d27015,Berkeley,1,1,2018-11-06,2018-11-06
Irvine Bowl Park,73d29ad9,Laguna Beach,1,1,2018-12-08,2018-12-08
Private Venue,2bd3a4fa,Chula Vista,1,1,2020-05-24,2020-05-24
Blue Owl,1bd061b0,Santa Barbara,1,1,2022-09-18,2022-09-18
Hong Kong Inn,33d35899,Ventura,1,1,2020-02-21,2020-02-21
South Central Farm,43d32797,Los Angeles,1,1,2022-11-27,2022-11-27
Lucille's Smokehouse Bar-B-Que,33d358a9,Long Beach,1,1,2018-12-08,2018-12-08
Private Venue,63ded29f,Buena Park,1,1,2019-10-09,2019-10-09
Rafters Restaurant & Lounge,43d39fe7,Mammoth Lakes,1,1,2018-11-08,2018-11-08
Santa Lucia Preserve,53dfabbd,Carmel-by-the-Sea,1,1,2022-09-10,2022-09-10
The Game Awards 2018,13de094d,Los Angeles,1,1,2018-12-06,2018-12-06
The Escondite,3d4d557,Los Angeles,1,1,2018-09-21,2018-09-21
Spancky's Bar,1bd4e53c,Cotati,1,1,2018-10-13,2018-10-13
Private Venue,33d0e0c9,Rancho Santa Fe,1,1,2022-08-26,2022-08-26
33rd Street Stage,13d4b595,San Diego,1,1,2018-09-29,2018-09-29
PianoFight,33d2bc0d,San Francisco,1,1,2019-08-22,2019-08-22
Hertz Hall,63d4c667,Berkeley,1,1,2020-01-31,2020-01-31
The Last Call,6bd07e82,Los Angeles,1,1,2022-10-07,2022-10-07
Del Mar Town Hall,73d32ecd,Del Mar,1,1,2020-02-13,2020-02-13
Orpheum Theatre,1bd6c9c4,San Francisco,1,1,2022-11-12,2022-11-12
Union Jewel,43d263e3,Los Angeles,1,1,2018-11-16,2018-11-16
The Grange,1bd3f16c,Orangevale,1,1,2019-08-16,2019-08-16
Adelphia Studios,23d2c8ef,East Los Angeles,1,1,2020-12-26,2020-12-26
St. Charles Borromeo Church,1bd1b900,Los Angeles,1,1,2022-12-23,2022-12-23
969 Market,73df9ea1,San Francisco,1,1,2018-09-29,2018-09-29
Yolo Nightclub,33d1eca1,San Francisco,1,1,2022-11-25,2022-11-25
"",7bd35eac,Garden Grove,1,1,2022-10-28,2022-10-28
Greater Emmanuel Temple Church,13d3c5f9,Lynwood,1,1,2019-12-01,2019-12-01
Guitar Center,23d20cff,San Diego,1,1,2018-09-13,2018-09-13
Surf Ranch,6bd3ea2a,Lemoore,1,1,2019-09-21,2019-09-21
Sculpterra Winery,53d20715,Paso Robles,1,1,2018-12-16,2018-12-16
Onassis LA,43d037af,Los Angeles,1,1,2020-03-07,2020-03-07
"",7bd35618,Avalon,1,1,2020-10-07,2020-10-07
Mixone Sound Productions,3bd344e0,Orange County,1,1,2020-12-12,2020-12-12
The Standing Room,1bd5d1f8,Hermosa Beach,1,1,2018-11-21,2018-11-21
The Yard,13d331d9,Los Angeles,1,1,2020-01-25,2020-01-25
"",6bd28a76,Yuba City,1,1,2020-11-17,2020-11-17
NRG Castle,3d13d5b,Los Angeles,1,1,2021-12-03,2021-12-03
Russian River Brewing Company,2bd014f6,Santa Rosa,1,1,2020-01-11,2020-01-11
Grace Banquet Hall,bdfa182,San Jose,1,1,2020-01-19,2020-01-19
A Studio City Parking Lot,23d0b4fb,Los Angeles,1,1,2020-05-20,2020-05-20
Lighthouse Restaurant & Bar,43d06be7,Canyon Lake,1,1,2022-08-27,2022-08-27
Tamarack,7bd056d8,Oakland,1,1,2020-01-31,2020-01-31
Buck Wild Brewing,1bd08594,Oakland,1,1,2021-12-17,2021-12-17
The Barn 2.0,5bdf8b58,Kelseyville,1,1,2018-12-01,2018-12-01
Private Venue,13d351e5,Morgan Hill,1,1,2020-10-22,2020-10-22
Awaken Cafe,3bd46840,Oakland,1,1,2018-11-02,2018-11-02
The Greenway Amphitheatre,73d04e8d,Los Angeles,1,1,2022-11-13,2022-11-13
104.3 MYfm,4bd24766,Los Angeles,1,1,2018-08-21,2018-08-21
El Dorado Saloon & Grill,33dfb85d,El Dorado Hills,1,1,2020-03-14,2020-03-14
The New Vic Theater,43d07b5f,Santa Barbara,1,1,2020-08-29,2020-08-29
Ocean Institute,33d35c55,Dana Point,1,1,2020-09-12,2020-09-12
Marriott Rancho Las Palmas Resort,63d0caa7,Rancho Mirage,1,1,2019-10-28,2019-10-28
Two Harbors Beach,bd355ea,Santa Catalina Island,1,1,2020-10-08,2020-10-08
Strangers,53d5af51,El Centro,1,1,2019-12-30,2019-12-30
906 World Cultural Center,13d36945,San Francisco,1,1,2020-01-16,2020-01-16
Geyser Peak Winery,6bd29e02,Healdsburg,1,1,2019-08-17,2019-08-17
Rust Rehearsal Space,6bd356b6,San Francisco,1,1,2020-09-30,2020-09-30
The Bates Oasis,3bd3e830,Chico,1,1,2019-09-14,2019-09-14
Fitzgeralds,53d49331,Huntington Beach,1,1,2020-02-21,2020-02-21
The Fret House,3bd3b8e4,Covina,1,1,2019-08-23,2019-08-23
Mxxnshine Records,2bd1a002,Whittier,1,1,2020-11-08,2020-11-08
Upright Citizen,4bd1a75a,Chula Vista,1,1,2019-11-11,2019-11-11
Grand Annex,53d2fb9d,San Pedro,1,1,2020-04-18,2020-04-18
Mendocino Environmental Center,13d3ddd5,Ukiah,1,1,2019-10-12,2019-10-12
Old Town Temecula Community Theater,43d327d3,Temecula,1,1,2020-02-28,2020-02-28
Jewish Community Center of San Francisco,7bd45efc,San Francisco,1,1,2019-11-12,2019-11-12
Private Venue,2bdf8476,Landers,1,1,2020-10-24,2020-10-24
Geary Theater,2bd13806,San Francisco,1,1,2019-12-31,2019-12-31
USC Surf Haus,43d013f3,Los Angeles,1,1,2020-02-21,2020-02-21
First Baptist Church,23d55cbf,Merced,1,1,2020-03-05,2020-03-05
Private Venue,13d36141,Big Bear Lake,1,1,2020-08-12,2020-08-12
Edgemar Center for the Arts,3bd334bc,Santa Monica,1,1,2020-01-18,2020-01-18
1441,13d02d95,Burbank,1,1,2020-03-07,2020-03-07
Forli Restaurant,6bd186f2,Alamo,1,1,2022-09-08,2022-09-08
The Saucepot,43d15b83,San Luis Obispo,1,1,2020-11-21,2020-11-21
Creekside Christian Church,33d32021,Elk Grove,1,1,2020-03-06,2020-03-06
International Agri-Center,23d390ab,Tulare,1,1,2020-11-14,2020-11-14
Fairfax Theater,bd3a15a,Los Angeles,1,1,2020-02-06,2020-02-06
Hully Gully,53d5efc5,Downey,1,1,2019-10-11,2019-10-11
Tri-School Theatre,33d3a4bd,Anaheim,1,1,2020-01-18,2020-01-18
"Studio A, Capitol Records",6bd55eaa,Los Angeles,1,1,2020-04-17,2020-04-17
Gold Lion Arts,53d5b725,Sacramento,1,1,2020-02-07,2020-02-07
Four Fools Winery,23d15cdb,Rodeo Marina,1,1,2019-08-17,2019-08-17
UCLA Radio,6bd3ae6e,Los Angeles,1,1,2019-10-11,2019-10-11
Busby's East,53d46b99,Los Angeles,1,1,2019-11-15,2019-11-15
Deli-Licious,2bd15c82,Huntington Beach,1,1,2019-11-08,2019-11-08
Summerset IV,4bd3d3c2,Brentwood,1,1,2019-11-10,2019-11-10
Village Theatre & Art Gallery,43d3a7c3,Danville,1,1,2019-09-29,2019-09-29
Barmageddon,3d339af,Tulare,1,1,2019-12-14,2019-12-14
Feinstein's at Vitello's,1bd3c1e8,Los Angeles,1,1,2019-12-19,2019-12-19
The Tip Top Club and Bar,3d3a57b,Eureka,1,1,2019-08-16,2019-08-16
Pauma Pavilion,5bd39b34,Pauma Valley,1,1,2020-02-22,2020-02-22
