wikidata_id,venue_name,city_name,state_code,capacity,description,capacity_source
Q784899,Auto Club Speedway,California,CA,122000,motorsport track in the United States,wikidata_sparql
Q582280,Rose Bowl,Pasadena,CA,92542,"football stadium in Pasadena, California, United States",wikidata_sparql
Q849784,Los Angeles Memorial Coliseum,California,CA,77500,"stadium in Los Angeles, California, USA",wikidata_sparql
Q6682340,Los Angeles Stadium,California,CA,75000,,wikidata_sparql
Q15217385,Farmers Field,Los Angeles,CA,72000,,wikidata_sparql
Q956072,San Diego Stadium,San Diego,CA,70561,"former stadium in San Diego, California",wikidata_sparql
Q19520501,SoFi Stadium,Inglewood,CA,70240,"stadium in Inglewood, California",wikidata_sparql
Q1033076,Candlestick Park,San Francisco,CA,69732,"former stadium in San Francisco, California",wikidata_sparql
Q7419343,Levi's Stadium,California,CA,68500,"American football stadium in Santa Clara, California, USA",wikidata_sparql
Q1147732,Oakland Coliseum,Oakland,CA,63122,"baseball stadium in Oakland, California, United States",wikidata_sparql
Q1026837,California Memorial Stadium,California,CA,62467,"stadium located on the campus of the University of California in Berkeley, California, United States",wikidata_sparql
Q4263361,Kezar Stadium,San Francisco,CA,59942,outdoor athletic stadium in San Francisco,wikidata_sparql
Q14683691,Polo Fields,San Francisco,CA,57000,"multi-purpose stadium in Golden Gate Park, San Francisco",wikidata_sparql
Q247420,Dodger Stadium,Los Angeles,CA,56000,"Baseball park in Los Angeles, US",wikidata_sparql
Q692470,Stanford Stadium,Stanford,CA,50424,"American college football stadium in Stanford, California, USA",wikidata_sparql
Q531897,Angel Stadium of Anaheim,Anaheim,CA,43250,"baseball stadium in Anaheim, California, U.S.",wikidata_sparql
Q1194586,Petco Park,Downtown San Diego,CA,42302,"stadium in San Diego, California",wikidata_sparql
Q298585,Oracle Park,San Francisco,CA,41915,"baseball stadium in San Francisco, California, USA",wikidata_sparql
Q583581,Valley Children's Stadium,Fresno,CA,41031,"outdoor football stadium in Fresno, California, USA",wikidata_sparql
Q1147732,Oakland Coliseum,Oakland,CA,35067,"baseball stadium in Oakland, California, United States",wikidata_sparql
Q39728961,Oakland Ballpark,San Jose,CA,34000,"proposed baseball stadium in Oakland, California",wikidata_sparql
Q39728961,Oakland Ballpark,Oakland,CA,34000,"proposed baseball stadium in Oakland, California",wikidata_sparql
Q39728961,Oakland Ballpark,San Jose,CA,32000,"proposed baseball stadium in Oakland, California",wikidata_sparql
Q39728961,Oakland Ballpark,Oakland,CA,32000,"proposed baseball stadium in Oakland, California",wikidata_sparql
Q200684,Dignity Health Sports Park,Carson,CA,30510,"multiple-use sports complex in Carson, California, USA",wikidata_sparql
Q2165358,CEFCU Stadium,San Jose,CA,30456,stadium at San Jose State University,wikidata_sparql
Q6588440,Stagg Memorial Stadium,Stockton,CA,28000,"demolished stadium in California, USA",wikidata_sparql
Q7501435,Shoreline Amphitheatre,Mountain View,CA,22500,"concert venue in Mountain View, California, United States of America",wikidata_sparql
Q5490535,Frank Youell Field,California,CA,22000,"former football stadium in Oakland, California",wikidata_sparql
Q22096111,BMO Stadium,California,CA,22000,"soccer stadium in Los Angeles, California, USA",wikidata_sparql
Q3297716,Wrigley Field,Los Angeles,CA,22000,"former baseball stadium in Los Angeles, California",wikidata_sparql
Q9004779,Hornet Stadium,Sacramento,CA,21195,californian stadium,wikidata_sparql
Q7539726,North Island Credit Union Amphitheatre,Chula Vista,CA,20500,"concert venue in Chula Vista, California, United States of America",wikidata_sparql
Q2555922,Weingart Stadium,California,CA,20355,"stadium in Monterey Park, California",wikidata_sparql
Q5076000,Charles C. Hughes Stadium,California,CA,20311,"stadium in Sacramento, California",wikidata_sparql
Q6815511,Memorial Stadium,Bakersfield,CA,20000,stadium in Bakersfield,wikidata_sparql
Q5020490,California Field,Berkeley,CA,20000,"College football stadium in Berkeley, California",wikidata_sparql
Q1139021,Oakland Arena,Oakland,CA,19596,"architectural structure in Oakland, California, USA",wikidata_sparql
Q261863,SAP Center,San Jose,CA,19190,"arena in San Jose, California, United States",wikidata_sparql
Q186080,Crypto.com Arena,Los Angeles,CA,19060,"multi-purpose arena in Los Angeles, California, United States",wikidata_sparql
Q7011384,Golden 1 Center,Sacramento,CA,18500,"an indoor arena, located in downtown Sacramento, California",wikidata_sparql
Q15262098,Chase Center,San Francisco,CA,18000,"indoor arena in San Francisco, California, USA",wikidata_sparql
Q3046470,PayPal Park,San Jose,CA,18000,"soccer-specific stadium in San Jose, California, USA",wikidata_sparql
Q976218,Hollywood Bowl,Los Angeles,CA,17500,"open-air theatre in Hollywood, Los Angeles, California, USA",wikidata_sparql
Q639129,Kia Forum,Inglewood,CA,17500,"multi-purpose indoor arena in Inglewood, California, United States",wikidata_sparql
Q774138,Honda Center,Anaheim,CA,17174,"multi-purpose indoor arena in Anaheim, California, USA",wikidata_sparql
Q7404661,Salinas Sports Complex,California,CA,17000,"sporting complex in California, US",wikidata_sparql
Q5655918,Harder Stadium,Santa Barbara County,CA,17000,"stadium in Santa Barbara, California, US",wikidata_sparql
Q93831,ARCO Arena,Sacramento,CA,16517,indoor arena in Sacramento,wikidata_sparql
Q1571403,Los Angeles Memorial Sports Arena,Los Angeles,CA,16161,"former indoor arena in Los Angeles, California, US",wikidata_sparql
Q1427761,Indian Wells Tennis Garden,Indian Wells,CA,16100,"tennis venue in Indian Wells, California, USA",wikidata_sparql
Q3843529,Q3843529,Indian Wells,CA,16100,,wikidata_sparql
Q7440659,Seals Stadium,San Francisco,CA,16000,minor league baseball stadium in San Francisco (1931–1959),wikidata_sparql
Q3474506,Save Mart Center,Fresno,CA,15544,"arena in California, United States",wikidata_sparql
Q4850213,Balboa Stadium,California,CA,15000,"American multi-sport stadium in San Deigo, California",wikidata_sparql
Q7598744,Stanford Field,Stanford,CA,15000,defunct American college football stadium,wikidata_sparql
Q1757660,Long Beach Convention and Entertainment Center,California,CA,13500,"convention center in Long Beach, California, United States",wikidata_sparql
Q7295518,Ratcliffe Stadium,Fresno,CA,13000,athletic venue,wikidata_sparql
Q5562526,Gilmore Field,Beverly Boulevard,CA,12987,"minor league baseball park in Los Angeles, California",wikidata_sparql
Q604015,Cow Palace,San Francisco,CA,12953,"indoor arena located in Daly City, California, USA",wikidata_sparql
Q1126193,Pauley Pavilion,California,CA,12829,"sporting arena on the University of California, Los Angeles campus",wikidata_sparql
Q2967628,Chukchansi Park,Fresno,CA,12500,"baseball stadium in Fresno, California; home of the Fresno Grizzlies",wikidata_sparql
Q3557958,Viejas Arena,San Diego,CA,12414,home venue of San Diego State Aztecs men's and women's basketball teams,wikidata_sparql
Q2597464,Murdock Stadium,California,CA,12127,"college sports stadium in California, U.S",wikidata_sparql
Q4950514,Bovard Field,Los Angeles,CA,12000,"stadium in Los Angeles, California",wikidata_sparql
Q3106621,Pechanga Arena,San Diego,CA,12000,"arena in San Diego, California, United States",wikidata_sparql
Q115930,Palm Springs Convention Center,Palm Springs,CA,12000,convention center,wikidata_sparql
Q5636556,Haas Pavilion,California,CA,11877,"building in California, United States",wikidata_sparql
Q1142830,Adventist Health Arena,California,CA,11800,"indoor arena in Stockton, California",wikidata_sparql
Q5305623,UCLA Drake Track and Field Stadium,California,CA,11700,"stadium in Los Angeles, USA",wikidata_sparql
Q17182433,Heart Health Park,Sacramento,CA,11569,"association football stadium in Sacramento, California",wikidata_sparql
Q999392,Stevens Stadium,California,CA,11500,"soccer stadium in Santa Clara, California, United States",wikidata_sparql
Q2268406,Selland Arena,Fresno,CA,11300,"multi-purpose arena in Fresno, California",wikidata_sparql
Q3418115,Sutter Health Park,West Sacramento,CA,11093,"U.S. minor league baseball park in West Sacramento, California",wikidata_sparql
Q4717024,Mustang Memorial Field,San Luis Obispo County,CA,11075,"stadium in California, USA",wikidata_sparql
Q2974453,Toyota Arena,Ontario,CA,10832,"arena in Ontario, California, United States",wikidata_sparql
Q4692217,UC Davis Health Stadium,Davis,CA,10743,"stadium at the University of California, Davis",wikidata_sparql
Q7278793,Dignity Health Arena,Bakersfield,CA,10400,"Indoor arena in Bakersfield, California",wikidata_sparql
Q4653610,ARCO Arena I,Sacramento,CA,10333,"temporary indoor arena in Sacramento, California",wikidata_sparql
Q3094568,Galen Center,Los Angeles,CA,10258,"Multi-purpose indoor arena in Los Angeles, California, U.S.",wikidata_sparql
Q6587494,Titan Stadium,California,CA,10000,"soccer stadium in California, US",wikidata_sparql
Q1413312,Los Angeles Tennis Center,Los Angeles,CA,10000,"tennis facility on the University of California, Los Angeles campus",wikidata_sparql
Q114964382,The Rady Shell at Jacobs Park,San Diego,CA,10000,"open-air concert venue in San Diego, California",wikidata_sparql
Q65052659,Acrisure Arena,Palm Springs,CA,10000,"arena in Palm Springs, California",wikidata_sparql
Q2610457,Blyth Arena,Olympic Valley,CA,8500,"Defunct indoor arena in Squaw Valley, California, U.S.",wikidata_sparql
Q671266,Hearst Greek Theatre,Berkeley,CA,8500,"university open-air theatre in Berkeley, California, USA",wikidata_sparql
Q806671,Bank of America Plaza,California,CA,8000,"55-story class-A office skyscraper on Bunker Hill, Los Angeles",wikidata_sparql
Q17182433,Heart Health Park,Sacramento,CA,8000,"association football stadium in Sacramento, California",wikidata_sparql
Q7414791,San Manuel Stadium,San Bernardino,CA,8000,"baseball stadium in California, United States of America",wikidata_sparql
Q6754048,Maples Pavilion,California,CA,7392,"arena in Stanford, California, USA",wikidata_sparql
Q7740065,StubHub center,Carson,CA,7259,tennis center,wikidata_sparql
Q7048038,Q7048038,Los Angeles,CA,7100,"music and theatre venue in downtown Los Angeles, California at L.A. Live",wikidata_sparql
Q4909197,Bill Graham Civic Auditorium,San Francisco,CA,7000,"multi-purpose arena in San Francisco, California, USA",wikidata_sparql
Q1010349,Gibson Amphitheatre,Universal City,CA,6189,"former concert venue located in Los Angeles, California, United States of America",wikidata_sparql
Q4717019,Alex G. Spanos Center,Stockton,CA,6150,Indoor stadium,wikidata_sparql
Q14683022,Lake Elsinore Diamond,Lake Elsinore,CA,6066,stadium in California,wikidata_sparql
Q7756394,University Credit Union Center,Davis,CA,6003,"multi-purpose arena on the campus of the University of California, Davis",wikidata_sparql
Q7825672,Torero Stadium,San Diego,CA,6000,"stadium in San Diego, California, USA",wikidata_sparql
Q5601897,Greek Theatre,Los Angeles,CA,5872,"music venue in Los Angeles, California, United States",wikidata_sparql
Q105771331,UCLA Straus Stadium,Los Angeles,CA,5800,"tennis stadium on the University of California, Los Angeles campus",wikidata_sparql
Q7171851,Pete Beiden Field,Fresno,CA,5757,baseball stadium on CSU Fresno campus,wikidata_sparql
Q4960606,Bren Events Center,Irvine,CA,5608,"multi-purpose hall belonging to the University of California, Irvine in Irvine",wikidata_sparql
Q104586367,Laney College Football Stadium,California,CA,5500,multi-purpose stadium,wikidata_sparql
Q781955,War Memorial Gymnasium,San Francisco,CA,5300,"athletic venue in California, US",wikidata_sparql
Q4856919,Banner Island Ballpark,Stockton,CA,5300,"baseball stadium in Stockton, California",wikidata_sparql
Q6815948,Men's Central Jail,Los Angeles,CA,5276,"county jail for men in Los Angeles, USA",wikidata_sparql
Q6179228,Jenny Craig Pavilion,California,CA,5100,arena at the University of San Diego,wikidata_sparql
Q3565858,Walter Pyramid,California,CA,5000,"arena at California State University, Long Beach",wikidata_sparql
Q7196797,Pioneer Stadium,California,CA,5000,"stadium in California, USA",wikidata_sparql
Q6510695,Leavey Center,California,CA,5000,"building in California, United States",wikidata_sparql
Q58215304,Championship Soccer Stadium,California,CA,5000,"soccer stadium in Irvine, California",wikidata_sparql
Q7290099,Rams Stadium,San Francisco,CA,5000,"American football stadium in San Francisco, CA",wikidata_sparql
Q14681789,Cox Stadium,San Francisco,CA,5000,"stadium in San Francisco, Californaia",wikidata_sparql
Q7602072,Starlight Bowl,Burbank,CA,5000,"open-air theater in Burbank, California, United States",wikidata_sparql
Q7864189,UC Santa Barbara Events Center,Isla Vista,CA,5000,"multipurpose arena belonging to the University of California, Santa Barbara in Isla Vista",wikidata_sparql
Q5416693,Provident Credit Union Event Center,San Jose,CA,4600,"Arena on the campus of San José State in California, United States",wikidata_sparql
Q5647892,Hangar,Lancaster,CA,4600,"stadium in Lancaster, California",wikidata_sparql
Q7419208,Santa Barbara Bowl,Santa Barbara,CA,4562,"music venue in Santa Barbara, California, USA",wikidata_sparql
Q6461990,Omni La Costa Resort & Spa,Carlsbad,CA,4500,"Resort and Spa in Carlsbad, CA",wikidata_sparql
Q1515071,Gersten Pavilion,Los Angeles,CA,4156,multi-purpose arena in the American metropolis of Los Angeles,wikidata_sparql
Q60745838,Torodome,Carson,CA,4100,indoor sports venue on the campus of California State University Dominguez Hills,wikidata_sparql
Q2436828,Titan Gym,California,CA,4000,sports venue in California,wikidata_sparql
Q6398575,Kezar Pavilion,San Francisco,CA,4000,"arena in California, United States",wikidata_sparql
Q6420148,Klein Field at Sunken Diamond,Stanford University,CA,4000,"baseball park in Stanford, California",wikidata_sparql
Q6260793,John Thurman Field,Modesto,CA,4000,"stadium in Modesto, California",wikidata_sparql
Q7894932,"University Soccer Stadium, Chico",Chico,CA,4000,"soccer stadium at California State University, Chico",wikidata_sparql
Q7419851,Santa Rita Jail,Dublin,CA,4000,"county jail in Dublin, Alameda County, California",wikidata_sparql
Q7604017,Heritage Field at Stater Bros. Stadium,Adelanto,CA,3808,"Baseball stadium in Adelanto, California, U.S.",wikidata_sparql
Q5985043,Icardo Center,Bakersfield,CA,3800,"indoor arena in Bakersfield, CA",wikidata_sparql
Q4244839,Hollywood Palladium,Los Angeles,CA,3700,"music and theatre venue in Hollywood, Los Angeles, California, United States",wikidata_sparql
Q7178253,Peterson Gym,San Diego,CA,3668,"multi-purpose arena in San Diego, California, United States",wikidata_sparql
Q4951677,Boxer Stadium,California,CA,3500,"stadium in San Francisco, USA",wikidata_sparql
Q6801857,McKeon Pavilion,California,CA,3500,"building in California, United States",wikidata_sparql
Q7407822,Sam Lynn Ballpark,Bakersfield,CA,3500,Baseball Venue,wikidata_sparql
Q5454405,Fiscalini Field,San Bernardino,CA,3500,"stadium in San Bernardino, California, USA",wikidata_sparql
Q5583673,Goodwin Field,Fullerton,CA,3500,"football stadium at California State University, Fullerton",wikidata_sparql
Q7045580,SF Masonic Auditorium,California,CA,3481,"building and auditorium located atop Nob Hill in San Francisco, California, USA",wikidata_sparql
Q180615,Dolby Theatre,Los Angeles,CA,3332,"live entertainment theatre in Los Angeles, California, United States",wikidata_sparql
Q4924084,Blair Field,Long Beach,CA,3283,"stadium in Long Beach, Califonia",wikidata_sparql
Q7864187,UC Riverside Student Recreation Center,California,CA,3168,"arena in California, US",wikidata_sparql
Q1250287,Dorothy Chandler Pavilion,California,CA,3156,"opera house in Los Angeles, California, part of the Los Angeles Music Center, used by LA Opera",wikidata_sparql
Q4992164,Los Angeles Opera,Los Angeles,CA,3156,"opera company in Los Angeles, California",wikidata_sparql
Q912407,San Quentin Rehabilitation Center,California,CA,3084,California Department of Corrections and Rehabilitation state prison for men,wikidata_sparql
Q912407,San Quentin Rehabilitation Center,Marin County,CA,3084,California Department of Corrections and Rehabilitation state prison for men,wikidata_sparql
Q7703192,Terrace Theater,Long Beach,CA,3051,"theater in Long Beach, California, United States",wikidata_sparql
Q6918621,Mott Gym,California,CA,3032,indoor arena in California Polytechnic State University,wikidata_sparql
Q6987402,Negoesco Stadium,San Francisco,CA,3000,soccer stadium located in San Francisco,wikidata_sparql
Q7822509,Tony Gwynn Stadium,San Diego,CA,3000,"baseball stadium in San Diego, California",wikidata_sparql
Q25005983,San Diego Civic Theatre,San Diego,CA,2967,"theatre in San Diego, California, United States",wikidata_sparql
Q7414465,Excite Ballpark,San Jose,CA,2900,"baseball stadium in San Jose, California, United States",wikidata_sparql
Q5119377,Cicerone Field,Irvine,CA,2900,"baseball stadium at the University of California, Irvine",wikidata_sparql
Q7414441,San Jose Civic,San Jose,CA,2850,"building in California, United States",wikidata_sparql
Q6688842,Louise M. Davies Symphony Hall,San Francisco,CA,2743,"concert hall in San Francisco, United States",wikidata_sparql
Q7414436,San Jose Center for the Performing Arts,San Jose,CA,2677,"theatre in San Jose, California, United States",wikidata_sparql
Q7352101,Robertson Gymnasium,Santa Barbara County,CA,2600,"University of California, Santa Barbara",wikidata_sparql
Q6348452,Kaiser Permanente Arena,Santa Cruz,CA,2505,"indoor sports arena in Santa Cruz, California, USA",wikidata_sparql
Q4771108,Anteater Stadium,California,CA,2500,"stadium in Irvine, California",wikidata_sparql
Q5249746,Dedeaux Field,Los Angeles,CA,2500,college baseball stadium for USC,wikidata_sparql
Q7338611,Riverside Sports Complex,Riverside,CA,2500,"baseball venue in California, US",wikidata_sparql
Q5415905,Evans Diamond,Berkeley,CA,2500,"college baseball stadium in Berkeley, California",wikidata_sparql
Q1435594,Folsom State Prison,California,CA,2469,"Prison in Folsom, California, United States",wikidata_sparql
Q7303058,Recreation Park,Visalia,CA,2468,"baseball stadium in Visalia, California",wikidata_sparql
Q4651205,VELO Sports Center,California,CA,2450,"large velodrome in Carson, California",wikidata_sparql
Q38252108,State Theatre,Los Angeles,CA,2450,"former movie theater in Los Angeles, California, United States, later used as a church",wikidata_sparql
Q7688646,Taube Tennis Center,Santa Clara County,CA,2445,tennis center,wikidata_sparql
Q12061810,Million Dollar Theater,Los Angeles,CA,2345,"movie theater in Los Angeles, California",wikidata_sparql
Q7773549,The Warfield,San Francisco,CA,2300,"music venue, former theater and movie theater, in San Francisco, California",wikidata_sparql
Q12058772,Golden Gate Theatre,San Francisco,CA,2297,"theater and former movie theater in San Francisco, California, United States",wikidata_sparql
Q752939,RMS Queen Mary,Long Beach,CA,2280,retired British ocean liner,wikidata_sparql
Q5168634,Copley Symphony Hall,Downtown San Diego,CA,2248,"concert hall and former movie theater in San Diego, California",wikidata_sparql
Q7103971,Orpheum Theatre,San Francisco,CA,2203,"theater and former movie theater in San Francisco, California, United States",wikidata_sparql
Q14683969,Shubert Theatre,Los Angeles,CA,2100,"former theater in Century City, Los Angeles, California, United States",wikidata_sparql
Q4792404,Arlington Theatre,Santa Barbara,CA,2018,"movie theater in Santa Barbara, California, United States",wikidata_sparql
Q5221153,Dante Benedetti Diamond at Max Ulrich Field,San Francisco,CA,2000,"park in San Francisco County, California, United States of America",wikidata_sparql
Q5221153,Dante Benedetti Diamond at Max Ulrich Field,San Francisco County,CA,2000,"park in San Francisco County, California, United States of America",wikidata_sparql
Q49597202,Marx Meadows,San Francisco,CA,2000,"meadow in Golden Gate Park, San Francisco, CA, USA",wikidata_sparql
Q2491086,Orpheum Theatre,Los Angeles,CA,2000,"movie theater and music venue in Los Angeles, California, United States",wikidata_sparql
Q7395868,Saban Theatre,Beverly Hills,CA,2000,"movie theater in Beverly Hills, California",wikidata_sparql
Q5336646,Eddy D. Field Stadium,Malibu,CA,2000,"Baseball stadium in Malibu, California, US",wikidata_sparql
Q38252035,King Fahad Mosque,Culver City,CA,2000,"mosque in Los Angeles County, California",wikidata_sparql
Q4724448,Alhambra Theatre,Sacramento,CA,1990,"former movie theater in Sacramento, California, United States",wikidata_sparql
Q14682443,Hyperion Theater,Anaheim,CA,1984,"theater at Disney California Adventure in Anaheim, California, United States",wikidata_sparql
Q3157405,Jackie Robinson Stadium,Los Angeles,CA,1820,"college baseball stadium in Los Angeles, California",wikidata_sparql
Q2171194,Royce Hall,California,CA,1800,"building on the campus of the University of California, Los Angeles",wikidata_sparql
Q5064827,Cerritos Center for the Performing Arts,Cerritos,CA,1721,"entertainment venue in California, U.S.",wikidata_sparql
Q5021138,California Theatre of the Performing Arts,San Bernardino,CA,1718,"theater and performing arts center in San Bernardino, California",wikidata_sparql
Q6796829,Mayan Theater,Los Angeles,CA,1700,"former movie theater in Los Angeles, California, United States, now a nightclub",wikidata_sparql
Q5476430,Fowler Park,San Diego,CA,1700,"baseball venue in San Diego, USA",wikidata_sparql
Q6933880,Mule Creek State Prison,Ione,CA,1700,California State Prison for men,wikidata_sparql
Q5194956,Curran Theatre,San Francisco,CA,1667,"theater and movie theater in San Francisco, California",wikidata_sparql
Q7338490,Riverside Fox Theater,Riverside,CA,1646,"theater and movie theater in Riverside, California, United States",wikidata_sparql
Q4724449,Alhambra Theatre,San Francisco,CA,1625,"movie theater in San Francisco, California, United States",wikidata_sparql
Q6785946,Matadome,California,CA,1600,"building in California, United States",wikidata_sparql
Q6785964,Matador Soccer Field,Northridge,CA,1550,"soccer stadium in Northridge, California",wikidata_sparql
Q7352230,Robin Baggett Stadium,San Luis Obispo,CA,1534,"college baseball stadium in California, U.S.",wikidata_sparql
Q4848744,Baitul Hameed Mosque,California,CA,1500,mosque in United States,wikidata_sparql
Q5882860,Hollywood Pacific Theatre,Los Angeles,CA,1500,"former movie theater in Hollywood, Los Angeles, California, United States",wikidata_sparql
Q5476984,Fox Theater,Bakersfield,CA,1500,"theater and movie theater in Bakersfield, California, United States",wikidata_sparql
Q7610485,Stephen Schott Stadium,Santa Clara,CA,1500,"baseball stadium in Santa Clara County, California, United States, home of the Santa Clara University baseball team",wikidata_sparql
Q48800159,Central Park,San Mateo,CA,1500,"public park in San Mateo, California, United States",wikidata_sparql
Q21190968,Market Street Cinema,San Francisco,CA,1485,"former movie theater in San Francisco, California, United States",wikidata_sparql
Q4999754,Burnham Pavilion,California,CA,1400,"building in California, United States",wikidata_sparql
Q4999754,Burnham Pavilion,Stanford,CA,1400,"building in California, United States",wikidata_sparql
Q7338545,Riverside Municipal Auditorium,Riverside,CA,1400,"event venue in Riverside, California, U.S",wikidata_sparql
Q7864197,UC Theatre,Berkeley,CA,1400,"music venue and former movie theater in Berkeley, California, United States",wikidata_sparql
Q5477001,Fox Theatre,Redwood City,CA,1400,"movie theater in Redwood City, California, United States",wikidata_sparql
Q5160676,Congregation Sherith Israel,California,CA,1385,"synagogue in San Francisco, California",wikidata_sparql
Q5048174,Cascade Theatre,Redding,CA,1348,"theater located in Redding, California",wikidata_sparql
Q4850212,Balboa Theatre,San Diego,CA,1339,"theater and movie theater in downtown San Diego, California, US",wikidata_sparql
Q54959125,Easton Stadium,Los Angeles,CA,1328,"softball stadium at University of California, Los Angeles",wikidata_sparql
Q5020632,California Institution for Women,California,CA,1281,"prison located in the city of Chino, San Bernardino County, California",wikidata_sparql
Q5020632,California Institution for Women,San Bernardino,CA,1281,"prison located in the city of Chino, San Bernardino County, California",wikidata_sparql
Q5020632,California Institution for Women,Chino,CA,1281,"prison located in the city of Chino, San Bernardino County, California",wikidata_sparql
Q8565227,Visalia Fox Theatre,Visalia,CA,1275,"theater and former movie theater in Visalia, California, United States",wikidata_sparql
Q118793167,Our Lady of La Vang Church,San Jose,CA,1240,"Roman Catholic church building in San Jose, California, United States",wikidata_sparql
Q6535651,Levine-Fricke Field,Berkeley,CA,1204,"college softball stadium in Berkeley, California, on the campus of the University of California",wikidata_sparql
Q7844316,Triton Ballpark,California,CA,1200,"ballpark in San Diego, California",wikidata_sparql
Q5537567,George C. Page Stadium,Los Angeles,CA,1200,"baseball venue in Los Angeles, California",wikidata_sparql
Q6941453,Fonda Theatre,Los Angeles,CA,1200,"music venue and former movie theater in Los Angeles, California, United States",wikidata_sparql
Q14682520,John Cunningham Stadium,San Diego,CA,1200,"ballpark in San Diego, California",wikidata_sparql
Q6258379,John Smith Field,Sacramento,CA,1200,"baseball venue in Sacramento, California",wikidata_sparql
Q6551044,Lincoln Theater Napa Valley,Yountville,CA,1200,"theater and performing arts center on the grounds of the California Veterans Home in Yountville, California, United States",wikidata_sparql
Q6785961,Matador Field,Northridge,CA,1200,"baseball venue in Northridge, California, United States",wikidata_sparql
Q18753805,Rialto Theatre,South Pasadena,CA,1200,"former movie theater in South Pasadena, California, United States",wikidata_sparql
Q14684237,Majestic Ventura Theatre,Ventura,CA,1150,"music venue and movie theater in Ventura, California, United States",wikidata_sparql
Q6800122,McCallum Theatre,Palm Desert,CA,1127,"theater and concert venue in Palm Desert, California, United States",wikidata_sparql
Q849284,El Capitan Theatre,Los Angeles,CA,1100,"movie theater and former theme park in Hollywood, Los Angeles, California, USA",wikidata_sparql
Q5045729,Carpenter Performing Arts Center,Long Beach,CA,1054,"theater in Long Beach, California, USA",wikidata_sparql
Q5141934,Colberg Court,California,CA,1012,"multipurpose gymnasium in California, USA",wikidata_sparql
Q4692207,Aggie Field,California,CA,1000,"Soccer stadium at the University of California, Davis",wikidata_sparql
Q15265049,Pagoda Palace,San Francisco,CA,1000,"former movie theater in San Francisco, California, United States",wikidata_sparql
Q5017010,Caesar Uyesaka Stadium,Santa Barbara County,CA,1000,"baseball stadium in Santa Barbara, California",wikidata_sparql
Q5536195,George Allen Field,Long Beach,CA,1000,"soccer stadium in California, US",wikidata_sparql
Q8056388,Yost Theater,Santa Ana,CA,1000,"historic movie theater and hotel building in Santa Ana, California, later used by church organizations, now a nightclub and concert venue",wikidata_sparql
Q5473729,Foster Park Bowl,Ventura,CA,1000,"outdoor theater located between Ojai and Ventura, California",wikidata_sparql
Q6687302,Louis Guisto Field,Moraga,CA,1000,"baseball venue in Moraga, California",wikidata_sparql
Q17027746,Reseda Country Club,Reseda,CA,1000,"former multipurpose indoor venue in Reseda, California",wikidata_sparql
Q5184554,Crest Theatre,Sacramento,CA,975,"movie theater and theater in Sacramento, California, United States",wikidata_sparql
Q24694624,Varsity Theatre,Palo Alto,CA,975,"former movie theater in Palo Alto, California, converted to a bookstore",wikidata_sparql
Q30592803,Ricardo Montalbán Theatre,Los Angeles,CA,962,"theater in Hollywood, Los Angeles, California, United States",wikidata_sparql
Q1122565,Grauman's Chinese Theatre,Los Angeles,CA,932,"movie theater in Hollywood, Los Angeles, California, USA",wikidata_sparql
Q5736243,Herbst Theatre,San Francisco,CA,928,"auditorium in San Francisco, United States",wikidata_sparql
Q7829735,Tower Theatre,Los Angeles,CA,906,"movie theater in Downtown Los Angeles, California, United States",wikidata_sparql
Q6133636,August Hall,California,CA,900,"music venue in San Francisco, California, US",wikidata_sparql
Q5656339,Hardt Field,Bakersfield,CA,900,"baseball stadium in Bakersfield, California, US",wikidata_sparql
Q5476998,Fox Fullerton Theatre,Fullerton,CA,900,"theater and movie theater in Fullerton, California, United States",wikidata_sparql
Q14684199,UCR Soccer Stadium,California,CA,878,"soccer stadium in Riverside, California",wikidata_sparql
Q18159029,Uptown Theater,Napa,CA,863,"music venue and former movie theater in Napa, California, United States",wikidata_sparql
Q4914117,Bing Concert Hall,California,CA,842,vineyard style concert hall at Stanford,wikidata_sparql
Q128598118,Anchor House,Berkeley,CA,772,"dormitory in Berkeley, California",wikidata_sparql
Q7829742,Tower Theatre,Fresno,CA,761,"theater and movie theater in Fresno, California, United States",wikidata_sparql
Q990782,Brother Jonathan,Del Norte County,CA,750,paddle steamer,wikidata_sparql
Q1900454,Mark Taper Forum,Los Angeles,CA,739,"theatre in Los Angeles, California, USA",wikidata_sparql
Q7187001,Phoenix Theater,Petaluma,CA,720,"movie theater in Petaluma, California, United States",wikidata_sparql
Q7141555,Pasadena Playhouse,Pasadena,CA,686,"theater in Pasadena, California, United States",wikidata_sparql
Q5886493,"Holy Trinity Church, Fresno",California,CA,660,"church building in Fresno, United States of America",wikidata_sparql
Q5886493,"Holy Trinity Church, Fresno",Fresno,CA,660,"church building in Fresno, United States of America",wikidata_sparql
Q7936468,Vista Theatre,Los Angeles,CA,658,"movie theater in Los Feliz, Los Angeles, California, United States",wikidata_sparql
Q6663659,Lobero Theatre,Santa Barbara,CA,604,"theater and chamber music hall in Santa Barbara, California, United States",wikidata_sparql
Q7414480,San Jose Repertory Theatre,San Jose,CA,584,"former theater in San Jose, California, United States",wikidata_sparql
Q44977796,Ken Cinema,San Diego,CA,575,"movie theater in San Diego, California, United States",wikidata_sparql
Q125372139,Roda Theatre,Berkeley,CA,558,"theatre in Berkeley, California, USA; part of the Berkeley Repertory Theatre",wikidata_sparql
Q125372042,Gil Cates Theater,Los Angeles,CA,512,"theater in Los Angeles, California, USA",wikidata_sparql
Q4712986,Alcazar Theatre,San Francisco,CA,511,"theater (since 1976) in Geary Street, San Francisco, California, originally a Shriners masonic Temple",wikidata_sparql
Q5445525,Ferryboat Santa Rosa,San Francisco,CA,500,American Steel Electric-class ferry,wikidata_sparql
Q29025506,Baitul Muqeet Mosque,Oakland,CA,500,"mosque in Auckland, New Zealand",wikidata_sparql
Q4849301,Valley Children's Ice Center of Bakersfield,Bakersfield,CA,500,"Indoor ice rink in California, U.S.",wikidata_sparql
Q5276335,Dignity Health Event Center,Bakersfield,CA,500,"multipurpose arena in Bakersfield, California",wikidata_sparql
Q6737691,Majestic Crest Theatre,Los Angeles,CA,460,"movie theater in Westwood, Los Angeles",wikidata_sparql
Q125371922,Sheila and Hughes Potiker Theatre,San Diego,CA,450,"black box theatre in La Jolla, California, USA",wikidata_sparql
Q30640478,Aero Theatre,Santa Monica,CA,427,"movie theater in Santa Monica, California, United States",wikidata_sparql
Q105934776,UCLA Northwest Campus Auditorium,Los Angeles,CA,350,"auditorium and event venue at the University of California, Los Angeles campus",wikidata_sparql
Q44633834,Clay Theatre,San Francisco,CA,325,"former movie theater in San Francisco, California, United States",wikidata_sparql
Q5448865,Fillmore Towne Theatre,Fillmore,CA,325,"theater and former movie theater in Fillmore, California, United States",wikidata_sparql
Q6415419,Kirk Douglas Theatre,Culver City,CA,317,"performing arts center in Culver City, California",wikidata_sparql
Q1142661,Alcatraz Federal Penitentiary,San Francisco,CA,312,prison in the San Francisco Bay,wikidata_sparql
Q2601061,Yoshi's,Oakland,CA,310,"nightclub located in Jack London Square in Oakland, California, United States",wikidata_sparql
Q14683528,Nuart Theatre,Los Angeles,CA,303,"movie theater in Los Angeles, California, United States",wikidata_sparql
Q96135706,Giant Forest Amphitheater,Tulare County,CA,300,,wikidata_sparql
Q44980359,Linwood Dunn Theater,Los Angeles,CA,286,"movie theater in Hollywood, Los Angeles, California, United States",wikidata_sparql
Q7102546,Original Joe's,San Francisco,CA,250,"Italian American restaurant in the Northbeach area of San Francisco, and Original Joe’s Westlake, were founded in 1937.",wikidata_sparql
Q17515992,El Dorado Kitchen,Sonoma,CA,226,"restaurant in Sonoma, California",wikidata_sparql
Q17030412,San Francisco Playhouse,San Francisco,CA,199,"Non-profit theater company in California, U.S.",wikidata_sparql
Q5160609,Congregation Beth Israel,California,CA,176,"Modern Orthodox synagogue in Berkeley, California, United States",wikidata_sparql
Q265864,Delta King,Sacramento,CA,176,"paddlewheel steamboat in Sacramento, California",wikidata_sparql
Q6731066,Magicopolis,Santa Monica,CA,150,"theater in Santa Monica, California",wikidata_sparql
Q123702380,Upright Citizens Brigade Theatre Los Angeles,Los Angeles,CA,120,theatre venue in California (2005-),wikidata_sparql
Q123702380,Upright Citizens Brigade Theatre Los Angeles,California,CA,120,theatre venue in California (2005-),wikidata_sparql
Q133307924,Helen and Thomas Wu Performance Hall,Berkeley,CA,100,"performance hall at the University of California, Berkeley",wikidata_sparql
Q6099945,Ivy Substation,California,CA,99,"Theatre in Culver City, California, United States",wikidata_sparql
Q17505665,Harvest Moon Cafe,Sonoma,CA,92,"restaurant in Sonoma, California",wikidata_sparql
Q19630333,Neptune's Net,Malibu,CA,85,"seafood restaurant and biker bar in Malibu, California",wikidata_sparql
Q21484214,Sir and Star,Olema,CA,85,"Restaurant in Olema, California U.S.",wikidata_sparql
Q18706006,Joshuya Brasserie,Berkeley,CA,80,Californian modern sushi brasserie,wikidata_sparql
Q850360,Betty Ford Center,Rancho Mirage,CA,80,"residential treatment center for substance dependence, in Rancho Mirage, California, US",wikidata_sparql
Q17505185,the girl & the fig,Sonoma,CA,65,"restaurant in Sonoma, California",wikidata_sparql
Q17505185,the girl & the fig,Glen Ellen,CA,65,"restaurant in Sonoma, California",wikidata_sparql
Q6507395,Le Papillon,San Jose,CA,65,"restaurant in California, United States",wikidata_sparql
Q116973080,Bell's,Santa Barbara County,CA,60,"Michelin-starred restaurant in Los Alamos, California",wikidata_sparql
Q2364717,The French Laundry,Yountville,CA,60,"restaurant in Yountville, California",wikidata_sparql
Q44633684,The Screening Room,San Francisco,CA,50,defunct movie theater in San Francisco,wikidata_sparql
Q80207095,Sutter Street Theatre,Folsom,CA,50,"theatre in the historic district of Folsom, California",wikidata_sparql
Q60053753,Hula's Island Grill,Monterey,CA,35,"restaurant in Monterey, California",wikidata_sparql
Q21016202,Sons & Daughters,San Francisco,CA,28,"restaurant in Nob Hill, San Francisco",wikidata_sparql
Q60059490,Bistro Moulin,Monterey,CA,20,"restaurant in Monterey, California",wikidata_sparql
Q6728094,Madison Square Garden Bowl,Queens,NY,72000,name of outdoor arena,wikidata_sparql
Q1475645,Highmark Stadium,Orchard Park,NY,71608,"stadium in Orchard Park, NY",wikidata_sparql
Q675214,Yankee Stadium,The Bronx,NY,58000,"now-demolished baseball stadium in the Bronx, New York",wikidata_sparql
Q1056326,Shea Stadium,Flushing,NY,57333,"1964-2009 sports stadium in Queens, New York, USA",wikidata_sparql
Q4974814,Proposed domed Brooklyn Dodgers stadium,Brooklyn,NY,52000,"Proposed domed stadium for the Brooklyn Dodgers in Brooklyn, New York",wikidata_sparql
Q63762656,Globe Tower,Brooklyn,NY,50000,Coney Island proposal,wikidata_sparql
Q753529,Yankee Stadium,The Bronx,NY,49642,"baseball stadium in the Bronx, New York City, USA",wikidata_sparql
Q2739617,JMA Wireless Dome,Syracuse,NY,49262,"domed stadium at Syracuse University, New York",wikidata_sparql
Q7968482,War Memorial Stadium,Buffalo,NY,46206,"former football, baseball and soccer stadium in Buffalo, New York",wikidata_sparql
Q1072882,Citi Field,Flushing,NY,41922,"Baseball stadium in Queens, New York City, USA",wikidata_sparql
Q4785707,Archbold Stadium,Syracuse,NY,40001,former football stadium at Syracuse University,wikidata_sparql
Q3311487,Michie Stadium,New York,NY,38000,"outdoor football stadium at the U.S. Military Academy in West Point, New York",wikidata_sparql
Q7968482,War Memorial Stadium,Buffalo,NY,36500,"former football, baseball and soccer stadium in Buffalo, New York",wikidata_sparql
Q1276360,Polo Grounds,Manhattan,NY,34000,"sports venue in Manhattan to 1963 (or multiple venues), professional ballpark 1880 to 1957, 1962-1963",wikidata_sparql
Q7346228,Robert K. Kraft Field at Lawrence A. Wien Stadium,Manhattan,NY,32000,"Stadium in New York, USA",wikidata_sparql
Q7894992,University at Buffalo Stadium,New York,NY,31000,college football and track stadium,wikidata_sparql
Q3825213,Lake Placid Equestrian Stadium,Lake Placid,NY,30000,"stadium at Lake Placid, New York, USA",wikidata_sparql
Q3475468,Schoellkopf Field,New York,NY,25597,"stadium at Cornell University, Ithaca, New York",wikidata_sparql
Q16845912,Etihad Park,Queens,NY,25000,"soccer-specific stadium under construction in New York City, USA",wikidata_sparql
Q15262112,New York Cosmos Stadium,Elmont,NY,25000,"proposed soccer stadium in Elmont, New York, USA",wikidata_sparql
Q1852081,USTA Billie Jean King National Tennis Center,Queens,NY,23771,"outdoor tennis venue in New York City, New York, USA",wikidata_sparql
Q609551,Arthur Ashe Stadium,Queens,NY,22547,tennis stadium,wikidata_sparql
Q5303202,Downing Stadium,Manhattan,NY,22000,former sports stadium in New York City,wikidata_sparql
Q55315860,Darien Lake Performing Arts Center,Darien,NY,21600,"Outdoor music venue in Darien, New York",wikidata_sparql
Q186125,Madison Square Garden,Manhattan,NY,20789,"multi-purpose indoor arena in New York City, located in Midtown Manhattan between 7th and 8th Avenues from 31st to 33rd Streets",wikidata_sparql
Q5881204,Holleder Memorial Stadium,New York,NY,20000,"park in New York, United States of America, United States of America",wikidata_sparql
Q186125,Madison Square Garden,Manhattan,NY,20000,"multi-purpose indoor arena in New York City, located in Midtown Manhattan between 7th and 8th Avenues from 31st to 33rd Streets",wikidata_sparql
Q186125,Madison Square Garden,Manhattan,NY,19812,"multi-purpose indoor arena in New York City, located in Midtown Manhattan between 7th and 8th Avenues from 31st to 33rd Streets",wikidata_sparql
Q1110789,KeyBank Center,Buffalo,NY,19070,"indoor arena in Buffalo, New York, USA",wikidata_sparql
Q115650862,Washington Park III,New York,NY,18800,former baseball park in the New York City borough of Brooklyn,wikidata_sparql
Q186125,Madison Square Garden,Manhattan,NY,18500,"multi-purpose indoor arena in New York City, located in Midtown Manhattan between 7th and 8th Avenues from 31st to 33rd Streets",wikidata_sparql
Q6728098,Madison Square Garden,Manhattan,NY,18496,arena in New York City that existed from 1925 to 1968,wikidata_sparql
Q186125,Madison Square Garden,Manhattan,NY,18006,"multi-purpose indoor arena in New York City, located in Midtown Manhattan between 7th and 8th Avenues from 31st to 33rd Streets",wikidata_sparql
Q1278537,Ebbets Field,Brooklyn,NY,18000,"demolished stadium in Brooklyn, New York City",wikidata_sparql
Q7014821,New York Velodrome,The Bronx,NY,18000,"sports venue in New York City, New York",wikidata_sparql
Q807966,Barclays Center,Brooklyn,NY,17732,"arena in New York, United States",wikidata_sparql
Q7346228,Robert K. Kraft Field at Lawrence A. Wien Stadium,Manhattan,NY,17000,"Stadium in New York, USA",wikidata_sparql
Q2927640,Buffalo Memorial Auditorium,Buffalo,NY,17000,"former multipurpose arena in Buffalo, New York",wikidata_sparql
Q2981192,Sahlen Field,Buffalo,NY,16600,"baseball stadium in Buffalo, New York",wikidata_sparql
Q1048921,Nassau Veterans Memorial Coliseum,Nassau County,NY,16170,"Indoor arena on Long Island, New York",wikidata_sparql
Q5764114,Hilltop Park,Manhattan,NY,16000,New York City baseball venue,wikidata_sparql
Q6728098,Madison Square Garden,Manhattan,NY,15925,arena in New York City that existed from 1925 to 1968,wikidata_sparql
Q1515007,Gershwin Theatre,Manhattan,NY,15408,"Broadway theater in Manhattan, New York",wikidata_sparql
Q1143334,MVP Arena,Albany,NY,15357,"Indoor arena located in Albany, New York",wikidata_sparql
Q7079090,Offermann Stadium,Buffalo,NY,15012,"former baseball and football stadium in Buffalo, New York",wikidata_sparql
Q109648853,270 Park Avenue,New York City,NY,15000,skyscraper in New York,wikidata_sparql
Q7516362,Silver Stadium,Rochester,NY,15000,park in the United States of America,wikidata_sparql
Q2927640,Buffalo Memorial Auditorium,Buffalo,NY,14337,"former multipurpose arena in Buffalo, New York",wikidata_sparql
Q47487977,Louis Armstrong Stadium,USTA Billie Jean King National Tennis Center,NY,14053,"tennis stadium opened in 2018, replacing a 1978 venue of the same name",wikidata_sparql
Q885674,Blue Cross Arena,Rochester,NY,14000,"multi-purpose indoor arena located in Rochester, New York",wikidata_sparql
Q1765909,Marina Auto Stadium,Rochester,NY,13768,"soccer-specific stadium located in Rochester, New York, USA",wikidata_sparql
Q6390566,Kenneth P. LaValle Stadium,New York,NY,12300,"multi-purposes stadium in Stony Brook, New York",wikidata_sparql
Q28223134,Broadway Auditorium,Buffalo,NY,12000,"former multipurpose arena in Buffalo, New York",wikidata_sparql
Q2081139,James M. Shuart Stadium,New York,NY,11929,stadium in the United States,wikidata_sparql
Q2837990,Alliance Bank Stadium,Syracuse,NY,11071,"baseball stadium in Syracuse, New York",wikidata_sparql
Q3088623,ESL Ballpark,Rochester,NY,10840,"baseball stadium in Rochester, New York; home of the Rochester Red Wings",wikidata_sparql
Q4760893,Crown Field at Andy Kerr Stadium,New York,NY,10221,"stadium in Hamilton, NY, USA",wikidata_sparql
Q1029132,Louis Armstrong Stadium,Queens,NY,10200,tennis venue in New York City from 1978 to 2016,wikidata_sparql
Q3754550,Madison Square Garden,Manhattan,NY,10000,former sports venue in New York City opened in 1879,wikidata_sparql
Q7023678,Niagara Falls Convention and Civic Center,Niagara Falls,NY,10000,"former multi-purpose venue in Niagara Falls, New York",wikidata_sparql
Q5300129,Doubleday Field,Cooperstown,NY,9791,"baseball stadium in Cooperstown, New York",wikidata_sparql
Q6750580,John A. Lally Athletics Complex,New York,NY,9536,Syracuse University athletics facility,wikidata_sparql
Q4932450,Bob Ford Field,New York,NY,8500,"stadium in Albany, NY, USA",wikidata_sparql
Q6721741,MacArthur Stadium,New York,NY,8416,"stadium in Syracuse, New York",wikidata_sparql
Q28451256,Grandstand,Flushing,NY,8125,"Tennis Court in Flushing Meadows, New York",wikidata_sparql
Q7972104,Washington Park I,New York,NY,8000,former baseball park in the New York City borough of Brooklyn,wikidata_sparql
Q9026714,Madison Square Garden,Manhattan,NY,8000,"(1890-1926) defunct arena in Manhattan, New York City",wikidata_sparql
Q3566224,Oncenter War Memorial Arena,Syracuse,NY,8000,"arena in Syracuse, New York",wikidata_sparql
Q1607853,Herb Brooks Arena,Lake Placid,NY,7700,arena,wikidata_sparql
Q2588112,James B. Sheffield Olympic Skating Rink,Lake Placid,NY,7500,"ice skating rink in Lake Placid, New York, USA",wikidata_sparql
Q7330798,SIUH Community Park,Staten Island,NY,7171,home venue of Staten Island Yankees and Wagner College baseball team,wikidata_sparql
Q7330798,SIUH Community Park,Richmond County,NY,7171,home venue of Staten Island Yankees and Wagner College baseball team,wikidata_sparql
Q5140992,Coffey Field,New York,NY,7000,"stadium in New York, USA",wikidata_sparql
Q6715011,Maimonides Park,Brooklyn,NY,7000,baseball park,wikidata_sparql
Q4925874,Bleecker Stadium,Albany,NY,7000,"multi-purpose stadium in Albany, New York",wikidata_sparql
Q14706867,Main Street Armory,Rochester,NY,6500,"arena located in Rochester, New York",wikidata_sparql
Q4737428,Alumni Arena,Amherst,NY,6100,Multi-purpose arena,wikidata_sparql
Q6956095,Mirabito Stadium,Binghamton,NY,6012,"Stadium in Binghamton, New York, US",wikidata_sparql
Q4898095,Bethpage Ballpark,Central Islip,NY,6002,"baseball park in Central Islip, New York that serves as the home of the Long Island Ducks",wikidata_sparql
Q753437,Radio City Music Hall,Manhattan,NY,5945,"concert hall and music venue in New York City, United States",wikidata_sparql
Q7902793,Utica Memorial Auditorium,Utica,NY,5700,multi-purpose arena,wikidata_sparql
Q17089953,The Theater at Madison Square Garden,Manhattan,NY,5600,"theater in Manhattan, New York City, United States",wikidata_sparql
Q5738978,Heritage Park,Colonie,NY,5500,"abandoned sport stadium in Colonie, New York",wikidata_sparql
Q7310165,Reilly Center,New York,NY,5480,"multi-purpose arena in St. Bonaventure, New York",wikidata_sparql
Q4914258,Binghamton University Events Center,New York,NY,5142,"Multipurpose arena in Binghamton, New York",wikidata_sparql
Q5876870,Hofstra Arena,New York,NY,5124,"Multi-purpose arena in Hempstead, New York, United States",wikidata_sparql
Q110819599,Fauver Stadium,Rochester,NY,5111,"multi-use stadium at the University of Rochester in New York, U.S.",wikidata_sparql
Q5111237,Christl Arena,New York,NY,5043,"Multi-purpose arena in West Point, New York",wikidata_sparql
Q4727834,All-High Stadium,New York,NY,5000,"football stadium in Buffalo, New York",wikidata_sparql
Q6526591,Leonidoff Field,New York,NY,5000,"stadium in Poughkeepsie, New York",wikidata_sparql
Q2420704,Icahn Stadium,Manhattan,NY,5000,"Track and field facility in Manhattan, New York City, USA",wikidata_sparql
Q5035970,Capitoline Grounds,Brooklyn,NY,5000,"former baseball park in Brooklyn, New York",wikidata_sparql
Q133665434,Ridgewood Grove Arena,Brooklyn,NY,5000,"former arena in Brooklyn, New York, United States",wikidata_sparql
Q133665434,Ridgewood Grove Arena,Queens,NY,5000,"former arena in Brooklyn, New York, United States",wikidata_sparql
Q133697844,Broadway Arena,Brooklyn,NY,5000,"former arena in Brooklyn, New York, United States",wikidata_sparql
Q4865629,Barton Hall,Ithaca,NY,4800,"historic field house on the campus of Cornell University, Ithaca, New York",wikidata_sparql
Q1531160,Cool Insuring Arena,New York,NY,4794,"multi-purpose arena located in downtown Glens Falls, New York, USA",wikidata_sparql
Q5916514,Houston Field House,New York,NY,4780,"multi-purpose arena in Troy, New York, U.S",wikidata_sparql
Q14707431,The Dome Center,New York,NY,4700,"convention center in Henrietta, New York",wikidata_sparql
Q990628,Broome County Veterans Memorial Arena,New York,NY,4679,architectural structure,wikidata_sparql
Q7252515,Clover Stadium,Pomona,NY,4506,"baseball stadium in Pomona, New York, United States",wikidata_sparql
Q6284711,Joseph L. Bruno Stadium,Troy,NY,4500,"baseball stadium in Troy, New York",wikidata_sparql
Q5317492,Dutchess Stadium,Wappingers Falls,NY,4500,"Baseball park in Wappingers Falls, New York, US",wikidata_sparql
Q5531393,Gene Polisseni Center,Henrietta,NY,4500,"ice arena at the Rochester Institute of Technology in New York, U.S.",wikidata_sparql
Q7018419,Newman Arena,New York,NY,4472,,wikidata_sparql
Q7971673,Washington Avenue Armory,Albany,NY,4300,"arena in Albany, New York, United States",wikidata_sparql
Q6708375,Lynah Rink,New York,NY,4267,"hockey arena at Cornell University in Ithaca, New York",wikidata_sparql
Q7381466,Russell Diethrick Park,Jamestown,NY,4200,"Stadium in Jamestown, New York, US",wikidata_sparql
Q7619522,Stony Brook University Arena,Stony Brook,NY,4160,"Multi-purpose arena in Stony Brook, New York",wikidata_sparql
Q14706822,Long Island Arena,New York,NY,4000,"indoor arena in Commack, New York from 1959 until 1996",wikidata_sparql
Q5035943,Capitol Theatre,Manhattan,NY,4000,"former movie theater at 1645 Broadway, just north of Times Square in Manhattan, New York City, United States",wikidata_sparql
Q133697844,Broadway Arena,Brooklyn,NY,4000,"former arena in Brooklyn, New York, United States",wikidata_sparql
Q7403291,Sal Maglie Stadium,Niagara Falls,NY,4000,"Stadium in Niagara Falls, New York, US",wikidata_sparql
Q2051407,Paradise Theater,The Bronx,NY,3885,"former theater and concert venue in the Bronx, New York City, now a church",wikidata_sparql
Q5452305,First Arena,New York,NY,3784,"sports facility in Elmira, New York",wikidata_sparql
Q7959599,Hameline Field,New York,NY,3700,"stadium in Staten Island, New York",wikidata_sparql
Q7135375,Paramount Theatre,Manhattan,NY,3664,"former movie palace and theater in Midtown Manhattan, New York City, United States",wikidata_sparql
Q4942310,Bonnie Castle Recreation Center,New York,NY,3500,"Ice rink in New York State, U.S.",wikidata_sparql
Q4985865,Buffalo State Sports Arena,New York,NY,3500,"sports venue in Buffalo, New York",wikidata_sparql
Q5149838,Commisso Soccer Stadium,New York,NY,3500,"soccer stadium in Manhattan, New York",wikidata_sparql
Q5562375,Gillis Field House,New York,NY,3500,"arena in West Point, New York",wikidata_sparql
Q5059357,Center Theatre,Manhattan,NY,3500,"theatre in Rockefeller Center, New York City, United States",wikidata_sparql
Q7247509,Proctor's Theatre,Schenectady,NY,3250,"theater and movie theater in Schenectady, New York, United States",wikidata_sparql
Q3442380,Rose Hill Gymnasium,New York,NY,3200,Arena,wikidata_sparql
Q4781390,Appleton Arena,New York,NY,3200,"multi-purpose arena at St. Lawrence University in Canton, New York",wikidata_sparql
Q14706918,McCann Field House,New York,NY,3200,"college sports arena in, New York, U.S.",wikidata_sparql
Q5000694,Burt Flickinger Center,Buffalo,NY,3200,"Multipurpose indoor venue in Buffalo, New York",wikidata_sparql
Q5253143,Delano-Hitch Stadium,Newburgh,NY,3100,"Stadium in Newburgh, New York, US",wikidata_sparql
Q7492114,Shea's Performing Arts Center,Buffalo,NY,3019,"theater in Buffalo, New York, United States",wikidata_sparql
Q5089298,Cheel Arena,New York,NY,3000,"college sports arean in Potsdam, New York, U.S",wikidata_sparql
Q5175589,Cotterell Court,New York,NY,3000,"arena at Colgate University in Hamilton, New York",wikidata_sparql
Q7579703,Tim Hortons Iceplex,Brighton,NY,3000,"Multi rink sports facility on the campus of SUNY Monroe Community College in Brighton, New York, USA.",wikidata_sparql
Q2331820,Stanley Theater,Utica,NY,2963,"theater in Utica, New York, United States",wikidata_sparql
Q6484804,Landmark Theatre,Syracuse,NY,2908,"theater in Syracuse, New York, USA",wikidata_sparql
Q6232682,John Fallon Field,State University of New York at Albany,NY,2800,Sports field,wikidata_sparql
Q7247505,RKO Quad,New Rochelle,NY,2800,"former movie theater in New Rochelle, New York, United States",wikidata_sparql
Q5431757,Falcon Park,Auburn,NY,2800,"stadium in Auburn, New York",wikidata_sparql
Q535631,New York City Center,Manhattan,NY,2750,theater in New York City,wikidata_sparql
Q7687965,Tate Rink,New York,NY,2648,"hockey rink in West Point, New York, United States",wikidata_sparql
Q5956988,Hynes Athletic Center,New York,NY,2611,"arena in New Rochelle, New York, U.S.",wikidata_sparql
Q4884689,Belson Stadium,New York,NY,2600,"soccer-specific stadium located at Utopia Parkway and Union Turnpike in Queens, New York City, USA",wikidata_sparql
Q7602213,Starr Arena,New York,NY,2600,"sports facility in Hamilton, New York, United States",wikidata_sparql
Q5318353,Dwyer Stadium,Batavia,NY,2600,"Stadium in Batavia, New York, United States",wikidata_sparql
Q3018029,David H. Koch Theater,Upper West Side,NY,2586,venue at New York City's Lincoln Center,wikidata_sparql
Q4737427,Alumni Arena,New York,NY,2500,"multi-purpose ice arena located in Cortland, New York",wikidata_sparql
Q7981583,Steinberg Wellness Center,New York,NY,2500,"2,500-seat multi-purpose arena",wikidata_sparql
Q56772754,World's Fair Music Hall,Queens,NY,2500,temporary auditorium at the 1939 New York World's Fair,wikidata_sparql
Q137373682,Hunts Point Palace,The Bronx,NY,2500,"former ballroom in the Bronx, New York, U.S.",wikidata_sparql
Q5028628,Campus Center Ice Arena,Oswego,NY,2500,"ice arena in Oswego, New York, US",wikidata_sparql
Q16611565,Hofstra Physical Fitness Center,Hempstead,NY,2500,"Multi-purpose arena in Hempstead, New York, United States",wikidata_sparql
Q6066224,Ira S. Wilson Ice Arena,Geneseo,NY,2500,"sporting Venue in New York, USA",wikidata_sparql
Q16981453,Loew's New Rochelle Theatre,New Rochelle,NY,2485,"former movie theater in New Rochelle, New York, United States",wikidata_sparql
Q5518825,Gallagher Center,New York,NY,2400,"Multi-purpose arena in Lewiston, New York",wikidata_sparql
Q6799102,Mazzella Field,Westchester County,NY,2400,"stadium in New York, USA",wikidata_sparql
Q5304747,Draddy Gymnasium,New York,NY,2345,multi-purpose arena,wikidata_sparql
Q6652383,Little Valley Speedway,New York,NY,2300,"multi-purpose venue in New York, United States",wikidata_sparql
Q4673749,Achilles Rink,New York,NY,2225,ice Hockey rink in New York state,wikidata_sparql
Q5489229,Frank Ritter Memorial Ice Arena,Henrietta,NY,2100,"ice arena at the Rochester Institute of Technology in New York, U.S.",wikidata_sparql
Q85743386,Assembly Hall,Manhattan,NY,2079,"performance venue located on the campus of Hunter College in Manhattan, New York City, USA",wikidata_sparql
Q7138090,Park Theatre,Manhattan,NY,2000,"former theater in Manhattan, New York City, United States",wikidata_sparql
Q6672740,Long Island University Field,Brooklyn,NY,2000,"Sports venue in Brooklyn, New York, US",wikidata_sparql
Q5516613,Gaelic Park,The Bronx,NY,2000,"stadium in The Bronx, New York, USA",wikidata_sparql
Q15032193,Rialto Theatre,Manhattan,NY,1960,"former movie theater and theater in New York City at 1481 Broadway, within the city's Broadway Theater District",wikidata_sparql
Q3278228,Auburn Correctional Facility,Auburn,NY,1821,"correctional facility in Auburn, New York, USA",wikidata_sparql
Q1060845,Delacorte Theater,Manhattan,NY,1800,"theater in Central Park, New York City",wikidata_sparql
Q4746027,Northtown Center,Amherst,NY,1800,"ice rink and arena in Amherst, New York",wikidata_sparql
Q110932948,Clark Gymnasium,Henrietta,NY,1800,"sports venue at the Rochester Institute of Technology in New York, U.S.",wikidata_sparql
Q5035944,Capitol Theatre,Port Chester,NY,1800,"theater and music venue in Port Chester, New York, United States",wikidata_sparql
Q2925870,Broadway Theatre,Manhattan,NY,1761,"Broadway theater in Manhattan, New York",wikidata_sparql
Q16601999,Pritchard Gymnasium,Stony Brook,NY,1760,"Multi-purpose gymnasium in Stony Brook, New York",wikidata_sparql
Q2004827,New Amsterdam Theatre,Manhattan,NY,1747,"Broadway theater in Manhattan, New York",wikidata_sparql
Q3360756,Palace Theatre,Manhattan,NY,1743,"Broadway theater in Manhattan, New York",wikidata_sparql
Q3062716,Minskoff Theatre,Manhattan,NY,1710,"Broadway theater in Manhattan, New York",wikidata_sparql
Q3909790,St. James Theatre,Manhattan,NY,1710,"Broadway theater in Manhattan, New York",wikidata_sparql
Q2004827,New Amsterdam Theatre,Manhattan,NY,1702,"Broadway theater in Manhattan, New York",wikidata_sparql
Q7006506,New Century Theatre,Manhattan,NY,1700,"former Broadway theater in Midtown Manhattan, New York City, United States",wikidata_sparql
Q198850,Ziegfeld Theatre,Manhattan,NY,1660,former theatrical and movie theater (1927–1966) in New York City,wikidata_sparql
Q1393081,Majestic Theatre,Manhattan,NY,1645,"Broadway theater in Manhattan, New York",wikidata_sparql
Q5477291,Lyric Theatre,Manhattan,NY,1622,"Broadway theater in Manhattan, New York",wikidata_sparql
Q3062716,Minskoff Theatre,Manhattan,NY,1621,"Broadway theater in Manhattan, New York",wikidata_sparql
Q6772686,Marquis Theatre,Manhattan,NY,1611,"Broadway theater in Manhattan, New York",wikidata_sparql
Q15224404,Hofstra University Soccer Stadium,Hempstead,NY,1600,soccer-specific stadium,wikidata_sparql
Q3569403,Winter Garden Theatre,Manhattan,NY,1526,"Broadway theater in Manhattan, New York",wikidata_sparql
Q7634840,Lunt-Fontanne Theatre,Manhattan,NY,1509,"Broadway theater in Manhattan, New York",wikidata_sparql
Q15272276,Reinhart Field,Bronx County,NY,1500,stadium in the United States of America,wikidata_sparql
Q4762236,Angel Orensanz Center,Manhattan,NY,1500,"art and performance space in Manhattan, New York",wikidata_sparql
Q5640913,Hal Robertson Field at Phillip Satow Stadium,Manhattan,NY,1500,Columbia University baseball venue,wikidata_sparql
Q1120658,Ulster Performing Arts Center,Kingston,NY,1500,"performing arts center, music venue and former movie theater in Kingston, New York, United States",wikidata_sparql
Q5275214,Dietz Stadium,Kingston,NY,1500,"Stadium in Kingston, New York",wikidata_sparql
Q1634948,The Town Hall,Manhattan,NY,1495,performance space in New York City,wikidata_sparql
Q1974872,Neil Simon Theatre,Manhattan,NY,1467,"Broadway theater in Manhattan, New York",wikidata_sparql
Q1797756,Shubert Theatre,Manhattan,NY,1460,"Broadway theater in Manhattan, New York",wikidata_sparql
Q355322,George Abbott Theatre,Manhattan,NY,1434,former theater in New York City,wikidata_sparql
Q2829346,Al Hirschfeld Theatre,Manhattan,NY,1424,"Broadway theater in Manhattan, New York",wikidata_sparql
Q6006906,Imperial Theatre,Manhattan,NY,1417,"Broadway theater in Manhattan, New York",wikidata_sparql
Q1268567,Dwyer Arena,New York,NY,1400,architectural structure,wikidata_sparql
Q7328714,Richard Rodgers Theatre,Manhattan,NY,1319,"Broadway theater in Manhattan, New York",wikidata_sparql
Q6710003,Lyric Theatre,Manhattan,NY,1256,theater in New York City,wikidata_sparql
Q12063656,Nederlander Theatre,Manhattan,NY,1232,"Broadway theater in Manhattan, New York",wikidata_sparql
Q12053066,August Wilson Theatre,Manhattan,NY,1222,"Broadway theater in Manhattan, New York",wikidata_sparql
Q6232339,John F. Kennedy Civic Arena,Rome,NY,1200,"Indoor arena in Rome, NY",wikidata_sparql
Q533365,Beth Hamedrash Hagadol,Manhattan,NY,1200,"synagogue in Manhattan, New York, United States",wikidata_sparql
Q7588533,St. Jean Baptiste Catholic Church,Manhattan,NY,1200,church in New York City,wikidata_sparql
Q5532689,Generoso Pope Athletic Complex,Brooklyn,NY,1200,"multi-purpose arena in Brooklyn, New York",wikidata_sparql
Q5256421,Demske Sports Complex,Buffalo,NY,1200,"sports complex on the Canisius College campus in Buffalo, NY",wikidata_sparql
Q14707159,Patchogue Theatre,Patchogue,NY,1200,"theater in Patchogue, New York, United States",wikidata_sparql
Q43040030,Lyceum Theatre (Ithaca),Ithaca,NY,1200,"former theatre and movie theater in Ithaca, New York, United States",wikidata_sparql
Q5091040,Chenango Ice Rink,Chenango,NY,1200,"ice rink in Chenango, New York",wikidata_sparql
Q4972203,Broadhurst Theatre,Manhattan,NY,1186,"Broadway theater in Manhattan, New York",wikidata_sparql
Q4972203,Broadhurst Theatre,Manhattan,NY,1156,"Broadway theater in Manhattan, New York",wikidata_sparql
Q5732648,Herald Square Theatre,Manhattan,NY,1150,"former theater and movie theater in the Garment District of Manhattan, New York City, United States",wikidata_sparql
Q7338879,Riviera Theatre,North Tonawanda,NY,1140,"theater and movie theater in North Tonawanda, New York, United States",wikidata_sparql
Q4741073,Chicago The Musical Ambassador Theater,Manhattan,NY,1114,"Broadway theater in Manhattan, New York",wikidata_sparql
Q5407593,Eugene O'Neill Theatre,Manhattan,NY,1108,"Broadway theater in Manhattan, New York",wikidata_sparql
Q4892910,Bernard B. Jacobs Theatre,Manhattan,NY,1101,"Broadway theater in Manhattan, New York",wikidata_sparql
Q4974974,Lena Horne Theatre,Manhattan,NY,1094,"Broadway theater in Manhattan, New York",wikidata_sparql
Q6673576,Longacre Theatre,Manhattan,NY,1091,"Broadway theater in Manhattan, New York",wikidata_sparql
Q5173206,James Earl Jones Theatre,Manhattan,NY,1084,"Broadway theater in Manhattan, New York",wikidata_sparql
Q5173206,James Earl Jones Theatre,Manhattan,NY,1082,"Broadway theater in Manhattan, New York",wikidata_sparql
Q176205,Vivian Beaumont Theater,Manhattan,NY,1080,"Broadway theater in Manhattan, New York",wikidata_sparql
Q5549572,Gerald Schoenfeld Theatre,Manhattan,NY,1080,"Broadway theater in Manhattan, New York",wikidata_sparql
Q4892910,Bernard B. Jacobs Theatre,Manhattan,NY,1078,"Broadway theater in Manhattan, New York",wikidata_sparql
Q4974974,Lena Horne Theatre,Manhattan,NY,1069,"Broadway theater in Manhattan, New York",wikidata_sparql
Q5403074,Ethel Barrymore Theatre,Manhattan,NY,1058,"Broadway theater in Manhattan, New York",wikidata_sparql
Q7610570,Stephen Sondheim Theatre,Manhattan,NY,1055,"Broadway theater in Manhattan, New York",wikidata_sparql
Q14707479,Times Square Theater,Manhattan,NY,1032,"former Broadway and movie theater in Manhattan, New York",wikidata_sparql
Q3154621,Irving Plaza,Manhattan,NY,1025,known as The Fillmore New York in the late 2000s,wikidata_sparql
Q5211771,Daly's 63rd Street Theatre,Manhattan,NY,1024,"former theatre and movie theater in Manhattan, New York City, United States",wikidata_sparql
Q815278,Belasco Theatre,Manhattan,NY,1018,"Broadway theater in Manhattan, New York",wikidata_sparql
Q1954899,Music Box Theatre,Manhattan,NY,1009,"Broadway theater in Manhattan, New York",wikidata_sparql
Q607212,Studio 54,Manhattan,NY,1006,Broadway theater and former nightclub,wikidata_sparql
Q5077490,Berman Field,New York,NY,1000,"soccer stadium in Ithaca, New York",wikidata_sparql
Q6211514,Joe Nathan Field,New York,NY,1000,"Baseball field in Stony Brook, New York, US",wikidata_sparql
Q14706652,Jim Houlihan Park at Jack Coffey Field,New York,NY,1000,"Baseball venue in the Bronx, New York, US",wikidata_sparql
Q7916148,Varsity Field,New York,NY,1000,Binghamton University college baseball stadium,wikidata_sparql
Q96406036,Sony Hall,Manhattan,NY,1000,"Concert venue in Manhattan, New York",wikidata_sparql
Q5052306,Cathedral of All Saints,Albany,NY,1000,"cathedral in Albany, New York",wikidata_sparql
Q7698485,Temple Beth Zion,Buffalo,NY,1000,"Reform synagogue in Buffalo, New York",wikidata_sparql
Q120401036,National Veterans Resource Center,Syracuse,NY,1000,"building on Syracuse University campus in Syracuse, New York",wikidata_sparql
Q10526870,Hudson Theatre,Manhattan,NY,970,"Broadway theater in Manhattan, New York",wikidata_sparql
Q7965343,Walter Kerr Theatre,Manhattan,NY,945,"Broadway theater in Manhattan, New York",wikidata_sparql
Q6795966,Maxine Elliott Theatre,Manhattan,NY,935,"former theatre in Manhattan, New York",wikidata_sparql
Q1756846,Lyceum Theatre,Manhattan,NY,922,"Broadway theater in Manhattan, New York",wikidata_sparql
Q105626913,Alice Bush Opera Theatre,Springfield,NY,914,"opera house near Cooperstown, New York, venue of the Glimmerglass Festival",wikidata_sparql
Q3848974,Garrick Theatre,Manhattan,NY,910,former theatre in New York City,wikidata_sparql
Q6268427,Johnson Stadium at Doubleday Field,New York,NY,880,"baseball stadium on the campus of West Point, NY",wikidata_sparql
Q2517337,Vernon C. Bain Correctional Center,New York City,NY,870,"Jail barge in Bronx, New York City, US",wikidata_sparql
Q15032188,Playhouse Theatre,Manhattan,NY,865,New York theatre,wikidata_sparql
Q5160597,Congregation Baith Israel Anshei Emes,New York City,NY,864,Synagogue in New York City,wikidata_sparql
Q5160597,Congregation Baith Israel Anshei Emes,Brooklyn,NY,864,Synagogue in New York City,wikidata_sparql
Q5160597,Congregation Baith Israel Anshei Emes,Cobble Hill,NY,864,Synagogue in New York City,wikidata_sparql
Q3486320,Skirball Center for the Performing Arts,Manhattan,NY,850,"theater in Manhattan, owned by New York University",wikidata_sparql
Q7056286,North Park Theatre,Buffalo,NY,850,"cinema in Buffalo, New York",wikidata_sparql
Q7686724,Tarrytown Music Hall,Tarrytown,NY,843,"music venue in Tarrytown, New York",wikidata_sparql
Q2973328,Circle in the Square Theatre,Manhattan,NY,840,"Broadway theater in Manhattan, New York",wikidata_sparql
Q15032156,Klaw Theatre,Manhattan,NY,805,"former theatre in Manhattan, New York",wikidata_sparql
Q6235625,John Golden Theatre,Manhattan,NY,804,"Broadway theater in Manhattan, New York",wikidata_sparql
Q52288886,Carnegie Lyceum,New York City,NY,800,"former 800-seat theatrical and recital venue on the lower level of Carnegie Hall, which operated from 1896-1956, replacing the original 1200-seat Recital Hall",wikidata_sparql
Q3508020,East Midwood Jewish Center,Brooklyn,NY,800,conservative synagogue,wikidata_sparql
Q3527434,Booth Theatre,Manhattan,NY,783,"Broadway theater in Manhattan, New York",wikidata_sparql
Q3527434,Booth Theatre,Manhattan,NY,766,"Broadway theater in Manhattan, New York",wikidata_sparql
Q43065509,James Theater,Utica,NY,750,"former movie theater in Utica, New York, United States",wikidata_sparql
Q4742962,Todd Haimes Theatre,Manhattan,NY,740,"Broadway theater in Manhattan, New York",wikidata_sparql
Q20858210,Comedy Theatre,Manhattan,NY,687,"Demolished Broadway theatre in New York City, USA",wikidata_sparql
Q130637554,The Amph at Little Island,Manhattan,NY,687,performance venue in New York City,wikidata_sparql
Q6834176,Michael Schimmel Center for the Arts,Manhattan,NY,655,principal theatre of Pace University,wikidata_sparql
Q5935075,Samuel J. Friedman Theater,Manhattan,NY,650,"Broadway theater in Manhattan, New York",wikidata_sparql
Q7628153,710 Main Theater,Buffalo,NY,625,"theater in Buffalo, New York",wikidata_sparql
Q68924470,Smucker's,New York City,NY,600,Brooklyn nightclub,wikidata_sparql
Q5360060,Elgin Theater,Manhattan,NY,600,"movie theater in Manhattan, New York City",wikidata_sparql
Q114688527,548 West 22nd Street,Manhattan,NY,600,Chelsea Arts District space,wikidata_sparql
Q5186073,Helen Hayes Theatre,Manhattan,NY,597,"Broadway theater in Manhattan, New York",wikidata_sparql
Q7756121,Paris Theater,Manhattan,NY,581,"former movie theater in Manhattan, New York City",wikidata_sparql
Q5338430,Edison Theatre,Manhattan,NY,541,"former Broadway theater in Manhattan, New York",wikidata_sparql
Q7886153,Union Temple,Brooklyn,NY,527,"synagogue in Brooklyn, New York",wikidata_sparql
Q4746012,Amherst Audubon Field,University at Buffalo,NY,500,college baseball stadium,wikidata_sparql
Q7511045,Siena Baseball Field,Loudonville,NY,500,,wikidata_sparql
Q1467005,New Victory Theatre,Manhattan,NY,500,"Children's theater in Manhattan, New York",wikidata_sparql
Q96406036,Sony Hall,Manhattan,NY,500,"Concert venue in Manhattan, New York",wikidata_sparql
Q5458572,Fleming Field,Yonkers,NY,500,"Baseball stadium in Yonkers, New York state",wikidata_sparql
Q137946609,Q137946609,Saratoga Springs,NY,500,"theatre building in Saratoga Springs, New York, United States",wikidata_sparql
Q14706813,Stage 42,Manhattan,NY,499,"theatre in Manhattan, New York, USA",wikidata_sparql
Q125367120,New World Stages - Stage 1,Manhattan,NY,499,"Off-Broadway theatre in Manhattan, New York, USA",wikidata_sparql
Q130638035,New World Stages - Stage 3,Manhattan,NY,499,"Off-Broadway theatre in Manhattan, New York, USA",wikidata_sparql
Q43065267,John D. Archbold Theatre,Syracuse,NY,499,"proscenium theater in Syracuse, New York, United States",wikidata_sparql
Q1925847,"Metropolitan Correctional Center, New York City",Lower Manhattan,NY,449,federal detention facility in New York City,wikidata_sparql
Q7777453,Theatre Three,Port Jefferson,NY,408,"theatre company in Port Jefferson, New York",wikidata_sparql
Q3268242,Ed Sullivan Theater,Manhattan,NY,400,"Television studio in Manhattan, New York",wikidata_sparql
Q24204528,Roulette Intermedium,Brooklyn,NY,400,non-profit organisation in the USA,wikidata_sparql
Q7894692,University Field,Hempstead,NY,400,"baseball venue at Hofstra University, in Hempstead, New York",wikidata_sparql
Q39046743,Minetta Lane Theatre,Manhattan,NY,391,"theatre in Manhattan, New York, USA",wikidata_sparql
Q1022965,CBGB,Manhattan,NY,350,"music venue in New York City, USA (1973-2006)",wikidata_sparql
Q6481004,Lamb's Theatre,Manhattan,NY,350,Off-Broadway theater,wikidata_sparql
Q14707266,Saint Vitus,Brooklyn,NY,350,"bar and music venue in Brooklyn, New York",wikidata_sparql
Q125367246,New World Stages - Stage 2,Manhattan,NY,350,"Off-Broadway theatre in Manhattan, New York, USA",wikidata_sparql
Q130638049,New World Stages - Stage 4,Manhattan,NY,350,"Off-Broadway theatre in Manhattan, New York, USA",wikidata_sparql
Q7700502,Tennity Ice Skating Pavilion,Syracuse,NY,350,"ice skating pavilion in Syracuse, New York, U.S",wikidata_sparql
Q6136725,James J. McCann Baseball Field,Poughkeepsie,NY,350,"Baseball stadium in Poughkeepsie, New York",wikidata_sparql
Q7591120,St. Paul's Episcopal Church,Poughkeepsie,NY,350,"episcopal church in Poughkeepsie, New York, USA",wikidata_sparql
Q7103965,Orpheum Theatre,Manhattan,NY,347,"Off-Broadway theater in the East Village, Manhattan, New York City, United States",wikidata_sparql
Q3417784,Rainbow Room,Manhattan,NY,300,event space and restaurant,wikidata_sparql
Q4811073,Astor Place Theatre,Manhattan,NY,300,"off-Broadway theatre in NoHo, Manhattan, New York City",wikidata_sparql
Q131155893,Manhattan Theatre Club Stage I,Manhattan,NY,300,performance space at City Center in New York City,wikidata_sparql
Q5117883,Church of the Holy Comforter,Poughkeepsie,NY,300,"church in Poughkeepsie, New York",wikidata_sparql
Q1373303,Hartford Baptist Church,Hartford,NY,300,"church building in Hartford, Washington County, New York, USA",wikidata_sparql
Q6697298,Lucille Lortel Theatre,Manhattan,NY,299,"off-Broadway theater and former movie theater in the West Village, Manhattan, New York City, United States",wikidata_sparql
Q7244847,Princess Theatre,Manhattan,NY,299,"former theater and movie theater in Midtown Manhattan, New York City, United States",wikidata_sparql
Q125386899,Bay Street Theatre,Sag Harbor,NY,299,"theatre in Sag Harbor, New York, USA",wikidata_sparql
Q125385389,Tony Kiser Theater,Manhattan,NY,296,"theater in Manhattan, New York, USA",wikidata_sparql
Q5469219,Forestburgh Playhouse,Forestburgh,NY,292,"summer theater in Forestburgh, New York",wikidata_sparql
Q96337559,Peter B. Lewis Theater,New York City,NY,266,theatre hall within the Guggenheim Museum in New York City,wikidata_sparql
Q7368556,Rosendale Theatre,Rosendale,NY,260,"theater and movie theater in Rosendale, New York, United States",wikidata_sparql
Q21178688,Porter House New York,Manhattan,NY,250,steakhouse in New York City,wikidata_sparql
Q125371813,Riverside Theater,Manhattan,NY,250,"theater in Manhattan, New York, USA",wikidata_sparql
Q1451501,St. Mark's Episcopal Church,Hoosick Falls,NY,250,"church in Hoosick Falls, New York, USA",wikidata_sparql
Q116980066,Wells' Restaurant,Harlem,NY,250,Harlem restaurant,wikidata_sparql
Q125394893,Westside Theatre Downstairs,Manhattan,NY,249,"theater in Manhattan, New York, USA",wikidata_sparql
Q11706,Windows on the World,Manhattan,NY,240,complex of venues in the North Tower of the World Trade Center in Lower Manhattan,wikidata_sparql
Q919751,The Bitter End,Manhattan,NY,230,"American nightclub, coffeehouse and folk music venue in New York City's Greenwich Village",wikidata_sparql
Q4816444,Atlantic Grill,Manhattan,NY,220,"restaurant in New York, USA",wikidata_sparql
Q125371852,Baruch Performing Arts Center,Manhattan,NY,220,"theater at Baruch College in Manhattan, New York, USA",wikidata_sparql
Q20880563,Billie Holiday Theatre,Brooklyn,NY,218,"performing arts theatre in Brooklyn, New York",wikidata_sparql
Q5557355,Ghostlight Theatre,North Tonawanda,NY,214,"theater in North Tonawanda, New York, originally a Methodist church",wikidata_sparql
Q65548662,Sonia Ballroom,New York City,NY,200,Brooklyn jazz venue,wikidata_sparql
Q4863904,Barrow Street Theatre,Manhattan,NY,199,theater in New York City,wikidata_sparql
Q125394976,Anne L. Bernstein Theater,Manhattan,NY,199,"Off-Broadway theater in The Theatre Center, Manhattan, New York, USA",wikidata_sparql
Q125465898,Theatre Row Theatre Three,Manhattan,NY,199,"theater in Manhattan, New York, USA",wikidata_sparql
Q125467416,Jerry Orbach Theater,Manhattan,NY,199,"theater in Manhattan, New York, USA",wikidata_sparql
Q130638051,New World Stages - Stage 5,Manhattan,NY,199,"Off-Broadway theatre in Manhattan, New York, USA",wikidata_sparql
Q130750975,Linda Gross Theater,Manhattan,NY,199,Off-Broadway theatre building in New York City,wikidata_sparql
Q130917369,Greenwich House Theatre,Manhattan,NY,199,theatre venue operated by Ars Nova in New York City,wikidata_sparql
Q131155961,Theatre 79,Manhattan,NY,199,theatre operated by the New York Theatre Workshop,wikidata_sparql
Q125386812,Playwrights Horizons - Mainstage,Manhattan,NY,198,"Off-Broadway theatre in Manhattan, New York, USA",wikidata_sparql
Q39046798,47th Street Theatre,Manhattan,NY,196,"Off-Broadway theatre in Hell's Kirchen, Manhattan, New York City, United States",wikidata_sparql
Q131927719,Martinique Theatre,New York City,NY,195,"former Broadway theater in Manhattan, NYC",wikidata_sparql
Q14707345,St. Luke's Theatre,Manhattan,NY,178,former off-Broadway venue (active 1995-2020),wikidata_sparql
Q15032335,SoHo Playhouse,Manhattan,NY,178,theater in New York City,wikidata_sparql
Q125394712,Theatre at Saint Clement's,Manhattan,NY,160,"Off-Broadway theatre in Manhattan, New York,USA",wikidata_sparql
Q125467273,Peter Norton Space,Manhattan,NY,160,"theater in Manhattan, New York, USA",wikidata_sparql
Q125017450,Connelly Theater,Manhattan,NY,150,"Off-Broadway theater in Manhattan, New York",wikidata_sparql
Q131155918,Manhattan Theatre Club Stage II,Manhattan,NY,150,performance space at City Center in New York City,wikidata_sparql
Q125386729,Howard Gilman Performance Space,Manhattan,NY,136,"performance space at the Baryshnikov Arts Center in Manhattan, New York, USA",wikidata_sparql
Q4052705,Vineyard Theatre,Manhattan,NY,132,off-Broadway theatre company,wikidata_sparql
Q123421409,Peter Jay Sharp Theater at Playwrights Horizons,New York City,NY,128,performing arts venue at Playwrights Horizons in New York City,wikidata_sparql
Q7839895,Stage 72,Manhattan,NY,120,performance venue in New York City,wikidata_sparql
Q131155706,Claire Tow Theater,Manhattan,NY,112,theatre operated by Lincoln Center Theater in New York City,wikidata_sparql
Q7766054,The Spotted Pig,Manhattan,NY,100,Gastropub in New York City,wikidata_sparql
Q107657875,Mint Theater,Manhattan,NY,99,"theater in Manhattan, New York, USA",wikidata_sparql
Q125395056,DR2 Theatre,Manhattan,NY,99,"Off-Broadway theater in Manhattan, New York, USA",wikidata_sparql
Q130917179,Theatre 511,Manhattan,NY,99,theatre venue operated by Ars Nova in New York City,wikidata_sparql
Q6417994,Kitchen Theatre Company,Ithaca,NY,99,"non-profit theater company in Ithaca, New York, U.S",wikidata_sparql
Q5043145,Carlyle Restaurant,Manhattan,NY,90,New York City,wikidata_sparql
Q125465916,Theatre Row Theatre One,Manhattan,NY,88,"theatre in Manhattan, New York, USA",wikidata_sparql
Q14706774,Laurie Beechman Theatre,Manhattan,NY,80,"dinner theater in Manhattan, New York City",wikidata_sparql
Q17182901,Incubator Arts Project,Manhattan,NY,80,"former Off-Off-Broadway theater located above St. Mark's Church-in-the-Bowery in the East Village of Manhattan, New York City",wikidata_sparql
Q5359767,Eleven Madison Park,Manhattan,NY,80,restaurant in NYC,wikidata_sparql
Q123698309,Upright Citizens Brigade Theatre,New York City,NY,75,theatre venue in New York City (?-2002),wikidata_sparql
Q6705024,Lusardi's,Manhattan,NY,75,Italian restaurant in New York City,wikidata_sparql
Q2294913,Smalls Jazz Club,Manhattan,NY,74,jazz club located in New York City,wikidata_sparql
Q125386838,Urban Stages Theater,Manhattan,NY,74,"theater in Manhattan, New York, USA",wikidata_sparql
Q7554767,Soho Repertory Theatre,Manhattan,NY,73,"Off-Broadway theater company based in Manhattan, New York City, USA",wikidata_sparql
Q131155996,Fourth Street Theatre,Manhattan,NY,65,theatre operated by the New York Theatre Workshop,wikidata_sparql
Q65548659,Kingston Lounge,New York City,NY,60,Brooklyn jazz club,wikidata_sparql
Q23808414,The Drilling Company,Manhattan,NY,60,"Off-Off-Broadway theater in Manhattan, New York, USA",wikidata_sparql
Q6782218,Mas,Manhattan,NY,55,"restaurant in New York, United States",wikidata_sparql
Q4787408,Arclight Theatre,Manhattan,NY,54,"off-off-Broadway theater in New York, New York",wikidata_sparql
Q15227634,IDT Megabite Cafe,New York City,NY,50,"cybercafe and sushi bar in New York City, New York, USA",wikidata_sparql
Q5089487,Chef's Table at Brooklyn Fare,Brooklyn,NY,44,restaurant in the United States,wikidata_sparql
Q5134231,Clinton St. Baking Company & Restaurant,Manhattan,NY,32,American bakery and restaurant,wikidata_sparql
Q7690498,Taïm,Manhattan,NY,17,"restaurant in New York, United States",wikidata_sparql
Q5270027,Di Fara Pizza,Brooklyn,NY,15,"Pizzeria in Brooklyn, New York",wikidata_sparql
Q7143175,Pat's Hubba Hubba,Port Chester,NY,13,"restaurant in Port Chester, New York, United States",wikidata_sparql
Q838284,AT&T Stadium,Arlington,TX,105000,"stadium in Arlington, Texas, U.S.",wikidata_sparql
Q945223,Kyle Field,Texas,TX,102733,"football stadium in College Station, Texas",wikidata_sparql
Q1166591,Darrell K Royal–Texas Memorial Stadium,Austin,TX,95594,"Stadium at the University of Texas, United States",wikidata_sparql
Q1136764,Cotton Bowl,Fair Park,TX,92100,"stadium in Dallas, Texas, United States",wikidata_sparql
Q838284,AT&T Stadium,Arlington,TX,90000,"stadium in Arlington, Texas, U.S.",wikidata_sparql
Q1058864,NRG Stadium,Houston,TX,71054,"American football and multipurpose stadium in Houston, Texas, USA",wikidata_sparql
Q601596,Texas Stadium,Texas,TX,65675,"stadium in Texas, United States",wikidata_sparql
Q1618347,Alamodome,San Antonio,TX,65000,"multi-purpose domed stadium in San Antonio, Texas, USA",wikidata_sparql
Q1025406,Astrodome,Houston,TX,62439,"historic place in Houston, Harris County, Texas",wikidata_sparql
Q3183551,Jones AT&T Stadium,Lubbock,TX,60454,"stadium in Lubbock, Texas",wikidata_sparql
Q1618347,Alamodome,San Antonio,TX,59000,"multi-purpose domed stadium in San Antonio, Texas, USA",wikidata_sparql
Q3503735,Sun Bowl Stadium,El Paso,TX,51500,stadium at the University of Texas at El Paso,wikidata_sparql
Q3074454,Floyd Casey Stadium,Texas,TX,50000,"former football stadium in Waco, Texas",wikidata_sparql
Q1634492,Choctaw Stadium,Arlington,TX,48114,"stadium in Arlington, Texas, USA",wikidata_sparql
Q1857419,Rice Stadium,Houston,TX,47000,stadium at Rice University in Houston,wikidata_sparql
Q473943,Amon G. Carter Stadium,Fort Worth,TX,47000,American football stadium,wikidata_sparql
Q4874608,McLane Stadium,Waco,TX,45000,football stadium at Baylor University,wikidata_sparql
Q1193671,Daikin Park,Houston,TX,42060,"baseball stadium in Houston, Texas",wikidata_sparql
Q24284037,Globe Life Field,Arlington,TX,40300,"baseball park in Arlington, Texas, USA",wikidata_sparql
Q14711138,TDECU Stadium,Houston,TX,40000,football stadium at the University of Houston,wikidata_sparql
Q5149429,Colt Stadium,Houston,TX,33000,"Baseball stadium in Houston, Texas",wikidata_sparql
Q390127,Gerald J. Ford Stadium,Dallas,TX,32000,stadium in Texas,wikidata_sparql
Q1632955,Robertson Stadium,Houston,TX,32000,former American football stadium in Houston,wikidata_sparql
Q11597,DATCU Stadium,Denton,TX,30850,"college football stadium in Denton, Texas, United States",wikidata_sparql
Q5476314,Fouts Field,Denton,TX,30500,"stadium in Texas, United States",wikidata_sparql
Q14710340,Bobcat Stadium,Texas,TX,30000,"football stadium at Texas State University, San Marcos",wikidata_sparql
Q6815518,Memorial Stadium,Texas,TX,24000,"stadium in Mesquite, Texas",wikidata_sparql
Q7114921,Ownby Stadium,Dallas,TX,23783,"stadium in Dallas, TX, USA",wikidata_sparql
Q4705979,Alamo Stadium,San Antonio,TX,23000,"Stadium in San Antionio, Texas",wikidata_sparql
Q4705979,Alamo Stadium,Texas,TX,23000,"Stadium in San Antionio, Texas",wikidata_sparql
Q176460,Shell Energy Stadium,Houston,TX,22039,"soccer stadium in Houston, Texas, USA",wikidata_sparql
Q7116970,P.C. Cobb Stadium,Texas,TX,22000,"outdoor athletic stadium in Dallas, Texas",wikidata_sparql
Q1140457,Toyota Stadium,Texas,TX,20500,stadium in Texas,wikidata_sparql
Q56278477,Q2 Stadium,Austin,TX,20500,"soccer venue in Austin, Texas, United States",wikidata_sparql
Q6588130,Mike A. Myers Stadium,Texas,TX,20000,"soccer and track stadium in Texas, US",wikidata_sparql
Q5127221,Clark Field,Austin,TX,20000,predecessor to the 1928–1974 version of Clark Field in Austin,wikidata_sparql
Q6410023,Kimbrough Memorial Stadium,Canyon,TX,20000,"football stadium in Canyon, Texas",wikidata_sparql
Q7295820,Ratliff Stadium,Odessa,TX,19302,"football stadium in Odessa, Texas",wikidata_sparql
Q463345,American Airlines Center,Dallas,TX,19200,"multi-purpose arena in Dallas, Texas, United States",wikidata_sparql
Q463345,American Airlines Center,Victory Park,TX,19200,"multi-purpose arena in Dallas, Texas, United States",wikidata_sparql
Q298573,Frost Bank Center,San Antonio,TX,18581,"arena in San Antonio, Texas, USA",wikidata_sparql
Q298573,Frost Bank Center,Texas,TX,18581,"arena in San Antonio, Texas, USA",wikidata_sparql
Q5436299,Farrington Field,Texas,TX,18500,"stadium in Fort Worth, Texas",wikidata_sparql
Q1166157,Toyota Center,Houston,TX,18023,"indoor arena in Houston, Texas, USA",wikidata_sparql
Q5595309,Astound Broadband Stadium,Midland,TX,18000,"sports stadium in Midland, Texas, U.S",wikidata_sparql
Q5325261,Eagle Stadium,Allen,TX,18000,High school football stadium,wikidata_sparql
Q3082598,Frank Erwin Center,Austin,TX,17900,former arena at the University of Texas at Austin,wikidata_sparql
Q7413269,San Angelo Stadium,Texas,TX,17500,"stadium in San Angelo, Texas",wikidata_sparql
Q1859962,Reunion Arena,Dallas,TX,17007,"demolished indoor arena in Dallas, Texas",wikidata_sparql
Q72176,Lakewood Church,Houston,TX,16800,"church in Houston, Texas, United States",wikidata_sparql
Q1145169,HemisFair Arena,San Antonio,TX,16057,"San Antonio arena, standing from 1968 to 1995",wikidata_sparql
Q2435324,Lakewood Church Central Campus,Houston,TX,15676,"former sports arena and current megachurch in Houston, Texas",wikidata_sparql
Q7252818,Provost Umphrey Stadium,Texas,TX,15367,,wikidata_sparql
Q378655,United Spirit Arena,Texas,TX,15098,arena,wikidata_sparql
Q7502617,Shotwell Stadium,Abilene,TX,15075,"football stadium in Abilene, Texas",wikidata_sparql
Q79477138,Moody Center,Austin,TX,15000,"indoor arena in Austin, Texas",wikidata_sparql
Q6165350,Javelina Stadium,Kingsville,TX,15000,"sports venue in Kingsville, Texas",wikidata_sparql
Q5889968,Homer Bryce Stadium,Texas,TX,14575,"stadium in Nacogdoches, Texas",wikidata_sparql
Q6815531,Memorial Stadium,Texas,TX,14500,stadium in Wichita Falls,wikidata_sparql
Q14710536,John Clark Field,Texas,TX,14442,"Athletic facility in Plano, Texas, US",wikidata_sparql
Q4950911,Bowers Stadium,Texas,TX,14000,"American football stadium in Texas, US",wikidata_sparql
Q14711273,Reed Arena,College Station,TX,12989,"sports arena on Texas A&M campus in College Station, Texas",wikidata_sparql
Q7141550,Pasadena Memorial Stadium,Texas,TX,12700,"Pasadena, Texas",wikidata_sparql
Q6588343,Pennington Field,Texas,TX,12500,stadium in Texas,wikidata_sparql
Q6794182,"Maverick Stadium,Texas",Tarrant County,TX,12500,"stadium in Texas, US",wikidata_sparql
Q5006492,C. H. Collins Athletic Complex,Texas,TX,12000,"Multi-use stadium in Denton, Texas, U.S.",wikidata_sparql
Q5254264,Delmar Stadium,Texas,TX,12000,"stadium in Houston, Texas, USA",wikidata_sparql
Q5292758,Don Haskins Center,El Paso,TX,12000,"arena in Texas, United States",wikidata_sparql
Q5739634,Herman Clark Stadium,Fort Worth,TX,12000,"multi-use stadium in Fort Worth, Texas",wikidata_sparql
Q5034127,Canutillo Stadium,Canutillo,TX,12000,"stadium in Canutillo, Texas, US",wikidata_sparql
Q3087349,Freeman Coliseum,San Antonio,TX,11700,sports and concert venue located in San Antonio,wikidata_sparql
Q4985856,Buffalo Stadium,Houston,TX,11556,"former baseball park in Houston, Texas",wikidata_sparql
Q1438829,Fort Worth Convention Center,Fort Worth,TX,11200,arena and convention center,wikidata_sparql
Q5743135,Heroes Stadium,Texas,TX,11122,"football stadium in San Antonio, Texas",wikidata_sparql
Q5743135,Heroes Stadium,Texas,TX,11000,"football stadium in San Antonio, Texas",wikidata_sparql
Q19881199,Ken Pridgeon Stadium,Texas,TX,11000,"outdoor American football stadium located in Houston, Texas",wikidata_sparql
Q7390484,SISD Student Activities Complex,El Paso,TX,11000,,wikidata_sparql
Q2170686,"Dragon Stadium, Southlake",Southlake,TX,11000,"stadium in Southlake, Texas",wikidata_sparql
Q5150495,Comalander Stadium,Texas,TX,10952,sport site,wikidata_sparql
Q6904028,Montagne Center,Texas,TX,10746,"events centre in Beaumont, Texas",wikidata_sparql
Q2861657,Arlington Stadium,Arlington,TX,10600,"former baseball stadium in Arlington, TX",wikidata_sparql
Q7865411,UNT Coliseum,Texas,TX,10500,"Multi-purpose arena in Denton, Texas",wikidata_sparql
Q4999683,Burnett Field,Dallas,TX,10500,"Baseball venue in Dallas, Texas, US",wikidata_sparql
Q5304547,Riders Field,Frisco,TX,10316,"baseball stadium in Frisco, Texas",wikidata_sparql
Q5518389,Galena Park ISD Stadium,Texas,TX,10300,"stadium in Texas, United States",wikidata_sparql
Q5445295,Ferrell Center,Waco,TX,10284,arena at Baylor University,wikidata_sparql
Q7801479,Tiger Stadium,Texas,TX,10001,"high school stadium in Corsicana, Texas",wikidata_sparql
Q7945265,W.W. Thorne Stadium,Texas,TX,10000,"American football and soccer venue in Houston, Texas",wikidata_sparql
Q6878756,Mission Stadium,San Antonio,TX,10000,"stadium in San Antonio, Texas",wikidata_sparql
Q5876764,Fertitta Center,Houston,TX,10000,"multi-purpose arena on the University of Houston campus in Houston, Texas",wikidata_sparql
Q7620946,Strahan Arena,San Marcos,TX,10000,"sports venue in San Marcos, Texas, United States",wikidata_sparql
Q5467651,Ford Arena,Texas,TX,9737,"building in Texas, United States",wikidata_sparql
Q5467887,Ford Park,Texas,TX,9737,"building in Texas, United States",wikidata_sparql
Q5141325,Cohen Stadium,El Paso,TX,9725,"former baseball stadium in El Paso, Texas",wikidata_sparql
Q8032676,Woodforest Bank Stadium,Shenandoah,TX,9600,"sports venue in Shenandoah, Texas, United States",wikidata_sparql
Q14711394,Veterans Memorial Stadium,Texas,TX,9500,"multisports venue in League City, Texas",wikidata_sparql
Q7325347,Richard E. Berry Educational Support Center,Harris County,TX,9500,"Cypress, Texas, United States",wikidata_sparql
Q15711510,New El Paso Ballpark,El Paso,TX,9500,"baseball park in El Paso, Texas, USA",wikidata_sparql
Q14711226,Pearland Stadium,Texas,TX,9200,"multi-use stadium in Pearland, Texas",wikidata_sparql
Q6990777,Nelson W. Wolff Municipal Stadium,San Antonio,TX,9200,"baseball stadium in San Antonio, Texas",wikidata_sparql
Q5422183,Extraco Events Center,Texas,TX,9000,"building in Texas, United States",wikidata_sparql
Q7754779,The Oil Palace,Texas,TX,9000,"building in Texas, United States",wikidata_sparql
Q6990513,Nelson Field,Austin,TX,8800,"multi-use stadium in Austin, Texas, United States of America",wikidata_sparql
Q764550,Dell Diamond,Round Rock,TX,8722,stadium,wikidata_sparql
Q5429895,Fair Park Coliseum,Dallas,TX,8513,"multi-purpose arena in Dallas, Texas",wikidata_sparql
Q5074291,Charger Stadium,Texas,TX,8500,,wikidata_sparql
Q14711341,Student Activity Complex,Texas,TX,8500,"sports and arts complex in Laredo, Texas",wikidata_sparql
Q4740273,Amarillo National Bank Sox Stadium,Amarillo,TX,8500,"Baseball stadium in Amarillo, Texas, US",wikidata_sparql
Q1052519,Cedar Park Center,Cedar Park,TX,8500,architectural structure,wikidata_sparql
Q5123033,City Bank Stadium,Forney,TX,8500,"stadium in Forney, Texas, US",wikidata_sparql
Q5876764,Fertitta Center,Houston,TX,8479,"multi-purpose arena on the University of Houston campus in Houston, Texas",wikidata_sparql
Q8002438,Wilkerson-Sanders Memorial Stadium,Texas,TX,8330,"multi-use stadium in Rockwall, Texas",wikidata_sparql
Q7830784,Toyota Field,San Antonio,TX,8296,"stadium in San Antonio, Texas, USA",wikidata_sparql
Q6842591,Midlothian Stadium,Midlothian,TX,8176,,wikidata_sparql
Q14710487,Health and Physical Education Arena,Houston,TX,8100,"multi-purpose arena in Houston, Texas",wikidata_sparql
Q6488887,Laredo Energy Arena,Texas,TX,8065,arena in Laredo TX,wikidata_sparql
Q7311038,NRG Arena,NRG Park,TX,8000,sports center,wikidata_sparql
Q1052519,Cedar Park Center,Cedar Park,TX,8000,architectural structure,wikidata_sparql
Q5512443,G. Rollie White Coliseum,Texas,TX,7800,"building in Texas, United States",wikidata_sparql
Q7627120,Stuart Stadium,Beaumont,TX,7500,"demolished ballpark in Beaumont, Texas",wikidata_sparql
Q7627120,Stuart Stadium,Jefferson County,TX,7500,"demolished ballpark in Beaumont, Texas",wikidata_sparql
Q5163924,Constellation Field,Sugar Land,TX,7500,"baseball stadium in Sugar Land, Texas",wikidata_sparql
Q6380314,Kay Yeager Coliseum,Texas,TX,7380,"arena in Wichita Falls, Texas",wikidata_sparql
Q6525257,Leonard E. Merrell Center,Texas,TX,7200,"building in Texas, United States",wikidata_sparql
Q1052519,Cedar Park Center,Cedar Park,TX,7200,architectural structure,wikidata_sparql
Q5876764,Fertitta Center,Houston,TX,7100,"multi-purpose arena on the University of Houston campus in Houston, Texas",wikidata_sparql
Q5028012,Campbell Center,Texas,TX,7000,"building in Texas, United States",wikidata_sparql
Q2982974,College Park Center,Arlington,TX,7000,indoor arena at the University of Texas at Arlington,wikidata_sparql
Q9035055,Moody Coliseum,University Park,TX,7000,arena at Southern Methodist University,wikidata_sparql
Q5123035,Lubbock Municipal Coliseum,Lubbock,TX,6893,"former arena in Lubbock, Texas, US",wikidata_sparql
Q1052519,Cedar Park Center,Cedar Park,TX,6863,architectural structure,wikidata_sparql
Q7864459,UFCU Disch–Falk Field,Austin,TX,6756,"baseball stadium in Austin, Texas",wikidata_sparql
Q2982974,College Park Center,Arlington,TX,6750,indoor arena at the University of Texas at Arlington,wikidata_sparql
Q5219503,Schollmaier Arena,Fort Worth,TX,6700,"basketball arena in Fort Worth, Texas",wikidata_sparql
Q4740261,Amarillo Civic Center,Texas,TX,6670,"building in Texas, United States",wikidata_sparql
Q4883147,Bell County Expo Center,Texas,TX,6559,"building in Texas, United States",wikidata_sparql
Q1631374,House Park,Texas,TX,6500,high school football stadium,wikidata_sparql
Q6312514,Junell Center,Texas,TX,6500,"building in Texas, United States",wikidata_sparql
Q5901203,Hopper Field,Texas,TX,6400,"stadium in Freeport, Texas",wikidata_sparql
Q4731637,Credit Union of Texas Event Center,Allen,TX,6275,"building in Allen, Texas, United States",wikidata_sparql
Q5528824,Gayle and Tom Benson Stadium,San Antonio,TX,6200,Stadium at University of Incarnate Word,wikidata_sparql
Q6859194,Miller Outdoor Theatre,Houston,TX,6200,"open-air theater in Houston, Texas, United States",wikidata_sparql
Q4893295,Bernard Johnson Coliseum,Huntsville,TX,6110,"multi-purpose arena in Huntsville, Texas",wikidata_sparql
Q4731637,Credit Union of Texas Event Center,Allen,TX,6006,"building in Allen, Texas, United States",wikidata_sparql
Q5184172,Crenshaw Memorial Stadium,Texas,TX,6000,"stadium in Houston, Texas",wikidata_sparql
Q6588469,Uni-Trade Stadium,Texas,TX,6000,"baseball stadium in Laredo, Texas",wikidata_sparql
Q5343990,Edward L. Blackshear Field,Prairie View,TX,6000,"multi-purpose stadium in Prairie View, Texas",wikidata_sparql
Q7851279,Tudor Fieldhouse,Houston,TX,5750,"arena in Houston, Texas, US",wikidata_sparql
Q1968734,Payne Arena,Texas,TX,5500,"Multi-purpose arena in Hildago, Texas",wikidata_sparql
Q6821674,Mesquite Arena,Mesquite,TX,5500,American rodeo venue,wikidata_sparql
Q5281430,Disch Field,Austin,TX,5500,"baseball field in Austin, Texas, USA",wikidata_sparql
Q7271948,Grand Prairie Stadium,Grand Prairie,TX,5445,sports stadium,wikidata_sparql
Q7991654,Whataburger Field,Corpus Christi,TX,5400,"Baseball stadium in Corpus Christi, Texas, US",wikidata_sparql
Q7088553,Olsen Field at Blue Bell Park,College Station,TX,5400,baseball park at Texas A&M University,wikidata_sparql
Q7302544,Reckling Park,Houston,TX,5368,"baseball Stadium at Texas, USA",wikidata_sparql
Q5473655,Foster Communications Coliseum,Texas,TX,5260,"building in Texas, United States",wikidata_sparql
Q5351766,El Paso County Coliseum,El Paso,TX,5250,"arena in El Paso, Texas",wikidata_sparql
Q5430432,Fairgrounds Field,Robstown,TX,5200,"ballpark in Robstown, Texas",wikidata_sparql
Q5254255,Delmar Fieldhouse,Texas,TX,5000,"building in Texas, United States",wikidata_sparql
Q137831885,Camp East Montana,El Paso County,TX,5000,ICE internment camp in Texas,wikidata_sparql
Q7906056,V. J. Keefe Memorial Stadium,San Antonio,TX,5000,"Stadium in San Antonio, Texas, US",wikidata_sparql
Q4769118,Annette Strauss Square,Dallas,TX,5000,"outdoor theater in Dallas, Texas",wikidata_sparql
Q4874593,Baylor Ballpark,Waco,TX,5000,baseball stadium,wikidata_sparql
Q6387272,Ken Bahnsen Gym,Denton,TX,5000,"arena in Denton, Texas",wikidata_sparql
Q7923614,Veterans Field,Laredo,TX,5000,"baseball venue in Laredo, Texas, United States",wikidata_sparql
Q15221688,Gilliam Indoor Track Stadium,College Station,TX,5000,"sports venue in College Station, Texas",wikidata_sparql
Q7707424,The Field House,Commerce,TX,5000,building at East Texas A&M University,wikidata_sparql
Q5122441,Momentum Bank Ballpark,Midland,TX,4709,"Ballpark in Midland, Texas, US",wikidata_sparql
Q6907198,Moody Coliseum,Abilene,TX,4600,arena at Abilene Christian University,wikidata_sparql
Q93381034,Bexar County Jail,Bexar County,TX,4563,jail in Bexar County,wikidata_sparql
Q14710445,Dan Law Field at Rip Griffin Park,Lubbock,TX,4528,"baseball stadium at Texas Tech University in Lubbock, TX",wikidata_sparql
Q5211416,Dallas Sportatorium,Texas,TX,4500,"arena in Texas, United States",wikidata_sparql
Q14710987,Lupton Stadium,Fort Worth,TX,4500,"baseball stadium in Fort Worth, Texas",wikidata_sparql
Q8564918,Foster Field,San Angelo,TX,4200,college baseball stadium,wikidata_sparql
Q6460757,LaGrave Field,Fort Worth,TX,4100,abandoned baseball park,wikidata_sparql
Q5166596,Convocation Center,San Antonio,TX,4080,arena on the campus of University of Texas at San Antonio,wikidata_sparql
Q7707468,Texas A&M International University Soccer Complex,Texas,TX,4000,"soccer complex in Laredo, Texas",wikidata_sparql
Q55604545,Aveva Stadium,Houston,TX,4000,rugby stadium in Houston,wikidata_sparql
Q5109177,Christensen Stadium,Midland,TX,4000,"Stadium in Midland, Texas, US",wikidata_sparql
Q14710910,Katy Park,Waco,TX,4000,"Baseball park in Waco, Texas, US",wikidata_sparql
Q5606946,Gregory Gymnasium,Austin,TX,4000,"indoor arena in Austin, Texas",wikidata_sparql
Q7048214,Nolan Ryan Field,Kingsville,TX,4000,"Baseball venue in Kingsville, Texas, US",wikidata_sparql
Q5338128,UTRGV Baseball Stadium,Edinburg,TX,4000,baseball stadium in Texas,wikidata_sparql
Q6552091,Linda and Terry Fuller Track,Texas,TX,3500,"multi-use stadium in Lubbock, Texas",wikidata_sparql
Q637300,Comerica Center,Frisco,TX,3500,stadium,wikidata_sparql
Q6941540,Music Hall at Fair Park,Dallas,TX,3420,"theatre at Fair Park, Dallas, Texas, formerly home to the Dallas Opera",wikidata_sparql
Q1113726,Houston Grand Opera,Houston,TX,3300,opera company,wikidata_sparql
Q2872112,Austin Convention Center,Texas,TX,3200,multi-purpose convention center,wikidata_sparql
Q21015964,East Plano Islamic Center,Plano,TX,3200,mosque in Plano,wikidata_sparql
Q8027413,Wisdom Gymnasium,Texas,TX,3000,"multi-purpose arena in Stephenville, Texas",wikidata_sparql
Q6506361,LeGrand Sports Complex,Texas,TX,3000,"athletic complex in San Angelo, Texas",wikidata_sparql
Q7148029,Patriot Stadium,Texas,TX,3000,"soccer stadium in El Paso, Texas",wikidata_sparql
Q54871216,Gas Monkey Live,Dallas,TX,3000,"music venue in Dallas, Texas",wikidata_sparql
Q6818959,Meredith Memorial Stadium,Mineola,TX,3000,,wikidata_sparql
Q7707721,Texas Hall,Texas,TX,2625,"building in Arlington, Texas, United States",wikidata_sparql
Q7987307,Washburne Soccer and Track Stadium,Texas,TX,2577,"stadium in University Park, Texas, United States",wikidata_sparql
Q6082357,Islamic Center of Irving,Texas,TX,2500,Mosque in the United States,wikidata_sparql
Q14710535,Jeppesen Gymnasium,Texas,TX,2500,"former sports facility in Houston, Texas",wikidata_sparql
Q14711379,Carl Lewis International Complex,Texas,TX,2500,"stadium in Texas, USA",wikidata_sparql
Q7985100,West End Park,Houston,TX,2500,"former baseball park in Houston, Texas",wikidata_sparql
Q574313,Chavez Theatre,El Paso,TX,2500,"concert hall in El Paso, Texas",wikidata_sparql
Q7074427,Oasis Restaurant,Austin,TX,2500,"restaurant in Texas, United States",wikidata_sparql
Q93312979,Jerry E. Apple Stadium,Sherman,TX,2500,,wikidata_sparql
Q120434937,Brown Theater,Houston,TX,2405,"theater in Houston, Texas, USA; part of the Wortham Center",wikidata_sparql
Q4935778,Bobcat Ballpark,Texas,TX,2400,"Baseball venue in San Marcos, Texas, US",wikidata_sparql
Q6956110,NYTEX Sports Centre,Texas,TX,2400,"arena in North Richland Hills, Texas",wikidata_sparql
Q6801161,McFarlin Memorial Auditorium,Dallas,TX,2386,"building in Dallas, Dallas County, Texas",wikidata_sparql
Q6801161,McFarlin Memorial Auditorium,Dallas County,TX,2386,"building in Dallas, Dallas County, Texas",wikidata_sparql
Q5493322,Margot and Bill Winspear Opera House,Dallas,TX,2300,"opera house in Dallas, Texas",wikidata_sparql
Q6737719,Majestic Theatre,San Antonio,TX,2264,"theater and movie theater in San Antonio, Texas, United States",wikidata_sparql
Q670323,Morton H. Meyerson Symphony Center,Dallas,TX,2062,"concert hall in Dallas, Texas, United States",wikidata_sparql
Q93312331,Ornelas Stadium,Texas,TX,2046,"American football stadium in Texas, USA",wikidata_sparql
Q2887300,Bass Performance Hall,Fort Worth,TX,2042,"concert hall in downtown Fort Worth,Texas",wikidata_sparql
Q6800852,McDermott Convocation Center,San Antonio,TX,2000,"arena in San Antonio, Texas",wikidata_sparql
Q574103,Casa Mañana,Fort Worth,TX,1805,"theatre in Fort Worth, Texas",wikidata_sparql
Q7353071,Robinson Stadium,Texas City,TX,1800,"Baseball stadium in Texas City, Texas, US",wikidata_sparql
Q4692214,Aggie Softball Complex,Texas,TX,1750,"stadium in College Station, Texas",wikidata_sparql
Q6737714,Majestic Theatre,Dallas,TX,1704,"historic place in Dallas, Dallas County, Texas",wikidata_sparql
Q6737714,Majestic Theatre,Dallas County,TX,1704,"historic place in Dallas, Dallas County, Texas",wikidata_sparql
Q5129905,Clay Gould Ballpark,Arlington,TX,1600,"Sports venue in Arlington, Texas, US",wikidata_sparql
Q6262744,John Walker Soccer Complex,Texas,TX,1500,"soccer stadium in Texas, US",wikidata_sparql
Q5015231,Cabaniss Field,Corpus Christi,TX,1500,"Baseball stadium in Corpus Christi, Texas, US",wikidata_sparql
Q55026817,Casa Padre,Brownsville,TX,1500,detention facility,wikidata_sparql
Q7669782,TCU Diamond,Fort Worth,TX,1500,"Ballpark in Fort Worth, Texas, US",wikidata_sparql
Q5365854,Ellis Burks Field,Ranger,TX,1500,sporting venue in the United States,wikidata_sparql
Q4832962,Aztec Theatre,San Antonio,TX,1477,"building in San Antonio, Bexar County, Texas",wikidata_sparql
Q6705390,Lutcher Theater,Orange,TX,1450,"theater in Orange, Texas, USA",wikidata_sparql
Q98372910,Big Spring Municipal Auditorium,Big Spring,TX,1412,"concert and multi-purpose hall in Big Spring, Texas, United States",wikidata_sparql
Q1115104,Kokernot Field,Alpine,TX,1400,"baseball stadium in Alpine, Texas",wikidata_sparql
Q5570952,Globe-News Center for the Performing Arts,Amarillo,TX,1300,"performing arts center in Amarillo, Texas",wikidata_sparql
Q7305270,Red and Charline McCombs Field,Austin,TX,1300,"sports venue in Austin, Texas",wikidata_sparql
Q7756086,Paramount Theatre,Austin,TX,1270,"theater and movie theater in Austin, Texas",wikidata_sparql
Q8033038,Woodlawn Theatre,San Antonio,TX,1257,"theater in San Antonio, Texas",wikidata_sparql
Q5176053,Cougar Softball Stadium,Houston,TX,1200,"Houston, Texas - softball stadium for the Houston Cougars",wikidata_sparql
Q7238754,Pratt Field,Mineral Wells,TX,1200,"baseball stadium in Mineral Wells, Texas",wikidata_sparql
Q15265388,Paramount Theatre,Abilene,TX,1189,"theater and movie theater in Abilene, Texas, United States",wikidata_sparql
Q5293469,Don Sanders Stadium,Huntsville,TX,1164,"Stadium in Huntsville, Texas, US",wikidata_sparql
Q7963961,Walt Driggers Field,Texas,TX,1000,,wikidata_sparql
Q7636409,Sullivan Field,San Antonio,TX,1000,baseball field of the Incarnate Word Cardinals,wikidata_sparql
Q5594109,Granada Theater,Dallas,TX,1000,"concert hall in Dallas, Texas, United States, formerly a movie theater",wikidata_sparql
Q5949383,Husky Field,Houston,TX,1000,"Houston Baptist University's baseball stadium, opened in 1993",wikidata_sparql
Q6167721,Jaycees Field,Nacogdoches,TX,1000,"Nacogdoches, Texas baseball venue",wikidata_sparql
Q5628347,"H. L. ""Hub"" Hollis Field",Paris,TX,1000,"baseball stadium in Paris, Texas, United States",wikidata_sparql
Q29470749,"Baitus Samee Mosque, Houston",Houston,TX,900,"in Texas, United States",wikidata_sparql
Q7715474,The Ballpark at Hallsville,Hallsville,TX,850,,wikidata_sparql
Q125395568,Hubbard Theatre,Houston,TX,824,"theatre building in Houston, Texas, USA; part of Alley Theatre",wikidata_sparql
Q8001094,Wilder Field,Plainview,TX,810,,wikidata_sparql
Q7339622,Roadrunner Field,Texas,TX,800,"Baseball stadium in San Antonio, Texas, US",wikidata_sparql
Q7148007,Patriot Field,Dallas,TX,700,"Baseball field in Dallas, Texas, US",wikidata_sparql
Q7304652,Red Murff Field,Belton,TX,700,"Baseball venue in Belton, Texas, US",wikidata_sparql
Q95986541,George R. Brown Tennis Center,Houston,TX,600,"tennis venue in Houston, Texas",wikidata_sparql
Q16976510,Yucca Theatre,Midland,TX,550,"historic place in Midland, Midland County, Texas",wikidata_sparql
Q14711386,ULM Softball Complex,Texas,TX,500,"stadium in Monroe, Louisiana",wikidata_sparql
Q6696681,Lucian-Hamilton Field,Austin,TX,500,"baseball venue in Austin, Texas",wikidata_sparql
Q6353240,Kalita Humphreys Theater,Dallas,TX,497,"theater in Dallas, Texas, designed by Frank Lloyd Wright",wikidata_sparql
Q28451586,Liberty Hall,Houston,TX,450,"former live music venue in Houston, Texas",wikidata_sparql
Q5016180,Cactus Theater,Lubbock,TX,426,"building in Lubbock, Lubbock County, Texas",wikidata_sparql
Q3772353,Globe of the Great Southwest,Odessa,TX,410,,wikidata_sparql
Q7397110,Sacred Heart Cathedral,Amarillo,TX,350,"former cathedral church in Amarillo, Texas, United States",wikidata_sparql
Q4801203,Artisan Center Theater,Hurst,TX,345,"theater in Hurst, Texas, in the Dallas/Fort Worth Metroplex",wikidata_sparql
Q123759329,Dudley Hall,Cleburne,TX,270,"theatre located in downtown Cleburne, Johnson County, Texas, United States",wikidata_sparql
Q15179457,Allan Saxe Field,Arlington,TX,250,"sports stadium in Arlington, Texas",wikidata_sparql
Q128711126,HITS Theatre,Houston,TX,220,"building in Houston, Texas, United States",wikidata_sparql
Q7336901,Ritz,Austin,TX,175,"historic theater in Austin, Texas, United States",wikidata_sparql
Q7337669,River Oaks Country Club,Houston,TX,150,Private golf and tennis club in Houston,wikidata_sparql
Q104636291,Caprock Canyons State Park and Trailway Amphitheater,Briscoe County,TX,40,,wikidata_sparql
Q1132413,Soldier Field,Chicago,IL,63500,"Football stadium in Chicago, Illinois, United States",wikidata_sparql
Q1132413,Soldier Field,Chicago,IL,61500,"Football stadium in Chicago, Illinois, United States",wikidata_sparql
Q133827423,Stagg Field,Illinois,IL,58000,"former football stadium in Chicago, US",wikidata_sparql
Q3305514,Gies Memorial Stadium,Illinois,IL,55524,"stadium in Champaign, Illinois",wikidata_sparql
Q3453774,Ryan Field,Evanston,IL,47130,"demolished stadium in Evanston, Illinois",wikidata_sparql
Q1052807,Wrigley Field,Chicago,IL,41072,"baseball stadium in Chicago, Illinois, USA; home venue of the Chicago Cubs",wikidata_sparql
Q633613,Rate Field,Chicago,IL,40615,home venue of the Chicago White Sox,wikidata_sparql
Q130238480,Ryan Field,Evanston,IL,35000,future stadium at Northwestern University,wikidata_sparql
Q1114772,Comiskey Park,Chicago,IL,28000,former home park of the Chicago White Sox,wikidata_sparql
Q5949339,Huskie Stadium,Illinois,IL,23595,"stadium in Illinois, U.S.A.",wikidata_sparql
Q639975,United Center,Illinois,IL,23500,indoor arena in Chicago,wikidata_sparql
Q55886178,Lincoln Yards Stadium,Chicago,IL,20000,"proposed soccer stadium in Chicago, Illinois, USA",wikidata_sparql
Q999781,SeatGeek Stadium,Bridgeview,IL,20000,stadium,wikidata_sparql
Q2703852,Chicago Stadium,Chicago,IL,18676,"former indoor stadium in Chicago, Illinois",wikidata_sparql
Q1336027,Allstate Arena,Illinois,IL,18500,"arena in Rosemont, Illinois, USA",wikidata_sparql
Q5147466,Collinsville Soccer Complex,Interstate 255,IL,18500,"planned soccer-centered development to be located in Collinsville, Illinois, United States",wikidata_sparql
Q2703852,Chicago Stadium,Chicago,IL,18472,"former indoor stadium in Chicago, Illinois",wikidata_sparql
Q2703852,Chicago Stadium,Chicago,IL,17317,"former indoor stadium in Chicago, Illinois",wikidata_sparql
Q5651191,Hanson Field,McDonough County,IL,17168,"stadium in Macomb, Illinois, USA",wikidata_sparql
Q5651191,Hanson Field,Macomb,IL,17168,"stadium in Macomb, Illinois, USA",wikidata_sparql
Q6799950,McAndrew Stadium,Illinois,IL,17000,"demolished stadium in Illinois, USA",wikidata_sparql
Q5999477,Illinois Field,Champaign,IL,17000,"field no longer used, it was used for the Illinois Fighting Illini Football 1884",wikidata_sparql
Q2867017,State Farm Center,Champaign,IL,16618,basketball arena at the University of Illinois at Urbana–Champaign,wikidata_sparql
Q115682974,West Side Grounds,Illinois,IL,16000,"former baseball park in Chicago, IL",wikidata_sparql
Q7406284,Saluki Stadium,Illinois,IL,15000,"stadium in Illinois, USA",wikidata_sparql
Q7568485,South Side Park,Chicago,IL,15000,"former baseball stadium in Chicago, Illinois (USA)",wikidata_sparql
Q14687520,Hancock Stadium,Illinois,IL,13391,"stadium in Illinois, USA",wikidata_sparql
Q1655326,Vibrant Arena at The MARK,Moline,IL,12000,"Quad Cities civic center in Moline, Illinois",wikidata_sparql
Q654100,Now Arena,Hoffman Estates,IL,11218,"arena in Illinois, United States",wikidata_sparql
Q7305470,CEFCU Arena,Illinois,IL,10200,"arena in Illinois, United States",wikidata_sparql
Q3375001,Peoria Civic Center,Illinois,IL,10129,"entertainment and conference venue in downtown Peoria, Illinois, USA",wikidata_sparql
Q3299098,West Side Park,Illinois,IL,10000,"former baseball park in Chicago, IL",wikidata_sparql
Q5166594,Convocation Center,Illinois,IL,10000,"building in Illinois, United States",wikidata_sparql
Q7071680,O'Brien Stadium,Illinois,IL,10000,"stadium in Illinois, U.S.A.",wikidata_sparql
Q115701919,Lake Front Park,Illinois,IL,10000,"former baseball park in Chicago, IL",wikidata_sparql
Q2160692,BMO Center,Rockford,IL,10000,"arena in Illinois, United States",wikidata_sparql
Q7060308,Northwestern Field,Evanston,IL,10000,"defunct American football stadium in Evanston, Illinois (1905–1925)",wikidata_sparql
Q3547208,Credit Union 1 Arena,Chicago,IL,9500,multi-purpose arena,wikidata_sparql
Q1666325,International Amphitheatre,Chicago,IL,9000,"former arena in Chicago, Illinois, United States of America",wikidata_sparql
Q7390519,Banterra Center,Illinois,IL,8339,"arena in Illinois, United States",wikidata_sparql
Q7981834,Welsh–Ryan Arena,Evanston,IL,8117,"basketball venue on the campus of Northwestern University in Evanston, Illinois",wikidata_sparql
Q2337876,Bank of Springfield Center,Illinois,IL,7700,"convention center in Springfield, Illinois USA",wikidata_sparql
Q2337876,Bank of Springfield Center,Springfield,IL,7700,"convention center in Springfield, Illinois USA",wikidata_sparql
Q2337876,Bank of Springfield Center,Sangamon County,IL,7700,"convention center in Springfield, Illinois USA",wikidata_sparql
Q7071671,Dozer Park,Peoria,IL,7500,"Peoria Chiefs baseball stadium near downtown Peoria, Illinois",wikidata_sparql
Q7430999,Wintrust Field,Schaumburg,IL,7365,statidum located in Illinois,wikidata_sparql
Q5371507,Emil and Patricia Jones Convocation Center,Illinois,IL,7000,Chicago State University basketball arena and sports department headquarters,wikidata_sparql
Q7313508,Rent One Park,Marion,IL,7000,"stadium in Marion, Illinois",wikidata_sparql
Q7727616,The Corn Crib,Normal,IL,7000,"stadium in Normal, Illinois",wikidata_sparql
Q5447154,Fielders Stadium,Zion,IL,7000,"baseball park in Zion, Illinois, United States",wikidata_sparql
Q7863112,U.S. Cellular Coliseum,Bloomington,IL,7000,"arena in Bloomington, Illinois",wikidata_sparql
Q7515989,Silver Cross Field,Joliet,IL,6016,"Minor league baseball stadium in Joliet, Illinois",wikidata_sparql
Q5513049,GCS Ballpark,Sauget,IL,6000,"minor league baseball facility in Sauget, Illinois",wikidata_sparql
Q2370898,Chicago Coliseum,Chicago,IL,6000,"arena in Illinois, United States",wikidata_sparql
Q123121808,Illinois State Armory,Springfield,IL,6000,"state-owned multi-purpose building in Springfield, Illinois",wikidata_sparql
Q4737448,Alumni Hall,Illinois,IL,5308,multi-purpose arena in Chicago on DePaul's Lincoln Park campus,wikidata_sparql
Q967237,Lantz Arena,Illinois,IL,5300,arena,wikidata_sparql
Q113018364,Robin Roberts Stadium,Springfield,IL,5200,"baseball stadium in Springfield, Illinois USA",wikidata_sparql
Q7987888,Western Hall,Macomb,IL,5139,indoor arena at Western Illinois University,wikidata_sparql
Q16632340,Gunther Park,Chicago,IL,5000,"Baseball park in Chicago, Illinois",wikidata_sparql
Q5239388,David S. Palmer Arena,Danville,IL,4750,"Arena in Danville, Illinois, US",wikidata_sparql
Q4790333,Arie Crown Theater,Chicago,IL,4250,"theater on Lake Shore Drive in Chicago, Illinois, United States",wikidata_sparql
Q7312410,Renaissance Coliseum,Illinois,IL,4200,"sports building at Bradley University in Peoria, Illinois, United States",wikidata_sparql
Q7312410,Renaissance Coliseum,Peoria,IL,4200,"sports building at Bradley University in Peoria, Illinois, United States",wikidata_sparql
Q14687867,Medinah Temple,Chicago,IL,4200,"building in Chicago, Illinois",wikidata_sparql
Q123142321,Kintner Gymnasium,Decatur,IL,4200,former high school gymnasium and event venue,wikidata_sparql
Q5929482,Huff Hall,Champaign,IL,4050,multi-purpose arena belonging to the University of Illinois at Urbana-Champaign in the city of Champaign,wikidata_sparql
Q16975731,Auditorium Theatre,Chicago,IL,3875,"theater and music venue inside the Auditorium Building in Chicago, Illinois, United States",wikidata_sparql
Q16632622,Atkins Tennis Center,Illinois,IL,3800,"sports venue in Urbana, Illinois",wikidata_sparql
Q7492148,Shea Stadium,Peoria,IL,3800,"soccer venue and former baseball stadium in Peoria, Illinois",wikidata_sparql
Q5929482,Huff Hall,Champaign,IL,3800,multi-purpose arena belonging to the University of Illinois at Urbana-Champaign in the city of Champaign,wikidata_sparql
Q13650483,Moody Church,Illinois,IL,3740,"church in Chicago. Illinois, United States",wikidata_sparql
Q642866,Chicago Theatre,Chicago,IL,3600,"theater and former movie theater in Chicago, Illinois, United States",wikidata_sparql
Q5447561,Northwestern Medicine Field,Geneva,IL,3600,"baseball field located in north east Illinois, USA",wikidata_sparql
Q1833594,Civic Opera House,Illinois,IL,3563,"opera house in Chicago, Illinois, United States",wikidata_sparql
Q7077761,Odeum Expo Center,Illinois,IL,3500,"building in Illinois, United States",wikidata_sparql
Q2993017,Congress Theater,Chicago,IL,3500,"historic movie palace in the Logan Square neighborhood of Chicago, Illinois, United States; live music venue",wikidata_sparql
Q4828750,Aviators Stadium,Loves Park,IL,3279,"stadium in Loves Park, Illinois",wikidata_sparql
Q7598178,Ozinga Field,Crestwood,IL,3200,"baseball field in Crestwood, Illinois",wikidata_sparql
Q5337669,Edge Ice Arena,Bensenville,IL,3000,"multi-purpose arena in Bensenville, Illinois, U.S",wikidata_sparql
Q7969007,Ward Field,Bourbonnais,IL,2500,football stadium at Olivet Nazarene University,wikidata_sparql
Q5532738,Genesee Theatre,Waukegan,IL,2403,"concert hall and movie theater in Waukegan, Illinois, United States",wikidata_sparql
Q7784178,Thillens Stadium,Chicago,IL,2400,"Baseball stadium in Chicago, Illinois, US",wikidata_sparql
Q5172165,Coronado Performing Arts Center,Rockford,IL,2400,"theater in Rockford, Illinois, United States",wikidata_sparql
Q5016482,Cadillac Palace Theatre,Chicago,IL,2344,"theater in Chicago, Illinois, United States",wikidata_sparql
Q3077068,Nederlander Theatre,Chicago,IL,2253,"theater in Chicago, Illinois",wikidata_sparql
Q7231440,Portage Theatre,Chicago,IL,2250,"movie theater in Chicago, Illinois, United States",wikidata_sparql
Q124607454,Peoria Civic Center Theater,Peoria,IL,2173,"theater in Peoria, Illinois, USA",wikidata_sparql
Q16620284,Nelson Center,Springfield,IL,2100,"recreation center and sports venue in Springfield, Illinois, United States of America",wikidata_sparql
Q4666418,Abe Martin Field,Carbondale,IL,2000,"Baseball park at Southern Illinois University, Carbondale, IL",wikidata_sparql
Q16617142,University of Illinois Ice Arena,Champaign,IL,2000,"sports facility in Champaign, Illinois",wikidata_sparql
Q5480915,Francis Field,Greenville,IL,2000,located at Greenville College,wikidata_sparql
Q7322142,Rialto Square Theatre,Joliet,IL,1966,"theater and former movie theater in Joliet, Illinois, United States",wikidata_sparql
Q5527298,Copernicus Center with the Mitchell P. Kobelinski Theater,Chicago,IL,1890,"movie theatre and music venue in Chicago, Illinois, United States",wikidata_sparql
Q7135366,Paramount Theatre,Aurora,IL,1885,"theater and movie theater in Aurora, Illinois, United States",wikidata_sparql
Q921206,CIBC Theatre,Chicago,IL,1800,"theater in Chicago, Illinois",wikidata_sparql
Q5452490,First Baptist Congregational Church,Chicago,IL,1800,"church building in Chicago, United States of America",wikidata_sparql
Q7887481,United Artists Theatre,Chicago,IL,1703,"former theater and movie theater in Chicago, Illinois, United States",wikidata_sparql
Q7596914,Stagg Field,Illinois,IL,1650,"stadium at the University of Chicago, Illinois, US",wikidata_sparql
Q6858413,Mill Run Playhouse,Niles,IL,1600,"former theatre in Niles, Illinois, United States",wikidata_sparql
Q5999475,Illinois Field,Illinois,IL,1500,baseball venue in the Champain-Urbana District,wikidata_sparql
Q7372756,Roy E. Lee Field at Simmons Baseball Complex,Edwardsville,IL,1500,"baseball venue in Edwardsville, Illinois",wikidata_sparql
Q7287850,Ralph McKinzie Field,DeKalb,IL,1500,"baseball venue in DeKalb, Illinois",wikidata_sparql
Q7145037,Patio Theater,Chicago,IL,1494,"movie theater in Chicago, Illinois, United States",wikidata_sparql
Q7698654,Temple Sholom,Illinois,IL,1350,"reform synagogue in Illinois, United States",wikidata_sparql
Q6819718,Merle Reskin Theatre,Chicago,IL,1325,"theatre in Chicago, Illinois, United States",wikidata_sparql
Q5222744,Darien Sportsplex Ice Arena,Darien,IL,1250,"Darien, Illinois",wikidata_sparql
Q5312394,Duffy Bass Field,Normal,IL,1200,"baseball field in Normal, Illinois",wikidata_sparql
Q8033281,Woods Theatre,Chicago,IL,1100,"former movie theater in Chicago, Illinois, United States",wikidata_sparql
Q4887837,Bengt Sjostrom Theatre,Rockford,IL,1100,"outdoor community theater on the Rock Valley College campus in Rockford, Illinois, United States",wikidata_sparql
Q16975419,Pick-Staiger Concert Hall,Evanston,IL,1003,"concert hall at Northwestern University, Evanston, Illinois",wikidata_sparql
Q20711345,Enterrium,Illinois,IL,1000,Illinois restaurant based on Pac-Man,wikidata_sparql
Q5662681,Harold Washington Cultural Center,Illinois,IL,1000,theater in Chicago,wikidata_sparql
Q42537778,Holly Theatre,Chicago,IL,1000,"former movie theater in Chicago, Illinois, United States",wikidata_sparql
Q6529730,Les Miller Field,Chicago,IL,1000,"baseball park in Chicago, Illinois, U.S",wikidata_sparql
Q106714750,Cahn Auditorium,Evanston,IL,1000,"auditorium at Northwestern University, Evanston, Illinois",wikidata_sparql
Q55233770,Harper's Theatre,Rock Island,IL,1000,"19th century building (demolished) in Rock Island, Illinois",wikidata_sparql
Q7985874,West Meadows Ice Arena,Rolling Meadows,IL,1000,multi-purpose arena in Rolling Meadows,wikidata_sparql
Q6719191,Q6719191,Illinois,IL,950,ship built in 1947,wikidata_sparql
Q6772995,Marriott Theatre,Lincolnshire,IL,838,"theatre in Lincolnshire, Illinois, United States",wikidata_sparql
Q4972494,Broadway Playhouse at Water Tower Place,Chicago,IL,549,"theater and former movie theater in Chicago, Illinois, United States",wikidata_sparql
Q4722502,Alfred D. Boyer Stadium,Macomb,IL,500,"baseball stadium in Macomb, Illinois",wikidata_sparql
Q5137623,Coaches Stadium at Monier Field,Eastern Illinois University,IL,500,"baseball venue in Charleston, Illinois, US",wikidata_sparql
Q4780359,Apollo Theater Chicago,Chicago,IL,440,"theatre in Lincoln Park, Chicago, Illinois, United States",wikidata_sparql
Q7747736,The Little Theatre on the Square,Sullivan,IL,420,"theater and former movie theater in Sullivan, Illinois",wikidata_sparql
Q7137749,Park Grill,Illinois,IL,300,"restaurant within the Millennium Park, Chicago",wikidata_sparql
Q7137749,Park Grill,Chicago,IL,300,"restaurant within the Millennium Park, Chicago",wikidata_sparql
Q7137749,Park Grill,Cook County,IL,300,"restaurant within the Millennium Park, Chicago",wikidata_sparql
Q4965779,Briar Street Theater,Chicago,IL,300,"theater in Chicago, Illinois, United States",wikidata_sparql
Q2963293,Chicago Avenue Pumping Station,Chicago,IL,250,Pumping station,wikidata_sparql
Q16632766,Rock Valley College Studio Theatre,Rockford,IL,172,former indoor community theatre,wikidata_sparql
Q3303613,McCormick Tribune Plaza & Ice Rink,Illinois,IL,150,"multi-purpose venue within Millennium Park in Chicago, Illinois",wikidata_sparql
Q19987687,Pueblito Viejo,Chicago,IL,120,"restaurant in Illinois, United States",wikidata_sparql
Q5527019,Gate of Horn,Chicago,IL,100,"American folk music club, located in the basement of the Rice Hotel at 755 N. Dearborn St. at the corner of Chicago Avenue, on the near north side of Chicago, Illinois, in the 1950s and 1960s",wikidata_sparql
Q5505941,Frontera Grill,Illinois,IL,65,"restaurant in Chicago, Illinois, USA",wikidata_sparql
Q55612819,Goosefoot,Chicago,IL,30,restaurant located in Chicago,wikidata_sparql
Q7433122,Schwa,Chicago,IL,26,"Restaurant in Chicago, Illinois, USA",wikidata_sparql
Q692816,Beaver Stadium,College Township,PA,106572,football stadium at Pennsylvania State University,wikidata_sparql
Q2390739,John F. Kennedy Stadium,Philadelphia,PA,102000,formerly an open-air stadium in Philadelphia,wikidata_sparql
Q5491503,Franklin Field,Pennsylvania,PA,70000,"sports stadium in Philadelphia, Pennsylvania, USA",wikidata_sparql
Q3389408,Pitt Stadium,Pennsylvania,PA,69400,defunct outdoor stadium,wikidata_sparql
Q1052370,Lincoln Financial Field,Philadelphia,PA,68532,"American football stadium in Philadelphia, Pennsylvania, United States",wikidata_sparql
Q1067148,Acrisure Stadium,Pittsburgh,PA,65500,American football stadium that is home to the Pittsburgh Steelers and Pittsburgh Panthers,wikidata_sparql
Q1545870,Veterans Stadium,Philadelphia,PA,62306,"former multi-purpose stadium in Philadelphia, Pennsylvania",wikidata_sparql
Q1189339,Three Rivers Stadium,Pittsburgh,PA,59000,"stadium in Pittsburgh, Pennsylvania, US",wikidata_sparql
Q912770,Citizens Bank Park,Philadelphia,PA,43651,"baseball park in Philadelphia, Pennsylvania",wikidata_sparql
Q5919963,Howard J. Lamade Stadium,South Williamsport,PA,40000,"baseball stadium in Williamsport, Pennsylvania",wikidata_sparql
Q1151177,PNC Park,Pittsburgh,PA,37898,"baseball stadium in Pittsburgh, Pennsylvania, United States",wikidata_sparql
Q15261954,New Beaver Field,Pennsylvania,PA,30000,"former stadium in Pennsylvania, USA",wikidata_sparql
Q7496044,Shibe Park,Philadelphia,PA,23000,Philadelphia major league stadium from 1909 to 1970; known as Connie Mack Stadium from 1953 to 1970,wikidata_sparql
Q1963954,Forbes Field,Oakland,PA,23000,"stadium in Pittsburgh, PA",wikidata_sparql
Q818735,Q818735,Philadelphia,PA,20328,"multi-purpose indoor arena located in Philadelphia, Pennsylvania, United States",wikidata_sparql
Q7698669,Temple Stadium,Pennsylvania,PA,20000,"demolished stadium in Pennsylvania, USA",wikidata_sparql
Q7690137,Taylor Stadium,Bethlehem,PA,20000,football stadium of Lehigh University,wikidata_sparql
Q1637843,Subaru Park,Chester,PA,18500,"soccer stadium in Chester, Pennsylvania, USA",wikidata_sparql
Q595460,PPG Paints Arena,Pittsburgh,PA,18387,"multi-purpose indoor arena in Pittsburgh, Pennsylvania, USA; home to the Pittsburgh Penguins",wikidata_sparql
Q2085822,Spectrum,Philadelphia,PA,18369,"former indoor arena in Philadelphia, Pennsylvania",wikidata_sparql
Q7303060,Recreation Park,Pittsburgh,PA,17000,"sports venue in Allegheny (Pittsburgh), Pennsylvania",wikidata_sparql
Q1237181,Civic Arena,Pittsburgh,PA,16940,arena in Pittsburgh,wikidata_sparql
Q5583470,Goodman Stadium,Pennsylvania,PA,16000,"stadium in Lower Saucon Township, Pennsylvania",wikidata_sparql
Q7830852,Toyota Pavilion at Montage Mountain,Pennsylvania,PA,16000,"outdoor theater in Scranton, Pennsylvania",wikidata_sparql
Q7830852,Toyota Pavilion at Montage Mountain,Scranton,PA,16000,"outdoor theater in Scranton, Pennsylvania",wikidata_sparql
Q5421611,Exposition Park,Pittsburgh,PA,16000,professional baseball venue in Pittsburgh to 1915 (or multiple ballparks),wikidata_sparql
Q5421611,Exposition Park,Allegheny,PA,16000,professional baseball venue in Pittsburgh to 1915 (or multiple ballparks),wikidata_sparql
Q9283783,Hersheypark Stadium,Pennsylvania,PA,15641,"stadium located in Hershey, Pennsylvania, USA",wikidata_sparql
Q2927191,Bryce Jordan Center,College Township,PA,15261,"arena in University Park, Pennsylvania",wikidata_sparql
Q4898023,Bethlehem Area School District Stadium,Pennsylvania,PA,14000,"sports venue in Bethlehem, Pennsylvania",wikidata_sparql
Q5454793,Fisher Stadium,Easton,PA,13132,"college football field of Lafayette College in Easton, Pennsylvania",wikidata_sparql
Q5113658,Christy Mathewson–Memorial Stadium,Pennsylvania,PA,13100,"stadium in Pennsylvania, USA",wikidata_sparql
Q1522716,Giant Center,Hershey,PA,12500,architectural structure,wikidata_sparql
Q4849117,Baker Bowl,Philadelphia,PA,12500,"former baseball field in Philadelphia, Pennsylvania, United States (1887-1938)",wikidata_sparql
Q7930882,Villanova Stadium,Villanova,PA,12500,"building in Pennsylvania, USA",wikidata_sparql
Q3237605,Liacouras Center,Philadelphia,PA,10206,indoor arena at Temple University,wikidata_sparql
Q2981193,Coca-Cola Park,Allentown,PA,10100,"baseball stadium in Allentown, Pennsylvania, USA",wikidata_sparql
Q5388349,Erie Veterans Memorial Stadium,Erie,PA,10000,"Sports stadium in Pennsylvania, U.S.",wikidata_sparql
Q3359761,PNC Field,Moosic,PA,10000,"baseball field in Moosic, Pennsylvania.",wikidata_sparql
Q3378843,Philadelphia Convention Hall and Civic Center,Philadelphia,PA,9600,indoor arena,wikidata_sparql
Q5149784,Columbia Park,Philadelphia,PA,9500,"Baseball park in Philadelphia, Pennsylvania",wikidata_sparql
Q1521556,Sovereign Center,Reading,PA,9000,architectural structure,wikidata_sparql
Q5452224,FirstEnergy Stadium,Reading,PA,9000,"baseball stadium in Pennsylvania, U.S",wikidata_sparql
Q7127443,Palestra,Pennsylvania,PA,8722,"arena in Pennsylvania, US",wikidata_sparql
Q7120126,PPL Center,Pennsylvania,PA,8700,"indoor sports arena in Allentown, Pennsylvania",wikidata_sparql
Q1942842,Mohegan Sun Arena at Casey Plaza,Pennsylvania,PA,8300,"8,500 seat arena in Wilkes-Barre Township, Pennsylvania, US",wikidata_sparql
Q15224067,Hilldale Park,Darby,PA,8000,former ballpark and home field of the Hilldale Club,wikidata_sparql
Q7456492,Seth Grove Stadium,Pennsylvania,PA,7700,"stadium in Shippensburg, Pennsylvania",wikidata_sparql
Q2069133,Pennsylvania Farm Show Complex & Expo Center,Harrisburg,PA,7600,expo center in Pennsylvania,wikidata_sparql
Q6217658,Farrell Stadium,Pennsylvania,PA,7500,"football stadium in West Chester, Pennsylvania",wikidata_sparql
Q6800202,McCarthy Stadium,Pennsylvania,PA,7500,"stadium in Philadelphia, Pennsylvania",wikidata_sparql
Q5604292,Greenlee Field,Hill District,PA,7500,sports field,wikidata_sparql
Q1577702,Hersheypark Arena,Pennsylvania,PA,7286,"multi-purpose indoor arena located in Hershey, Pennsylvania, USA",wikidata_sparql
Q2905736,Peoples Natural Gas Field,Altoona,PA,7210,"baseball park in Altoona, Pennsylvania, USA",wikidata_sparql
Q15272115,Rec Hall,State College,PA,6846,Field house at Pennsylvania State University,wikidata_sparql
Q7303055,Recreation Park,Pennsylvania,PA,6500,former baseball park in Philadelphia,wikidata_sparql
Q5731949,Hepner–Bailey Field at Adamson Stadium,Pennsylvania,PA,6500,"American football stadium in Pennsylvania, USA",wikidata_sparql
Q6859242,Miller Stadium,Pennsylvania,PA,6500,"stadium in Pennsylvania, USA",wikidata_sparql
Q7756393,Finneran Pavilion,Pennsylvania,PA,6500,"multi-purpose arena in Villanova, Pennsylvania",wikidata_sparql
Q3262284,Erie Insurance Arena,Erie,PA,6500,"indoor arena in Erie, Pennsylvania",wikidata_sparql
Q15265821,Pegula Ice Arena,College Township,PA,6014,ice hockey arena at Pennsylvania State University,wikidata_sparql
Q5021160,California University of Pennsylvania Convocation Center,Pennsylvania,PA,6000,"arena in Pennsylvania, USA",wikidata_sparql
Q128810,UPMC Park,Erie,PA,6000,home venue of the Erie Seawolves,wikidata_sparql
Q5134375,Clipper Magazine Stadium,Lancaster,PA,6000,"Baseball stadium in Lancaster, Pennsylvania",wikidata_sparql
Q7595785,Stabler Arena,Bethlehem,PA,6000,"sports center at Lehigh University, Bethlehem, Pennsylvania",wikidata_sparql
Q7571959,Sox Harrison Stadium,Edinboro,PA,6000,"football stadium in Edinboro, Pennsylvania",wikidata_sparql
Q7894693,University Field,Kutztown University,PA,5600,college football stadium for Kutztown University,wikidata_sparql
Q3378842,Philadelphia Arena,Pennsylvania,PA,5526,"building in Pennsylvania, United States",wikidata_sparql
Q7307060,Reeves Field,Pennsylvania,PA,5500,"football stadium located on the campus of Geneva College in Beaver Falls, Pennsylvania",wikidata_sparql
Q7830745,Utz Arena,Pennsylvania,PA,5500,"arena in York, Pennsylvania, United States",wikidata_sparql
Q6807214,Medlar Field at Lubrano Park,Penn State University Park,PA,5406,"baseball stadium in University Park, Pennsylvania, USA",wikidata_sparql
Q7571588,Santander Stadium,York,PA,5200,"baseball park in York, Pennsylvania, USA",wikidata_sparql
Q3041488,Duquesne Garden,Pittsburgh,PA,5000,"former arena in Pittsburgh, Pennsylvania, United States",wikidata_sparql
Q5026382,Cameron Stadium,Washington,PA,5000,outdoor football stadium at Washington & Jefferson College,wikidata_sparql
Q6864459,Minersville Park,Minersville,PA,5000,defunct American football stadium in Pennsylvania,wikidata_sparql
Q12061330,Little League Volunteer Stadium,South Williamsport,PA,5000,"baseball stadium in Williamsport, Pennsylvania",wikidata_sparql
Q4903559,Bicentennial Park,Allentown,PA,4600,venue in Allentown,wikidata_sparql
Q96374068,Bud Light Amphitheatre,Harveys Lake,PA,4500,"amphitheatre in Harveys Lake, Pennsylvania",wikidata_sparql
Q7128830,UPMC Cooper Fieldhouse,Pittsburgh,PA,4406,indoor arena in Pittsburgh,wikidata_sparql
Q4904526,Biemesderfer Stadium,Pennsylvania,PA,4300,"stadium in Millersville, Pennsylvania",wikidata_sparql
Q6824503,FNB Field,Harrisburg,PA,4300,"baseball park in Harrisburg, Pennsylvania, United States",wikidata_sparql
Q5638522,Hagan Arena,Pennsylvania,PA,4200,arena at Saint Joseph's University in Philadelphia,wikidata_sparql
Q4951307,Bowman Field,Williamsport,PA,4200,"baseball park in Williamsport, Pennsylvania, USA, home to the Williamsport Crosscutters",wikidata_sparql
Q5455595,Fitzgerald Field House,Pennsylvania,PA,4122,"building in Pennsylvania, United States",wikidata_sparql
Q5025256,Cambria County War Memorial Arena,Pennsylvania,PA,4001,"indoor Arena in Johnstown,PA",wikidata_sparql
Q7555027,Sojka Pavilion,Pennsylvania,PA,4000,"building in Pennsylvania, United States",wikidata_sparql
Q6434830,Kovalchick Convention and Athletic Complex,Pennsylvania,PA,4000,convention and athletic center at Indiana University of Pennsylvania,wikidata_sparql
Q1935905,Skyline Sports Complex,Harrisburg,PA,4000,"sports complex/stadium on City Island in Harrisburg, Pennsylvania, United States",wikidata_sparql
Q6801391,McGonigle Hall,Pennsylvania,PA,3900,"building in Pennsylvania, United States",wikidata_sparql
Q122926226,Memorial Hall,Allentown,PA,3529,athletic facility affiliated with Muhlenberg College,wikidata_sparql
Q6414958,Kirby Sports Center,Pennsylvania,PA,3500,"sports arena in Easton, Pennsylvania, United States",wikidata_sparql
Q48782500,Kenneth M. Robbins Stadium,Pennsylvania,PA,3500,"multi-purpose stadium in Loyalsock Township, Pennsylvania",wikidata_sparql
Q15222660,Hamer Hall,Pennsylvania,PA,3500,"arena in Pennsylvania, USA",wikidata_sparql
Q7128830,UPMC Cooper Fieldhouse,Pittsburgh,PA,3500,indoor arena in Pittsburgh,wikidata_sparql
Q6825168,The Met Philadelphia,Fairmount,PA,3500,"music venue and former opera house in Philadelphia, Pennsylvania, United States",wikidata_sparql
Q5243905,DeGol Field,Pennsylvania,PA,3450,Multi-purpose stadium,wikidata_sparql
Q7815960,Tom Gola Arena,Pennsylvania,PA,3400,"multi-purpose arena in Philadelphia, Pennsylvania",wikidata_sparql
Q5638522,Hagan Arena,Pennsylvania,PA,3200,arena at Saint Joseph's University in Philadelphia,wikidata_sparql
Q5163234,EQT Park,North Franklin Township,PA,3200,"baseball stadium in Washington, Pennsylvania",wikidata_sparql
Q4697510,Ainsworth Field,Pennsylvania,PA,3000,"baseball stadium in Erie, Pennsylvania",wikidata_sparql
Q6212886,Joe Walton Stadium,Pennsylvania,PA,3000,"3000-seat multi-purpose stadium in Pennsylvania, United States",wikidata_sparql
Q5128025,Class of 1923 Arena,Pennsylvania,PA,2900,"ice rink arena in Philadelphia, US",wikidata_sparql
Q5440081,"Federal Correctional Complex, Allenwood",Pennsylvania,PA,2900,"federal prison in Pennsylvania, USA",wikidata_sparql
Q5440081,"Federal Correctional Complex, Allenwood",Lycoming County,PA,2900,"federal prison in Pennsylvania, USA",wikidata_sparql
Q5440081,"Federal Correctional Complex, Allenwood",Union County,PA,2900,"federal prison in Pennsylvania, USA",wikidata_sparql
Q5440081,"Federal Correctional Complex, Allenwood",Brady Township,PA,2900,"federal prison in Pennsylvania, USA",wikidata_sparql
Q5440081,"Federal Correctional Complex, Allenwood",Clinton Township,PA,2900,"federal prison in Pennsylvania, USA",wikidata_sparql
Q5440081,"Federal Correctional Complex, Allenwood",Gregg Township,PA,2900,"federal prison in Pennsylvania, USA",wikidata_sparql
Q817087,Benedum Center,Pittsburgh,PA,2800,"theater and concert hall, formerly a movie theater, in Pittsburgh, United States",wikidata_sparql
Q15222675,Hammermill Center,Erie,PA,2800,"basketball arena in Erie, Pennsylvania",wikidata_sparql
Q12059806,Heinz Hall,Pittsburgh,PA,2676,"performing arts center in Pittsburgh, Pennsylvania",wikidata_sparql
Q5226785,Daskalakis Athletic Center,Pennsylvania,PA,2532,sports facility in Philadelphia,wikidata_sparql
Q337337,Academy of Music,Philadelphia,PA,2509,"concert hall and opera house in Philadelphia, Pennsylvania, United States",wikidata_sparql
Q5052268,Cathedral Prep Events Center,Erie,PA,2500,athletic center in Pennsylvania,wikidata_sparql
Q2509353,Valley Preferred Cycling Center,Breinigsville,PA,2500,"professional cycling center and a velodrome located in Breinigsville, Pennsylvania; serving as the Lehigh Valley's main track cycling stadium",wikidata_sparql
Q7969766,Warner Theatre,Erie,PA,2250,"movie theater in Erie, Pennsylvania, United States",wikidata_sparql
Q4799198,Rooney Athletic Field,Pennsylvania,PA,2200,"stadium in Pennsylvania, USA",wikidata_sparql
Q5725795,Henry Memorial Center,Washington,PA,2000,"sports complex in Washington, Pennsylvania",wikidata_sparql
Q1545509,SS United States,Pennsylvania,PA,1928,American ocean liner,wikidata_sparql
Q5744548,Hershey Theatre,Hershey,PA,1904,"theater in Hershey, Pennsylvania, United States",wikidata_sparql
Q5389740,Erlanger Theatre,Philadelphia,PA,1890,"demolished theater and movie theater in Philadelphia, Pennsylvania, United States",wikidata_sparql
Q6820058,Merriam Theater,Philadelphia,PA,1870,"theater in Philadelphia, Pennsylvania, United States",wikidata_sparql
Q5470517,Forrest Theatre,Philadelphia,PA,1851,"theater in Philadelphia, Pennsylvania",wikidata_sparql
Q5151534,F.M. Kirby Center for the Performing Arts,Wilkes-Barre,PA,1800,"performing arts center and former movie theater in Wilkes-Barre, Pennsylvania, United States",wikidata_sparql
Q120209693,Garrick Theatre building,Philadelphia,PA,1561,"garrick theatre is a now destroyed theater from Philadelphia, Pennsylvania",wikidata_sparql
Q6124880,Jake Nevin Field House,Pennsylvania,PA,1500,"building in Pennsylvania, United States",wikidata_sparql
Q6818820,Mercyhurst Ice Center,Pennsylvania,PA,1500,"building in Pennsylvania, United States",wikidata_sparql
Q6111896,Jack Critchfield Park,Slippery Rock,PA,1500,"stadium in Slippery Rock, Pennsylvania",wikidata_sparql
Q124983965,Fisher Auditorium,Indiana,PA,1460,"auditorium in Indiana, Pennsylvania, USA",wikidata_sparql
Q5440094,"Federal Correctional Institution, Allenwood Low",Pennsylvania,PA,1450,"low-security federal prison in Pennsylvania, United States",wikidata_sparql
Q5440094,"Federal Correctional Institution, Allenwood Low",Union County,PA,1450,"low-security federal prison in Pennsylvania, United States",wikidata_sparql
Q7259486,Kelly Automotive Park,Butler,PA,1400,"baseball stadium in Butler, Pennsylvania, United States",wikidata_sparql
Q7163259,Penn State Ice Pavilion,Pennsylvania,PA,1350,former collegiate ice hockey arena,wikidata_sparql
Q5004095,Byham Theater,Pittsburgh,PA,1300,"theater and movie theater in Pittsburgh, Pennsylvania, United States",wikidata_sparql
Q3286639,2300 Arena,Philadelphia,PA,1300,"Multipurpose indoor arena in Philadelphia, Pennsylvania",wikidata_sparql
Q15235806,Keswick Theater,Abington Township,PA,1300,"theatre and music venue in Keswick Village, Glenside, Pennsylvania, a suburb of Philadelphia",wikidata_sparql
Q57867737,Tree of Life – Or L'Simcha Congregation,Pittsburgh,PA,1250,a synagogue in Pittsburgh,wikidata_sparql
Q7431179,Schenley Park Casino,Pennsylvania,PA,1200,"building in Pennsylvania, United States",wikidata_sparql
Q3550722,United Sports,Pennsylvania,PA,1200,"sports complex in West Bradford Township, Pennsylvania, USA",wikidata_sparql
Q7844815,Trocadero Theatre,Philadelphia,PA,1200,"historic theater in Philadelphia, Pennsylvania",wikidata_sparql
Q16513708,84 Lumber Arena,Neville Township,PA,1200,"Indoor stadium in Pittsburgh, PA",wikidata_sparql
Q105918233,Sette LaVerghetta Center for Performing Arts,Scranton,PA,1100,"performing arts center of Marywood University in Scranton, Pennsylvania",wikidata_sparql
Q7963680,Walnut Street Theatre,Philadelphia,PA,1054,"historic theater in Philadelphia, Pennsylvania, United States",wikidata_sparql
Q5115641,Chuck Noll Field,Latrobe,PA,1050,football stadium in Pennsylvania,wikidata_sparql
Q5648312,Hank DeVincent Field,Pennsylvania,PA,1000,"baseball venue in Philadelphia, Pennsylvania",wikidata_sparql
Q7535741,Skip Wilson Field,Ambler,PA,1000,baseball stadium in Pennsylvania,wikidata_sparql
Q19865916,Congregation B'nai Abraham,Philadelphia,PA,1000,"historic synagogue in Philadelphia, Pennsylvania",wikidata_sparql
Q7387006,S&T Bank Arena,Indiana,PA,1000,"multi-purpose indoor arena in Indiana, Pennsylvania",wikidata_sparql
Q43384657,Rio Theatre,Harrisburg,PA,959,"former movie theater in Harrisburg, Pennsylvania, United States",wikidata_sparql
Q6810068,Meiklejohn Stadium,Philadelphia,PA,850,"ballpark in Philadelphia, Pennsylvania",wikidata_sparql
Q6395025,Kesher Israel Congregation,Pennsylvania,PA,800,"Orthodox synagogue in Harrisburg, Pennsylvania",wikidata_sparql
Q17039234,Strand/Cinema Theater,Allentown,PA,794,"former cinema in Allentown, Pennsylvania",wikidata_sparql
Q7178206,Petersen Sports Complex,Pennsylvania,PA,735,"athletic facility in Pittsburgh, Pennsylvania, U.S.",wikidata_sparql
Q6921797,Mount Lebanon Ice Center,Mt. Lebanon,PA,700,,wikidata_sparql
Q111521785,Horst Athletic Center,Manheim Township,PA,655,multi-purpose hall belonging to Lancaster Bible College in Manheim Township,wikidata_sparql
Q7071942,O'Reilly Theater,Pittsburgh,PA,650,"theater in Pittsburgh, Pennsylvania, United States",wikidata_sparql
Q7586697,St. Agatha – St. James Church,Philadelphia,PA,650,"Philadelphia, Pennsylvania, United States, a Roman Catholic church",wikidata_sparql
Q111010293,Winter Visual & Performing Arts Center,Millersville,PA,650,"Perming arts theater in Millersville, Pennsylvania",wikidata_sparql
Q7603579,State Theatre,State College,PA,554,"non-profit community theater and movie theater in State College, Pennsylvania",wikidata_sparql
Q7199370,Pittsburgh Playhouse,Pittsburgh,PA,550,arts center,wikidata_sparql
Q7837716,Trees Field,Pennsylvania,PA,500,"former ballpark in Pittsburgh, Pennsylvania",wikidata_sparql
Q15227780,Ice Line Quad Rinks,West Chester,PA,500,"Ice arena in Pennsylvania, U.S.",wikidata_sparql
Q5407048,Eugene B. Depew Field,Lewisburg,PA,500,baseball park at Bucknell University,wikidata_sparql
Q6518794,Lehigh Baseball Field,Lehigh University,PA,500,baseball park at Lehigh University,wikidata_sparql
Q4820851,August Wilson African American Cultural Center,Pittsburgh,PA,472,"theater and museum in Pittsburgh, Pennsylvania",wikidata_sparql
Q99529193,Paul C. Empie Theatre,Allentown,PA,392,theatrical venue at Muhlenberg College,wikidata_sparql
Q7650950,Suzanne Roberts Theatre,Philadelphia,PA,365,"theatre in Philadelphia, United States",wikidata_sparql
Q30634451,The Ware Center of Millersville University,Lancaster,PA,350,"Performing arts center in Lancaster, Pennsylvania",wikidata_sparql
Q16998206,Kelly-Strayhorn Theater,Pittsburgh,PA,350,"performing arts centre in Pittsburgh, Pennsylvania, United States",wikidata_sparql
Q104094687,Dorothy Hess Baker Theatre,Allentown,PA,342,"theater housed in the Dorothy and Dexter Baker Center for the Arts, Muhlenberg College",wikidata_sparql
Q7649321,Susquehanna Sports Center,Pennsylvania,PA,300,"building in Pennsylvania, United States",wikidata_sparql
Q7621247,Strand Theater,Zelienople,PA,300,"performing arts, film and community center in Zelienople, Pennsylvania, United States",wikidata_sparql
Q7930875,Villanova Ballpark at Plymouth,Plymouth Meeting,PA,300,"Baseball stadium in Pennsylvania, U.S.",wikidata_sparql
Q7591401,St. Peter's Kierch,Middletown,PA,225,"church in Middletown, Pennsylvania",wikidata_sparql
Q5160615,Congregation Beth Israel,Pennsylvania,PA,200,"Jewish congregation in Lebanon, Pennsylvania, United States",wikidata_sparql
Q5665061,Harris Theatre,Pittsburgh,PA,200,"movie theater in Pittsburgh, Pennsylvania, United States",wikidata_sparql
Q4975120,Brookside Stadium,Cleveland,OH,115000,"stadium in Cleveland, Ohio",wikidata_sparql
Q774694,Ohio Stadium,Columbus,OH,102780,"stadium in Columbus, Ohio, USA",wikidata_sparql
Q2113078,Cleveland Stadium,Cleveland,OH,78000,"former multi-purpose stadium in Cleveland, Ohio",wikidata_sparql
Q1100756,Huntington Bank Field,Cleveland,OH,71516,home venue of the Cleveland Browns,wikidata_sparql
Q1632294,Paycor Stadium,Cincinnati,OH,65515,"stadium in Cincinnati, Ohio, United States",wikidata_sparql
Q1154053,Progressive Field,Cleveland,OH,42865,baseball park in Cleveland,wikidata_sparql
Q979975,Great American Ball Park,Cincinnati,OH,42319,"ballpark in Cincinnati, Ohio, United States, home field of the Cincinnati Reds",wikidata_sparql
Q3342107,Nippert Stadium,Cincinnati,OH,40000,football stadium at the University of Cincinnati,wikidata_sparql
Q7375798,Rubber Bowl,Ohio,OH,35202,"former stadium in Akron, Ohio",wikidata_sparql
Q6030359,InfoCision Stadium – Summa Field,Ohio,OH,30000,"football stadium in Akron, Ohio, United States",wikidata_sparql
Q54465634,TQL Stadium,Cincinnati,OH,26000,"soccer stadium in Cincinnati, Ohio, USA",wikidata_sparql
Q5284768,Dix Stadium,Kent,OH,25319,"American football stadium in Kent, Ohio; home of the Kent State Golden Flashes",wikidata_sparql
Q8046702,Yager Stadium,Ohio,OH,24286,sporting venue in the United States,wikidata_sparql
Q7159081,Peden Stadium,Ohio,OH,24000,football stadium on the campus of Ohio University,wikidata_sparql
Q5303813,Doyt Perry Stadium,Ohio,OH,23232,football stadium at Bowling Green State University,wikidata_sparql
Q1112858,Historic Crew Stadium,Columbus,OH,22555,"soccer stadium in Columbus, Ohio",wikidata_sparql
Q5438734,Tom Benson Hall of Fame Stadium,Canton,OH,22375,"football stadium in Canton, Ohio",wikidata_sparql
Q3003747,Crosley Field,Cincinnati,OH,20696,"Major League Baseball park in Cincinnati, Ohio",wikidata_sparql
Q6587172,Stambaugh Stadium,Ohio,OH,20630,"stadium in Ohio, USA",wikidata_sparql
Q387157,Rocket Arena,Cleveland,OH,20562,"arena in downtown Cleveland, Ohio, US",wikidata_sparql
Q2982682,Coliseum at Richfield,Ohio,OH,20273,"building in Ohio, United States",wikidata_sparql
Q65045869,ScottsMiracle-Gro Field,Columbus,OH,20139,"soccer stadium in Columbus, Ohio",wikidata_sparql
Q17087703,Sawyer Point Park & Yeatman's Cove,Cincinnati,OH,20000,"neighboring parks in Cincinnati, Ohio, United States",wikidata_sparql
Q783033,Value City Arena,Ohio,OH,19049,architectural structure,wikidata_sparql
Q166503,Nationwide Arena,Ohio,OH,18144,"arena in Columbus, Ohio, United States",wikidata_sparql
Q166503,Nationwide Arena,Columbus,OH,18144,"arena in Columbus, Ohio, United States",wikidata_sparql
Q2790698,Heritage Bank Center,Cincinnati,OH,17556,"multipurpose indoor arena in Cincinnati, Ohio, United States",wikidata_sparql
Q2996574,Cooper Stadium,Columbus,OH,17500,"baseball stadium in Columbus, Ohio, US",wikidata_sparql
Q7149550,Paul Brown Tiger Stadium,Ohio,OH,16392,"high school football stadium in Massillon, Ohio",wikidata_sparql
Q3569735,Wolstein Center,Ohio,OH,13610,"Indoor arena in Cleveland, OH",wikidata_sparql
Q7895321,UD Arena,Dayton,OH,13435,"building in Ohio, United States",wikidata_sparql
Q7588876,St. John Arena,Ohio,OH,13276,"multi-purpose arena in Columbus, Ohio, United States",wikidata_sparql
Q5447559,Fifth Third Arena,Ohio,OH,13176,"multi-purpose arena in Cincinnati, Ohio",wikidata_sparql
Q5166595,Convocation Center,Athens,OH,13080,"multi-purpose arena in Athens, Ohio, United States",wikidata_sparql
Q6552579,Lindner Family Tennis Center,Ohio,OH,11435,"tennis venue in Mason, Ohio",wikidata_sparql
Q1362595,Nutter Center,Fairborn,OH,10400,"multi-purpose arena at Wright State University in Fairborn, Ohio, United States",wikidata_sparql
Q3071597,Fifth Third Field,Toledo,OH,10300,home venue of the Toledo Mud Hens,wikidata_sparql
Q5121105,Cintas Center,Ohio,OH,10250,American music and sporting venue in Ohio,wikidata_sparql
Q1092220,Cincinnati Gardens,Cincinnati,OH,10208,"indoor arena located in Cincinnati, Ohio, USA; demolished March 2018",wikidata_sparql
Q3143370,Huntington Park,Ohio,OH,10100,"minor league baseball stadium in Columbus, Ohio",wikidata_sparql
Q6186725,Jesse Owens Memorial Stadium,Ohio,OH,10000,"sports venue in Columbus, Ohio",wikidata_sparql
Q14716720,Millett Hall,Ohio,OH,9200,"multipurpose arena in Oxford, OH, USA",wikidata_sparql
Q2935941,7 17 Credit Union Park,Akron,OH,9097,"baseball park in Ohio, United States of America",wikidata_sparql
Q870897,League Park,Cleveland,OH,9000,"baseball park located in Cleveland, Ohio",wikidata_sparql
Q7573906,Spartan Municipal Stadium,Ohio,OH,8500,"stadium in Portsmouth, Ohio",wikidata_sparql
Q5567033,Glass Bowl,Ohio,OH,8000,"stadium in Toledo, Ohio",wikidata_sparql
Q4793756,Armory Fieldhouse,Ohio,OH,8000,"building in Ohio, United States",wikidata_sparql
Q6508925,League Field,Canton,OH,8000,"football stadium in Ohio, US",wikidata_sparql
Q86045065,RDI Stadium,Springfield Township,OH,7500,"football stadium on the grounds of St. Xavier High School in Finneytown, Ohio, United States",wikidata_sparql
Q5128194,Classic Auto Group Park,Lake County,OH,7273,"stadium in Eastlake, Ohio",wikidata_sparql
Q5447568,Day Air Ballpark,Dayton,OH,7230,home venue of the Dayton Dragons,wikidata_sparql
Q7427699,Savage Arena,Toledo,OH,7014,"multi-purpose arena in Toledo, Ohio",wikidata_sparql
Q4869702,Battelle Hall,Ohio,OH,6864,"building in Ohio, United States",wikidata_sparql
Q4879784,Beeghly Center,Ohio,OH,6300,Sports arena at Youngstown State University,wikidata_sparql
Q5331018,Eastwood Field,Ohio,OH,6000,"baseball stadium in Niles, Ohio",wikidata_sparql
Q7126271,Palace of the Fans,Cincinnati,OH,6000,"1900s baseball park in Cincinnati, Ohio",wikidata_sparql
Q5178958,Covelli Centre,Ohio,OH,5900,"building in Ohio, United States",wikidata_sparql
Q5452223,FirstEnergy Stadium,Ohio,OH,5800,"soccer stadium in Akron, USA",wikidata_sparql
Q7799339,Thurman Munson Memorial Stadium,Ohio,OH,5700,"ballpark in Canton, Ohio, USA",wikidata_sparql
Q6815516,Memorial Stadium,Kent,OH,5600,former stadium at Kent State University,wikidata_sparql
Q5653501,Hara Arena,Ohio,OH,5500,"multi-purpose arena in Ohio, United States",wikidata_sparql
Q6128242,James A. Rhodes Arena,Ohio,OH,5500,Arena at the University of Akron,wikidata_sparql
Q7624253,Stroh Center,Bowling Green,OH,5209,arena at Bowling Green State University,wikidata_sparql
Q2497887,Canton Memorial Civic Center,Ohio,OH,5200,"multi-purpose hall in Canton, Ohio, United States",wikidata_sparql
Q7080813,Taft Coliseum,Columbus,OH,5003,"arena in Colombus, Ohio",wikidata_sparql
Q6508939,League Park,Ohio,OH,5000,"two former stadiums in Ohio, U.S",wikidata_sparql
Q6841785,Middlefield Cheese Stadium,Ohio,OH,5000,,wikidata_sparql
Q4835565,Slater Family Ice Arena,Ohio,OH,5000,ice hockey venue at Bowling Green State University,wikidata_sparql
Q7840078,Triangle Park,Ohio,OH,5000,"former American football stadium in Dayton, Ohio",wikidata_sparql
Q16632799,Donnell stadium,Findlay,OH,5000,"school sports stadium in Ohio, U.S.",wikidata_sparql
Q5328312,East End Park,Cincinnati,OH,5000,19th-century Major League Baseball stadium,wikidata_sparql
Q111325663,Don Drumm Stadium,Marietta,OH,5000,"sports venue of Marietta College in Marietta, Ohio, USA",wikidata_sparql
Q4729264,Sprenger Stadium,Avon,OH,5000,baseball park in Northeast Ohio; home of the Lake Erie Crushers,wikidata_sparql
Q1638213,Huntington Center,Ohio,OH,4784,"multi-purpose arena in Toledo, Ohio, U.S.",wikidata_sparql
Q4754019,Anderson Arena,Ohio,OH,4700,"sports arena on the campus of Bowling Green State University, Ohio",wikidata_sparql
Q5451987,Firestone Stadium,Ohio,OH,4576,"baseball stadium in Akron, Ohio",wikidata_sparql
Q4908710,Bill Davis Stadium,Columbus,OH,4450,"baseball stadium in Columbus, Ohio, United States",wikidata_sparql
Q5494057,Fraze Pavilion,Kettering,OH,4300,"outdoor theater in Kettering, Ohio, United States",wikidata_sparql
Q24908628,Rose Music Center,Huber Heights,OH,4200,"open-air theater in Huber Heights, Ohio, United States",wikidata_sparql
Q6550931,Lincoln Park Grounds,Ohio,OH,4000,"baseball park in Cincinnati, Ohio",wikidata_sparql
Q5178957,Covelli Arena,Ohio,OH,4000,"building in Ohio, United States",wikidata_sparql
Q4934465,Bob Wren Stadium,Athens,OH,4000,"sports venue at Ohio University, Athens, Ohio, USA",wikidata_sparql
Q5874658,Hobart Arena,Ohio,OH,3782,"Multi-purpose arena in Ohio, United States",wikidata_sparql
Q5577349,Goggin Ice Center,Ohio,OH,3642,"building in Ohio, United States",wikidata_sparql
Q5120283,Cincinnati Opera,Cincinnati,OH,3516,non-profit organization in the USA,wikidata_sparql
Q18149273,Dayton Outpatient Center Stadium,Ohio,OH,3500,"soccer stadium in West Carrollton, Ohio, USA",wikidata_sparql
Q8021101,Williams Stadium,Wilmington,OH,3500,"football stadium in Wilmington, Ohio",wikidata_sparql
Q7923645,Veterans Memorial Coliseum,Ohio,OH,3200,"building in Marion, Ohio, United States",wikidata_sparql
Q7603568,State Theatre,Cleveland,OH,3193,"theater and former movie theater in downtown Cleveland, Ohio, part of Playhouse Square",wikidata_sparql
Q7427779,Savage Stadium,Oberlin,OH,3050,"on the campus of Oberlin College, Oberlin, Ohio",wikidata_sparql
Q4956362,Branch Rickey Arena,Ohio,OH,3000,"arena in Ohio, USA",wikidata_sparql
Q7431806,Schmidt Field House,Ohio,OH,3000,"building in Ohio, United States",wikidata_sparql
Q8033063,Woodling Gym,Ohio,OH,3000,"building in Ohio, United States",wikidata_sparql
Q6508941,League Park,Cincinnati,OH,3000,"baseball park in Cincinnati, Ohio, U.S",wikidata_sparql
Q117460472,Stargel Stadium,Cincinnati,OH,3000,"high school American football venue in Cincinnati, Ohio, U.S. (2019–)",wikidata_sparql
Q117460496,Stargel Stadium,Cincinnati,OH,3000,"former American football stadium in Cincinnati, Ohio, U.S. (2004–2018)",wikidata_sparql
Q7905891,V.A. Memorial Stadium,Chillicothe,OH,3000,"baseball stadium in Chillicothe, Ohio",wikidata_sparql
Q5321617,E. J. Thomas Hall,Akron,OH,2955,performing arts hall on the University of Akron campus,wikidata_sparql
Q7126207,Palace Theatre,Columbus,OH,2827,"performing arts center in Columbus, Ohio, a former movie theater",wikidata_sparql
Q7080981,Ohio Theatre,Columbus,OH,2779,"theater and former movie theater in Columbus, Ohio",wikidata_sparql
Q7126206,Connor Palace,Cleveland,OH,2714,"theatre in Cleveland, Ohio, part of Playhouse Square",wikidata_sparql
Q4701674,Akron Civic Theatre,Akron,OH,2592,"theater and movie theater in Akron, Ohio",wikidata_sparql
Q7970167,Warren E. Steller Field,Wood County,OH,2500,baseball park at Bowling Green State University,wikidata_sparql
Q14691320,Taft Theatre,Cincinnati,OH,2500,"theater in Cincinnati, Ohio, United States",wikidata_sparql
Q153824,Riverfront Stadium,Cincinnati,OH,2000,"former multi-purpose stadium in Cincinnati, Ohio",wikidata_sparql
Q7107457,Ossian C. Bird Arena,Athens,OH,2000,"ice arena of Ohio University in Athens, Ohio",wikidata_sparql
Q5346100,Edwards Gymnasium,Delaware,OH,1800,,wikidata_sparql
Q105954732,Peristyle Concert Hall,Toledo,OH,1750,"concert hall in the East Wing of the Toledo Museum of Art in Toledo, Ohio, United States",wikidata_sparql
Q56064240,Mentor Civic Arena,Ohio,OH,1600,,wikidata_sparql
Q16844962,Mickey Cochrane Stadium,Ohio,OH,1500,"soccer-specific stadium in Bowling Green, Ohio",wikidata_sparql
Q6514768,Skeeles Field,Akron,OH,1500,baseball field at the University of Akron.,wikidata_sparql
Q19817700,Palace Theatre,Marion,OH,1440,"theater and movie theater in Marion, Ohio, United States",wikidata_sparql
Q7073059,OSU Ice Rink,Ohio,OH,1415,hockey rink in Ohio,wikidata_sparql
Q98692071,Gettler Stadium,Cincinnati,OH,1400,soccer field at the University of Cincinnati,wikidata_sparql
Q5060128,Centerville High School Performing Arts Center,Centerville,OH,1200,"theater in Centerville near Dayton, Ohio, United states",wikidata_sparql
Q7579774,Sports Plus Arena,Evendale,OH,1200,multipurpose sports arena,wikidata_sparql
Q7927084,Victoria Theatre,Dayton,OH,1154,"theater and former movie theater in Dayton, Ohio, United States",wikidata_sparql
Q7086640,Olga Mural Field at Schoonover Stadium,Kent,OH,1148,"college baseball stadium in Ohio, U.S.",wikidata_sparql
Q7081002,Ohio University Aquatic Center,Athens,OH,1105,"building of Ohio University, Athens, Ohio, USA containing an indoor swimming facility",wikidata_sparql
Q5580282,Goldsberry Track,Ohio,OH,1000,"sports venue in Athens, Ohio",wikidata_sparql
Q5093349,Chessa Field,Ohio,OH,1000,"soccer stadium in Ohio, USA",wikidata_sparql
Q7599617,Stanley G. McKie Field at Joseph P. Hayden Jr. Park,Butler County,OH,1000,"baseball park in Oxford, Ohio, U.S",wikidata_sparql
Q7599617,Stanley G. McKie Field at Joseph P. Hayden Jr. Park,Oxford,OH,1000,"baseball park in Oxford, Ohio, U.S",wikidata_sparql
Q7080982,Ohio Theatre,Cleveland,OH,1000,"theater and former movie theater in Cleveland, Ohio",wikidata_sparql
Q7437004,Scott Park Baseball Complex,Toledo,OH,1000,"baseball venue in Toledo, Ohio",wikidata_sparql
Q4931431,Boardman Ice Zone,Boardman,OH,1000,,wikidata_sparql
Q114244844,Marathon Center for the Performing Arts,Findlay,OH,960,performing arts center,wikidata_sparql
Q7911022,Valentine Theatre,Toledo,OH,901,"theatre and former movie theater in Toledo, Ohio, United States",wikidata_sparql
Q4726033,Alice Noble Ice Arena,Ohio,OH,900,,wikidata_sparql
Q6939028,Murphy Theatre,Wilmington,OH,769,"theater and former movie theater in Wilmington, Ohio, United States",wikidata_sparql
Q14716759,Nischwitz Stadium,Dayton,OH,750,baseball venue in Ohio,wikidata_sparql
Q113510442,Falcon Heights,Bowling Green,OH,646,resident hall at Bowling Green State University,wikidata_sparql
Q6461913,La Comedia Dinner Theatre,Cincinnati,OH,612,"dinner theater in Cincinnati, Ohio, United States",wikidata_sparql
Q43158589,Bexley Theater,Bexley,OH,600,"former movie theater in Bexley, Ohio, United States",wikidata_sparql
Q7373302,Roy Rike Field,Ohio,OH,600,"soccer stadium in Ohio, USA",wikidata_sparql
Q5648741,Hanna Theatre,Cleveland,OH,550,"theater in Cleveland, part of Playhouse Square",wikidata_sparql
Q86184180,"Walter C. Deye, S.J., Performance Center",Springfield Township,OH,510,"performing arts theater on the grounds of St. Xavier High School in Finneytown, Ohio, United States",wikidata_sparql
Q7080900,Ohio Softball Field,Ohio,OH,500,"College softball venue in Athens, Ohio",wikidata_sparql
Q8029041,Woerner Field,Ohio,OH,500,"Baseball venue in Dayton, OH on the University of Dayton campus",wikidata_sparql
Q103982567,Kahiki Supper Club,Columbus,OH,500,"former restaurant in Columbus, Ohio",wikidata_sparql
Q4731901,Allen Theatre,Cleveland,OH,500,"theater and former movie theater in Cleveland, Ohio, part of Playhouse Square",wikidata_sparql
Q6106734,J. Page Hayden Field,Cincinnati,OH,500,"baseball venue in Cincinnati, Ohio",wikidata_sparql
Q133284727,C.J. McLin Gymnasium,Dayton,OH,450,,wikidata_sparql
Q7626224,Stuart's Opera House,Nelsonville,OH,395,"opera house in Nelsonville, Ohio, USA",wikidata_sparql
Q125385169,Westfield Studio Theatre,Cleveland,OH,300,"theatre in Cleveland, Ohio, USA",wikidata_sparql
Q4550101,14th Street Theatre,Cleveland,OH,288,"former theatre in Cleveland, Ohio, USA, built as part of Playhouse Square, now a restaurant",wikidata_sparql
Q113588546,Prout Chapel,Bowling Green,OH,156,chapel on the campus of Bowling Green State University,wikidata_sparql
Q7739326,Helen Lab Theatre,Cleveland,OH,150,"theater in Cleveland, Ohio, United States, part of Playhouse Square.",wikidata_sparql
Q125385169,Westfield Studio Theatre,Cleveland,OH,150,"theatre in Cleveland, Ohio, USA",wikidata_sparql
Q112690287,BGSU Planetarium,Bowling Green,OH,114,"planetarium on the campus of Bowling Green State University, Ohio, USA",wikidata_sparql
Q115021581,Newhard Planetarium,Findlay,OH,50,"planetarium in Findlay, Ohio",wikidata_sparql
Q2221660,Sanford Stadium,Athens,GA,92746,"stadium in Athens, Georgia US",wikidata_sparql
Q795345,Centennial Olympic Stadium,Atlanta,GA,85000,"former multi-purpose stadium at Atlanta, Georgia, USA",wikidata_sparql
Q1058931,Georgia Dome,Atlanta,GA,74228,"former domed stadium located in Downtown Atlanta, Georgia, U.S.",wikidata_sparql
Q7007552,Mercedes-Benz Stadium,Atlanta,GA,71000,"stadium in Atlanta, Georgia, U.S.",wikidata_sparql
Q2907951,Bobby Dodd Stadium,Atlanta,GA,55000,stadium at Georgia Tech,wikidata_sparql
Q641243,Atlanta-Fulton County Stadium,Atlanta,GA,52007,"former multi-purpose stadium in Atlanta, Georgia, United States",wikidata_sparql
Q1150936,Turner Field,Atlanta,GA,49586,"former stadium in Atlanta, Georgia",wikidata_sparql
Q1509294,Georgia International Horse Park,Georgia,GA,29700,architectural structure,wikidata_sparql
Q28449162,Center Parc Stadium,Atlanta,GA,24333,"college football stadium in Atlanta, Georgia",wikidata_sparql
Q7155374,Paulson Stadium,Georgia,GA,24300,"football stadium in Statesboro, Georgia, U.S",wikidata_sparql
Q1123297,State Farm Arena,Fulton County,GA,19445,"indoor arena located in Atlanta, Georgia, USA",wikidata_sparql
Q1970067,Omni Coliseum,Atlanta,GA,16181,"Defunct multi-purpose arena in Atlanta, Georgia, United States",wikidata_sparql
Q628544,Herndon Stadium,Georgia,GA,15011,"stadium in Georgia, United States",wikidata_sparql
Q6141631,James R. Hallford Stadium,Georgia,GA,15000,football stadium,wikidata_sparql
Q224703,Gas South Arena,Duluth,GA,13100,"indoor arena in Duluth, Georgia, U.S",wikidata_sparql
Q6815530,Memorial Stadium,Waycross,GA,12000,stadium in Waycross,wikidata_sparql
Q4875170,Bazemore–Hyder Stadium,Valdosta,GA,11249,"sports stadium in Valdoata, Georgia, United States",wikidata_sparql
Q7606681,Stegeman Coliseum,Athens,GA,11200,"building in Georgia, United States",wikidata_sparql
Q14686591,Albany Civic Center,Georgia,GA,10711,"indoor arena in Albany, GA",wikidata_sparql
Q7606681,Stegeman Coliseum,Athens,GA,10523,"building in Georgia, United States",wikidata_sparql
Q2996552,Gwinnett Field,Lawrenceville,GA,10475,"baseball park in Gwinnett County, Georgia, USA",wikidata_sparql
Q7606681,Stegeman Coliseum,Athens,GA,10400,"building in Georgia, United States",wikidata_sparql
Q6389756,Fifth Third Stadium,Cobb County,GA,10200,"football, soccer and lacrosse field at Kennesaw State University",wikidata_sparql
Q16632470,Moye Complex,Macon,GA,10200,"sports complex in Macon, Georgia, United States",wikidata_sparql
Q4709387,Albany State University Coliseum,Georgia,GA,10000,"American football stadium in Albany, USA",wikidata_sparql
Q7894941,University Stadium,Georgia,GA,9500,"On-campus stadium of University of West Georgia Wolves football in Carrollton, Georgia.",wikidata_sparql
Q6724850,Macon Coliseum,Georgia,GA,9252,"arena in Macon, Georgia",wikidata_sparql
Q14686674,James Brown Arena,Georgia,GA,9167,"multi-purpose complex located in Augusta, Georgia",wikidata_sparql
Q1492102,McCamish Pavilion,Atlanta,GA,8600,"Multi-purpose indoor arena in Atlanta, Georgia, U.S.",wikidata_sparql
Q6389756,Fifth Third Stadium,Cobb County,GA,8138,"football, soccer and lacrosse field at Kennesaw State University",wikidata_sparql
Q7693905,Ted Wright Stadium,Georgia,GA,7500,multi-purpose stadium,wikidata_sparql
Q24287205,Cadence Bank Amphitheatre,Atlanta,GA,6900,"music venue in Atlanta, Georgia",wikidata_sparql
Q5592149,Eddie S Henderson Stadium,Atlanta,GA,6500,"High school football stadium in Atlanta, Georgia",wikidata_sparql
Q7801373,Tiger Arena,Georgia,GA,6000,"multi-purpose arena in Savannah, Georgia",wikidata_sparql
Q7801373,Tiger Arena,Savannah,GA,6000,"multi-purpose arena in Savannah, Georgia",wikidata_sparql
Q7727214,The Complex,Georgia,GA,5350,"building in Georgia, United States",wikidata_sparql
Q7603437,State Mutual Stadium,Rome,GA,5105,"baseball stadium in Rome, GA, US",wikidata_sparql
Q756205,Atlanta Silverbacks Park,Georgia,GA,5000,"stadium in Georgia, United States",wikidata_sparql
Q3503325,Panther Stadium,Georgia,GA,5000,"in Atlanta, Georgia, home of the Clark Atlanta University Panthers",wikidata_sparql
Q6815520,Memorial Stadium,Georgia,GA,5000,"stadium in Savannah, USA",wikidata_sparql
Q1535023,Golden Park,Columbus,GA,5000,architectural structure,wikidata_sparql
Q6477189,Lake Olmstead Stadium,Augusta,GA,4822,"stadium in the Augusta, Georgia, US",wikidata_sparql
Q6338312,KSU Convocation Center,Georgia,GA,4792,"building in Georgia, United States",wikidata_sparql
Q1440190,Fox Theatre,Atlanta,GA,4665,"movie theater in Atlanta, Georgia, United States",wikidata_sparql
Q5514640,GSU Sports Arena,Georgia,GA,4500,event location,wikidata_sparql
Q5598423,Grayson Stadium,Savannah,GA,4000,"stadium in Savannah, Georgia, United States",wikidata_sparql
Q6936136,Municipal Auditorium,Columbus,GA,3916,"former multi-purpose arena in Columbus, Georgia, USA",wikidata_sparql
Q6705660,Luther Williams Field,Macon,GA,3500,"baseball stadium in Macon, Georgia",wikidata_sparql
Q5109163,Christenberry Fieldhouse,Georgia,GA,3207,"sports arena in Augusta, Georgia, USA",wikidata_sparql
Q14686594,Alumni Arena (Armstrong Atlantic State University),Georgia,GA,3000,arena on the campus of Armstrong State University,wikidata_sparql
Q6106012,J. I. Clements Stadium,Statesboro,GA,3000,"baseball venue in Statesboro, Georgia",wikidata_sparql
Q5138761,Cobb Energy Performing Arts Centre,Cobb County,GA,2750,"performing arts venue in Atlanta, Georgia, USA",wikidata_sparql
Q10381839,The Tabernacle,Georgia,GA,2600,"church building in Georgia, United States of America",wikidata_sparql
Q7923663,Veterans Park Amphitheater,Albany,GA,2500,"open-air theater in Albany, Georgia, USA",wikidata_sparql
Q26432899,McRae Correctional Institution,McRae-Helena,GA,2275,"private men's prison in Georgia, USA",wikidata_sparql
Q16632579,Northwest Georgia Trade and Convention Center,Dalton,GA,2100,"multi-purpose venue in Dalton, Georgia",wikidata_sparql
Q60740670,Classic Center,Athens,GA,2000,"convention center and performing arts center in Athens, Georgia, USA",wikidata_sparql
Q4983132,Buckhead Theatre,Fulton County,GA,1800,"theatre and former movie theater in the Buckhead neighborhood of Atlanta, Georgia, United States",wikidata_sparql
Q4816158,Atlanta Symphony Hall,Georgia,GA,1762,"Atlanta, Georgia, United States",wikidata_sparql
Q5496347,Fred Stillwell Stadium,Kennesaw,GA,1200,building,wikidata_sparql
Q121833098,Fulton County Jail,Fulton County,GA,1125,"jail building on Rice Street in Atlanta, Georgia, USA",wikidata_sparql
Q7381109,Russ Chandler Stadium,Atlanta,GA,1100,"baseball stadium in Atlanta, Georgia, US",wikidata_sparql
Q5547744,Georgia State Baseball Complex,Decatur,GA,1092,,wikidata_sparql
Q7915883,Variety Playhouse,Fulton County,GA,1000,"music venue and former movie theater in Atlanta, Georgia, United States",wikidata_sparql
Q5547844,Georgia Theatre,Athens,GA,800,"live music venue and event space in Athens, Georgia, USA",wikidata_sparql
Q5179877,Hargray Capitol Theatre,Macon,GA,650,"theater and former movie theatre in Macon, Georgia, United States",wikidata_sparql
Q7621252,Strand Theatre,Marietta,GA,531,"theater in Marietta, Georgia",wikidata_sparql
Q17062033,Savannah Theatre,Savannah,GA,525,"music venue, theatre and former movie theater in Savannah, Georgia, United States",wikidata_sparql
Q5568806,Glenn Field,Georgia,GA,500,"sports venue in Atlanta, Georgia",wikidata_sparql
Q24707672,Franklin Creek Tennis Center,Chatham County,GA,500,"tennis venue in Chatham County, Georgia, United States",wikidata_sparql
Q5129028,Claude Smith Field,Macon,GA,500,"Baseball stadium in Macon, Georgia, US",wikidata_sparql
Q42433156,Ritz Theater,Brunswick,GA,440,"movie theater in Brunswick, Georgia, United States",wikidata_sparql
Q42432880,Cinefest Film Theater,Atlanta,GA,144,"movie theater in Atlanta, Georgia, United States",wikidata_sparql
Q6694116,Lowndes County Civic Center,Georgia,GA,120,,wikidata_sparql
Q63589365,The Grey,Savannah,GA,60,American restaurant,wikidata_sparql
Q806673,Bank of America Stadium,Charlotte,NC,73778,"football stadium in uptown Charlotte, North Carolina",wikidata_sparql
Q945172,Carter–Finley Stadium,Raleigh,NC,57583,"stadium in Raleigh, North Carolina, USA",wikidata_sparql
Q3038295,Dowdy–Ficklen Stadium,North Carolina,NC,50000,on-campus football facility at East Carolina University,wikidata_sparql
Q3565475,Wallace Wade Stadium,Durham,NC,33941,"American football stadium at Duke University in Durham, North Carolina, U.S.",wikidata_sparql
Q1028275,Allegacy Federal Credit Union Stadium,Winston-Salem,NC,31500,football stadium at Wake Forest University,wikidata_sparql
Q6404623,Kidd Brewer Stadium,Boone,NC,30000,football stadium at Appalachian State University,wikidata_sparql
Q632138,Charlotte Coliseum,Charlotte,NC,24042,architectural structure,wikidata_sparql
Q1627986,Kenan Memorial Stadium,Chapel Hill,NC,24000,college football stadium in North Carolina,wikidata_sparql
Q842952,Greensboro Coliseum Complex,Greensboro,NC,23500,"arena in North Carolina, United States",wikidata_sparql
Q3020664,Dean Smith Center,Chapel Hill,NC,21750,"multi-purpose arena in Chapel Hill, North Carolina, used primarily as the home for the University of North Carolina at Chapel Hill Tar Heels men's basketball team",wikidata_sparql
Q4744348,American Legion Memorial Stadium,North Carolina,NC,21000,"stadium in Charlotte, North Carolina",wikidata_sparql
Q14707957,Groves Stadium (1940),North Carolina,NC,20000,"stadium in Wake Forest, North Carolina, United States",wikidata_sparql
Q2072723,Bowman Gray Stadium,Winston-Salem,NC,20000,asphalt flat oval short track and longstanding football stadium,wikidata_sparql
Q39177,Lenovo Center,North Carolina,NC,19722,"indoor arena, located in Raleigh, North Carolina",wikidata_sparql
Q39177,Lenovo Center,Raleigh,NC,19722,"indoor arena, located in Raleigh, North Carolina",wikidata_sparql
Q983870,Spectrum Center,Charlotte,NC,19077,"entertainment and sports venue located in center city Charlotte, North Carolina, United States",wikidata_sparql
Q4692215,Truist Stadium,Greensboro,NC,17500,"multi-purpose stadium in Greensboro, North Carolina",wikidata_sparql
Q14707992,Jerry Richardson Stadium,North Carolina,NC,15314,"College football stadium in Charlotte, North Carolina",wikidata_sparql
Q3219903,Lawrence Joel Veterans Memorial Coliseum,Winston-Salem,NC,14665,Indoor arena at Wake Forest University,wikidata_sparql
Q7319638,Reynolds Coliseum,Raleigh,NC,14000,"multi-purpose arena in Raleigh, North Carolina, U.S.",wikidata_sparql
Q4934322,Bob Waters Field at E. J. Whitmire Stadium,North Carolina,NC,13742,"Football stadium in Cullowhee, North Carolina",wikidata_sparql
Q5193873,Cumberland County Crown Coliseum,North Carolina,NC,13500,"arena in North Carolina, United States",wikidata_sparql
Q6587840,Rhodes Stadium,North Carolina,NC,11250,multi-purpose stadium in North Carolina,wikidata_sparql
Q2540855,WakeMed Soccer Park,North Carolina,NC,10000,"soccer stadium in Cary, North Carolina, USA",wikidata_sparql
Q3041567,Durham Bulls Athletic Park,North Carolina,NC,10000,"baseball stadium in Durham, North Carolina, US",wikidata_sparql
Q4647215,A.J. Simeon Stadium,North Carolina,NC,10000,stadium in North Carolina,wikidata_sparql
Q7071851,O'Kelly–Riddick Stadium,North Carolina,NC,10000,American football venue in North Carolina,wikidata_sparql
Q4834718,Truist Field,Charlotte,NC,10000,"baseball stadium in Charlotte, North Carolina",wikidata_sparql
Q4938627,Bojangles Coliseum,Charlotte,NC,9605,"arena in North Carolina, United States",wikidata_sparql
Q2934766,Cameron Indoor Stadium,Durham,NC,9314,indoor basketball arena at Duke University,wikidata_sparql
Q5210429,Dale F. Halton Arena,North Carolina,NC,9105,"sports venue in Charlotte, North Carolina, US",wikidata_sparql
Q2934766,Cameron Indoor Stadium,Durham,NC,8800,indoor basketball arena at Duke University,wikidata_sparql
Q5393961,Ernest W. Spangler Stadium,North Carolina,NC,8500,stadium in North Carolina,wikidata_sparql
Q4834719,Truist Stadium,Winston-Salem,NC,8500,"baseball stadium in Winston-Salem, North Carolina",wikidata_sparql
Q5541949,George M. Holmes Convocation Center,North Carolina,NC,8325,"building in North Carolina, United States",wikidata_sparql
Q5043658,Carmichael Arena,Chapel Hill,NC,8010,arena at the University of North Carolina at Chapel Hill,wikidata_sparql
Q14708191,Varsity Gymnasium,North Carolina,NC,8000,"arena in Boone, North Carolina, United States",wikidata_sparql
Q8020980,Williams Arena at Minges Coliseum,North Carolina,NC,8000,"building in North Carolina, United States",wikidata_sparql
Q5316498,Durham County Stadium,Durham County,NC,8000,"Sports stadium in North Carolina, U.S.",wikidata_sparql
Q7290206,Ramsey Center,North Carolina,NC,7826,"building in North Carolina, United States",wikidata_sparql
Q8036466,World War Memorial Stadium,Greensboro,NC,7500,"stadium in Greensboro, United States of America",wikidata_sparql
Q14708083,First National Bank Field,Greensboro,NC,7499,"baseball park in Greensboro, North Carolina",wikidata_sparql
Q7863110,Harrah's Cherokee Center,North Carolina,NC,7200,"arts and entertainment center in North Carolina, United States",wikidata_sparql
Q4962524,Brevard Memorial Stadium,North Carolina,NC,7000,sports stadium in North Carolina,wikidata_sparql
Q6426533,Koka Booth Amphitheatre,Cary,NC,7000,"open-air concert venue in Cary, North Carolina, United States of America",wikidata_sparql
Q6724952,Macpherson Stadium,Browns Summit,NC,7000,soccer stadium in North Carolina,wikidata_sparql
Q5455877,Five County Stadium,North Carolina,NC,6500,"baseball stadium in Zebulon, North Carolina",wikidata_sparql
Q3100454,Gene Hooks Field at Wake Forest Baseball Park,Winston-Salem,NC,6280,American baseball stadium,wikidata_sparql
Q4737464,Alumni Memorial Stadium,North Carolina,NC,6000,"Salisbury, North Carolina",wikidata_sparql
Q14708017,Legion Stadium,North Carolina,NC,6000,the main stadium in the Legion Sports Complex,wikidata_sparql
Q7330349,Richardson Stadium,North Carolina,NC,6000,stadium in North Carolina,wikidata_sparql
Q5321839,E. E. Waddell High School,Charlotte,NC,6000,"Defunct school in North Carolina, United States",wikidata_sparql
Q8033840,Woollen Gymnasium,Chapel Hill,NC,6000,"former arena in Chapel Hill, North Carolina, United States",wikidata_sparql
Q5169740,Corbett Sports Center,Greensboro,NC,5700,"multi-purpose arena in Greensboro, North Carolina",wikidata_sparql
Q6705475,"Luther ""Nick"" Jeralds Stadium",North Carolina,NC,5520,"stadium in North Carolina, USA",wikidata_sparql
Q6245698,John M. Belk Arena,North Carolina,NC,5223,"building in North Carolina, United States",wikidata_sparql
Q60764031,Schar Center,Elon,NC,5100,indoor arena at Elon University,wikidata_sparql
Q6456580,L. P. Frans Stadium,Hickory,NC,5062,"baseball stadium in Hickory, North Carolina",wikidata_sparql
Q5446005,Fetzer Field,North Carolina,NC,5025,former stadium in the US,wikidata_sparql
Q4860992,Barker-Lane Stadium,North Carolina,NC,5000,"stadium in North Carolina, USA",wikidata_sparql
Q5015255,Cabarrus Arena & Events Center,North Carolina,NC,5000,"building in North Carolina, United States",wikidata_sparql
Q5524059,Garrison Stadium,North Carolina,NC,5000,"stadium in Murfreesboro, North Carolina",wikidata_sparql
Q6791495,Sportsplex at Matthews,North Carolina,NC,5000,"soccer complex and park near Charlotte, North Carolina, USA",wikidata_sparql
Q6815508,"Memorial Stadium, Asheville",North Carolina,NC,5000,North Carolina,wikidata_sparql
Q7195448,Pinebridge Coliseum,North Carolina,NC,5000,"arena in Spruce Pine, North Carolina, USA",wikidata_sparql
Q7357555,Roebuck Stadium,North Carolina,NC,5000,"stadium in North Carolina, US",wikidata_sparql
Q5316463,Durham Athletic Park,Durham,NC,5000,"baseball stadium in Durham, NC, US",wikidata_sparql
Q5012860,CMC-NorthEast Stadium,Kannapolis,NC,4700,"baseball stadium in Kannapolis, North Carolina",wikidata_sparql
Q14707983,Irwin Belk Complex,North Carolina,NC,4500,"stadium in Charlotte, North Carolina",wikidata_sparql
Q4947252,Boshamer Stadium,North Carolina,NC,4100,"baseball stadium in North Carolina, U.S.A.",wikidata_sparql
Q5593520,Grainger Stadium,Kinston,NC,4100,"baseball stadium in North Carolina, United States",wikidata_sparql
Q5591330,Grace P. Johnson Stadium,North Carolina,NC,4000,"football stadium in Pembroke, North Carolina",wikidata_sparql
Q14707984,Irwin Belk Track and Field Center/Transamerica Field,North Carolina,NC,4000,"stadium in Charlotte, USA",wikidata_sparql
Q5038194,Card Gymnasium,Durham,NC,4000,sports facility at Duke University,wikidata_sparql
Q6800567,HomeTrust Park,Asheville,NC,4000,"Minor League Baseball park in Asheville, North Carolina",wikidata_sparql
Q7865214,UNCG Soccer Stadium,North Carolina,NC,3540,soccer stadium in North Carolina,wikidata_sparql
Q7865213,UNCG Baseball Stadium,North Carolina,NC,3500,"baseball stadium in North Carolina, U.S.",wikidata_sparql
Q14708007,Kimmel Arena,North Carolina,NC,3200,"arena at UNC Asheville in Asheville, North Carolina",wikidata_sparql
Q6262473,"John W. Pope, Jr. Convocation Center",North Carolina,NC,3095,"building in North Carolina, United States",wikidata_sparql
Q6802191,McLendon–McDougald Gymnasium,Durham,NC,3056,arean in North Carolina,wikidata_sparql
Q5127708,Clark–LeClair Stadium,North Carolina,NC,3000,baseball stadium,wikidata_sparql
Q5458593,Fleming Stadium,North Carolina,NC,3000,"Stadium in Wilson, North Carolina, US",wikidata_sparql
Q4883031,Belk Gymnasium,Charlotte,NC,3000,"gymnasium in North Carolina, USA",wikidata_sparql
Q5286467,Doak Field,Raleigh,NC,3000,"baseball venue in Raleigh, North Carolina",wikidata_sparql
Q4974999,Brooks Field,Wilmington,NC,3000,baseball stadium at the University of North Carolina Wilmington,wikidata_sparql
Q5592114,Grady Cole Center,Elizabeth,NC,3000,"arena in North Carolina, United States",wikidata_sparql
Q5316543,Durham Performing Arts Center,Durham,NC,2712,theater in North Carolina,wikidata_sparql
Q7282807,Ragan-Brown Field House,Greensboro,NC,2500,"arena in Greensboro, North Carolina",wikidata_sparql
Q7113349,Ovens Auditorium,Charlotte,NC,2460,"multi-purpose concert hall and theatre in Charlotte, North Carolina, United States",wikidata_sparql
Q4793403,Armfield Athletic Center,North Carolina,NC,2200,,wikidata_sparql
Q6211582,Joe O'Brien Field,North Carolina,NC,2000,"baseball stadium in Elizabethton, Tennessee",wikidata_sparql
Q5449826,Finch Field,Davidson County,NC,2000,"park in Davidson County, North Carolina, United States of America",wikidata_sparql
Q5449826,Finch Field,Thomasville,NC,2000,"park in Davidson County, North Carolina, United States of America",wikidata_sparql
Q4878078,Beaver Field at Jim and Bettie Smith Stadium,Boone,NC,2000,"baseball stadium in Boone, North Carolina",wikidata_sparql
Q5146547,College Stadium,Greenville,NC,2000,"stadium in Greenville, North Carolina, US",wikidata_sparql
Q6111807,Jack Coombs Field,Durham,NC,2000,"baseball stadium at Duke University in Durham, North Carolina, U.S.",wikidata_sparql
Q7964466,Walter C. Latham Park,Elon,NC,2000,"baseball venue located in Elon, North Carolina, United States",wikidata_sparql
Q7865793,USA Baseball National Training Complex,North Carolina,NC,1754,"baseball training complex located in western Cary, North Carolina",wikidata_sparql
Q6859864,Millis Athletic Convocation Center,North Carolina,NC,1750,"building in North Carolina, United States",wikidata_sparql
Q85802854,St. Catherine of Siena Catholic Church,Wake Forest,NC,1700,"catholic church in Wake Forest, North Carolina",wikidata_sparql
Q7319644,Reynolds Gymnasium,North Carolina,NC,1500,"arena in Winston-Salem, North Carolina",wikidata_sparql
Q5715113,Hennon Stadium,Cullowhee,NC,1500,"stadium in Cullowhee, North Carolina",wikidata_sparql
Q98763476,Page Auditorium,Durham,NC,1170,"performance space at Duke University in Durham, North Carolina, U.S.",wikidata_sparql
Q7351367,Robert and Mariam Hayes Stadium,University of North Carolina at Charlotte,NC,1100,"baseball venue in Charlotte, North Carolina",wikidata_sparql
Q5728600,Henry Stadium,North Carolina,NC,1086,,wikidata_sparql
Q5044903,Carolina Theatre of Greensboro,Greensboro,NC,1075,"performing arts center and former movie theater in Greensboro, North Carolina, United States",wikidata_sparql
Q6898026,Monarch Stadium,North Carolina,NC,800,"College football stadium in Fayetteville, North Carolina",wikidata_sparql
Q6238895,John Henry Moss Stadium,Boiling Springs,NC,700,"baseball field in Boiling Springs, North Carolina",wikidata_sparql
Q7668309,"T. Henry Wilson, Jr. Field",Davidson,NC,700,"baseball venue in Davidson, North Carolina",wikidata_sparql
Q124380465,Baldwin Auditorium,Durham,NC,685,"building at Duke University in Durham, North Carolina, U.S.",wikidata_sparql
Q7689965,"Taylor Field, Campbell University",North Carolina,NC,630,"Baseball Stadium in Buies Creek, North Carolina",wikidata_sparql
Q5544150,George S. Erath Field at Coy O. Williard Baseball Stadium,High Point,NC,550,baseball venue in the USA,wikidata_sparql
Q7401203,Saint Elizabeth Catholic Church,North Carolina,NC,420,"church building in North Carolina, United States of America",wikidata_sparql
Q7719980,The Brewery,North Carolina,NC,300,"American music venue in Raleigh, North Carolina",wikidata_sparql
Q5604984,Greenwood Baseball Field,Asheville,NC,300,baseball park at the University of North Carolina at Asheville,wikidata_sparql
Q7698587,Temple Israel,North Carolina,NC,200,"synagogue located in Kinston, North Carolina",wikidata_sparql
Q373355,Gillette Stadium,Foxborough,MA,68756,home venue of the New England Patriots and the New England Revolution,wikidata_sparql
Q339850,Foxboro Stadium,Foxborough,MA,60292,"American football and soccer stadium in Foxborough, Massachusetts, United States",wikidata_sparql
Q598070,Alumni Stadium,Massachusetts,MA,44500,"stadium in Boston, MA",wikidata_sparql
Q14715765,New Fenway Park,Boston,MA,44130,,wikidata_sparql
Q11335096,Braves Field,Massachusetts,MA,40000,"former baseball stadium in Boston, Massachusetts, United States",wikidata_sparql
Q49136,Fenway Park,Boston,MA,37499,"ballpark in Boston, Massachusetts; home of the Boston Red Sox",wikidata_sparql
Q1587879,Harvard Stadium,Boston,MA,30323,American football stadium,wikidata_sparql
Q5455506,Fitton Field,Massachusetts,MA,23500,"football stadium in Worcester, Massachusetts, USA",wikidata_sparql
Q6750857,Manning Bowl,Massachusetts,MA,21000,,wikidata_sparql
Q432105,TD Garden,Boston,MA,18624,"multi-purpose arena in Boston, Massachusetts, United States",wikidata_sparql
Q6588293,Warren McGuirk Alumni Stadium,Massachusetts,MA,17000,"venue in Amherst, Massachusetts",wikidata_sparql
Q912283,DCU Center,Worcester,MA,14800,"arena and convention in Worcester, Massachusetts",wikidata_sparql
Q894567,Boston Garden,Boston,MA,14448,"indoor arena in Boston, Massachusetts, USA between 1928-1997",wikidata_sparql
Q1056422,Huntington Avenue Grounds,Massachusetts,MA,11500,architectural structure,wikidata_sparql
Q3339834,Nickerson Field,Massachusetts,MA,10412,"building in Massachusetts, United States",wikidata_sparql
Q8007500,William D. Mullins Memorial Center,Massachusetts,MA,9493,"building in Amherst, Massachusetts, United States",wikidata_sparql
Q598342,Conte Forum,Newton,MA,8606,indoor arena at Boston College,wikidata_sparql
Q119800101,The Stage at Suffolk Downs,Boston,MA,8500,"open-air music venue in Boston, Massachusetts",wikidata_sparql
Q6783965,MassMutual Center,Springfield,MA,8000,"multi-purpose arena in Springfield, Massachusetts",wikidata_sparql
Q598342,Conte Forum,Newton,MA,7884,indoor arena at Boston College,wikidata_sparql
Q4692179,Agganis Arena,Massachusetts,MA,7200,"building in Massachusetts, United States",wikidata_sparql
Q115640874,South End Grounds II,Massachusetts,MA,6800,"former baseball park in Boston, MA",wikidata_sparql
Q2076478,Tsongas Center,Lowell,MA,6496,"multi-purpose facility on the campus of the University of Massachusetts Lowell, in Lowell, Massachusetts",wikidata_sparql
Q2076882,Cawley Memorial Stadium,Massachusetts,MA,6000,"6,000 seat multipurpose stadium in Lowell, Massachusetts",wikidata_sparql
Q7717607,The Big E Coliseum,Massachusetts,MA,6000,"Arena in West Springfield, Massachusetts, US",wikidata_sparql
Q4950749,Bowditch Field,Massachusetts,MA,5800,"sports venue in Massachusetts, United States",wikidata_sparql
Q4856037,Leader Bank Pavilion,Boston,MA,5200,"outdoor theater in Boston, Massachusetts",wikidata_sparql
Q115641009,South End Grounds III,Massachusetts,MA,5000,"former baseball park in Boston, MA",wikidata_sparql
Q2076411,Edward A. LeLacheur Park,Massachusetts,MA,4767,"baseball stadium in Lowell, Massachusetts",wikidata_sparql
Q5027904,Campanelli Stadium,Massachusetts,MA,4750,"Stadium in Brockton, Massachusetts, US",wikidata_sparql
Q919959,Matthews Arena,Massachusetts,MA,4666,"indoor arena in Boston, Massachusetts, USA",wikidata_sparql
Q16951044,McHugh Forum,Chestnut Hill,MA,4200,,wikidata_sparql
Q4716191,Aleppo Shrine Auditorium,Massachusetts,MA,4150,"building in Massachusetts, United States",wikidata_sparql
Q6724403,Mackenzie Stadium,Massachusetts,MA,4100,"Baseball venue in Holyoke, Massachusetts, US",wikidata_sparql
Q2076930,Stoklosa Alumni Field,Middlesex County,MA,4000,"4,000-seat baseball field in Lowell, Massachusetts",wikidata_sparql
Q5152415,Commerce Bank Field at Foley Stadium,Worcester,MA,4000,"city sports stadium in Worcester, Massachusetts, U.S.",wikidata_sparql
Q7596915,Stagg Field,Massachusetts,MA,3867,"stadium in Springfield, US",wikidata_sparql
Q7964397,Walter Brown Arena,Boston,MA,3806,"sports arena in Boston, Massachusetts",wikidata_sparql
Q5493595,Fraser Field,Massachusetts,MA,3804,"Baseball park in Lynn, Massachusetts, US",wikidata_sparql
Q8034198,Worcester Memorial Auditorium,Worcester,MA,3508,"multi-purpose hall in Worcester, Massachusetts, United States",wikidata_sparql
Q7308269,Reggie Lewis Track and Athletic Center,Massachusetts,MA,3500,"Indoor arena in Boston, Massachusetts",wikidata_sparql
Q7959747,Wahconah Park,Massachusetts,MA,3500,"baseball park in Pittsfield, Massachusetts, US",wikidata_sparql
Q5122435,Boch Center,Boston,MA,3500,"performing arts center in Boston, Masachussetts, managing the historic Wang and Shubert theatres",wikidata_sparql
Q7967635,Wang Theatre,Boston,MA,3500,"theater in Boston, Massachusetts, United States",wikidata_sparql
Q112286122,Roadrunner,Boston,MA,3500,"music venue in Boston, MA",wikidata_sparql
Q5297518,Doran Park,Massachusetts,MA,3000,"baseball venue in Bourne, Massachusetts",wikidata_sparql
Q14715683,Lusitano Stadium,Massachusetts,MA,3000,"stadium in Ludlow, Massachusetts",wikidata_sparql
Q6646308,South End Grounds I,Massachusetts,MA,3000,"former baseball park in Boston, MA",wikidata_sparql
Q4967420,Bright Hockey Center,Massachusetts,MA,2850,"Ice-hockey arena in Boston, Massachusetts",wikidata_sparql
Q2076142,Lowell Memorial Auditorium,Lowell,MA,2800,"multi-use auditorium located in downtown Lowell, Massachusetts",wikidata_sparql
Q894568,Orpheum Theatre,Boston,MA,2700,"concert hall in Boston, Massachusetts (also used as vaudeville theatre and opera house)",wikidata_sparql
Q7581010,Springfield Municipal Group,Springfield,MA,2611,"office, Indoor theatre in Springfield, Massachusetts",wikidata_sparql
Q4948014,Boston Opera House,Boston,MA,2600,"opera house and former movie theater at 539 Washington St. in Boston, Massachusetts, United States",wikidata_sparql
Q7940682,Volpe Complex,Massachusetts,MA,2549,"building in Massachusetts, United States",wikidata_sparql
Q7557389,Jordan Field,Massachusetts,MA,2500,"stadium in Boston, USA",wikidata_sparql
Q5649435,Hanover Theatre for the Performing Arts,Worcester,MA,2300,"theater in Worcester, Massachusetts, United States",wikidata_sparql
Q105835961,John M. Greene Hall,Northampton,MA,2225,"concert hall and auditorium of Smith College in Northhampton, Massachusetts, United States",wikidata_sparql
Q7088962,Olympia Ice Center,Massachusetts,MA,2200,"hockey rink in West Springfield, Massachusetts, U.S",wikidata_sparql
Q6502663,Lavietes Pavilion,Massachusetts,MA,2195,"Multi-purpose arena in Boston, Massachusetts",wikidata_sparql
Q16632517,Costello Athletic Center,Lowell,MA,2100,"multi-purpose arena in Lowell, Massachusetts",wikidata_sparql
Q4737457,Alumni Healthful Living Center,Massachusetts,MA,2000,"building in Massachusetts, United States",wikidata_sparql
Q7923560,Veteran's Field,Massachusetts,MA,2000,"baseball venue in Chatham, Massachusetts",wikidata_sparql
Q106930012,Avalon,Boston,MA,1920,"music venue in Boston, Massachusetts",wikidata_sparql
Q5048302,Case Gym,Massachusetts,MA,1800,"building in Massachusetts, United States",wikidata_sparql
Q6213047,Joe Wolfe Field,Massachusetts,MA,1800,sporting venue in the United States,wikidata_sparql
Q2984240,"Colonial Theatre, Boston",Boston,MA,1700,theater in Boston,wikidata_sparql
Q7722107,The Channel,Boston,MA,1700,"music venue in Boston, MA",wikidata_sparql
Q7927557,Victory Theatre,Holyoke,MA,1680,"theater and former movie theater in Holyoke, Massachusetts, United States",wikidata_sparql
Q6284262,Joseph J. O'Donnell Field,Boston,MA,1600,"Harvard University's baseball field in Boston, Massachusetts",wikidata_sparql
Q6284262,Joseph J. O'Donnell Field,Allston,MA,1600,"Harvard University's baseball field in Boston, Massachusetts",wikidata_sparql
Q7504541,Shubert Theatre,Boston,MA,1600,"former theater and movie theater in Boston, Massachusetts, United States",wikidata_sparql
Q5579203,Golden Bear Stadium,Massachusetts,MA,1500,"sports facility in Springfield, Massachusetts",wikidata_sparql
Q7081069,Ohiri Field,Massachusetts,MA,1500,"soccer stadium in Boston, USA",wikidata_sparql
Q130412352,Bradford Ballroom,Boston,MA,1500,"music venue in Boston, Massachusetts",wikidata_sparql
Q17018551,Orpheum Theatre,New Bedford,MA,1500,"former theater and movie theater in New Bedford, Massachusetts",wikidata_sparql
Q4861955,Barnstable High School Performing Arts Center,Barnstable,MA,1440,"performing arts center in Barnstable, Massachusetts, United States",wikidata_sparql
Q6217928,John A. Ryan Arena,Massachusetts,MA,1250,"building in Massachusetts, United States",wikidata_sparql
Q115096488,John Hancock Hall,Boston,MA,1100,"music venue in Boston, Massachusetts",wikidata_sparql
Q6276585,Jordan Hall,Boston,MA,1051,"concert hall in Boston, Massachusetts",wikidata_sparql
Q5336396,Eddie Pellagrini Diamond at John Shea Field,Massachusetts,MA,1000,"baseball stadium in Chestnut Hill, Massachusetts",wikidata_sparql
Q7865172,UMass Softball Complex,Amherst,MA,1000,"softball field in Massachusetts, USA",wikidata_sparql
Q1644029,SS Portland,Essex County,MA,800,"ship wrecked near Gloucester, Massachusetts",wikidata_sparql
Q106930079,Axis,Boston,MA,750,"music venue at 13 Lansdowne Street in Boston, Massachusetts (1987-2007)",wikidata_sparql
Q7972945,Wat Nawamintararachutis,Massachusetts,MA,700,,wikidata_sparql
Q113453825,Avenue C,Boston,MA,700,"music venue in Boston, Massachusetts",wikidata_sparql
Q106930359,Mama Kin Music Hall,Boston,MA,600,music venue,wikidata_sparql
Q115977886,Middle East Downstairs,Cambridge,MA,575,"performance space within The Middle East in Cambridge, Massachusetts",wikidata_sparql
Q112117387,The Sinclair,Cambridge,MA,525,"music venue in Cambridge, Massachusetts",wikidata_sparql
Q112118406,Crystal Ballroom,Somerville,MA,516,"music venue in Somerville Theatre, Somerville, Massachusetts",wikidata_sparql
Q115304753,Once,Somerville,MA,411,"music venue in Somerville, Massachusetts",wikidata_sparql
Q115096454,Sonia,Cambridge,MA,350,"music venue in Cambridge, Massachusetts",wikidata_sparql
Q115247934,The Vault Music Hall,New Bedford,MA,350,"music venue in New Bedford, Massachusetts",wikidata_sparql
Q111823865,Club III,Somerville,MA,350,"venue in Somerville, MA",wikidata_sparql
Q8034182,Worcester Foothills Theatre,Worcester,MA,349,"theater in Worcester, Massachusetts",wikidata_sparql
Q112278400,Brighton Music Hall,Allston,MA,340,"music venue in Allston, MA",wikidata_sparql
Q7868136,USS Cassin Young,Boston,MA,325,1943 Fletcher-class destroyer,wikidata_sparql
Q105884072,Johnny D's Uptown,Somerville,MA,300,"a restaurant and music venue in Somerville, MA",wikidata_sparql
Q130455228,Linwood Grille & Barbeque,Boston,MA,250,"restaurant and music venue in Boston, Massachusetts",wikidata_sparql
Q130455196,Jonathan Swift's,Cambridge,MA,250,"bar and music venue in Cambridge, MA",wikidata_sparql
Q118558314,Deep Cuts,Medford,MA,240,"music venue in Medford, Massachusetts",wikidata_sparql
Q106930314,Great Scott,Allston,MA,240,"music venue in Boston, Massachustes",wikidata_sparql
Q106929909,Church of Boston,Boston,MA,225,"music venue and restaurant on Kilmarnock Street in Boston, Massachusetts",wikidata_sparql
Q106930254,Bill's Bar,Boston,MA,220,"music venue at 5 Lansdowne Street in Boston, Massachusetts",wikidata_sparql
Q115977928,Middle East Upstairs,Cambridge,MA,194,"performance space within The Middle East in Cambridge, Massachusetts",wikidata_sparql
Q6888890,Modern Theatre,Boston,MA,185,"former theater in Boston, demolished, only the facade remaining",wikidata_sparql
Q130454600,House of Blues,Cambridge,MA,180,"original instance of the venue chain, located in Harvard Square",wikidata_sparql
Q111823872,Ed Burke's,Boston,MA,150,"venue in Boston, MA",wikidata_sparql
Q106929994,All Asia,Cambridge,MA,150,"music venue in Cambridge, Massachusetts",wikidata_sparql
Q7195603,Pinewoods Camp,Plymouth,MA,140,"Traditional dance and music camp in Plymouth, Massachusetts, United States",wikidata_sparql
Q130744782,The 4th Wall,Arlington,MA,120,"music venue in Arlington, Massachusetts",wikidata_sparql
Q6660525,Lizard Lounge,Cambridge,MA,105,"nightclub in Cambridge, Massachusetts",wikidata_sparql
Q115977940,ZuZu,Cambridge,MA,100,"performance space within The Middle East in Cambridge, Massachusetts",wikidata_sparql
Q120336680,Hong Kong Harvard Square,Cambridge,MA,100,"music venue in Cambridge, Massachusetts",wikidata_sparql
Q115977953,Faces Brewing Co.,Malden,MA,100,"brewery and music venue in Malden, Massachusetts",wikidata_sparql
Q130455490,Magic Room Gallery,Brighton,MA,100,"club in Brighton, MA",wikidata_sparql
Q115174013,Midway Cafe,Jamaica Plain,MA,99,"music venue in Jamaica Plain, Massachusetts",wikidata_sparql
Q7918382,Veggie Galaxy,Massachusetts,MA,88,"restaurant in Massachusetts, United States",wikidata_sparql
Q107815199,The Jungle,Somerville,MA,85,"music venue in Somerville, MA",wikidata_sparql
Q115174009,The Lilypad,Cambridge,MA,80,"music venue in Cambridge, Massachusetts",wikidata_sparql
Q106940841,O'Brien's Pub,Allston,MA,75,"music venue in Allston, Massachusetts",wikidata_sparql
Q115174010,Toad,Cambridge,MA,65,"music venue in Cambridge, Massachusetts",wikidata_sparql
Q7757526,The Plough and Stars,Cambridge,MA,60,"bar and music venue in Cambridge, Massachusetts",wikidata_sparql
Q116153493,The Silhouette Lounge,Allston,MA,50,"music venue in Allston, Massachusetts",wikidata_sparql
Q130238393,Lamy's Diner,Massachusetts,MA,40,"former restaurant, now in the Henry Ford Museum",wikidata_sparql
Q130238393,Lamy's Diner,Michigan,MA,40,"former restaurant, now in the Henry Ford Museum",wikidata_sparql
Q130238393,Lamy's Diner,Massachusetts,MA,39,"former restaurant, now in the Henry Ford Museum",wikidata_sparql
Q130238393,Lamy's Diner,Michigan,MA,39,"former restaurant, now in the Henry Ford Museum",wikidata_sparql
Q1640118,Michigan Stadium,Ann Arbor,MI,107601,"American football stadium in Ann Arbor, Michigan: home of the Michigan Wolverines football team",wikidata_sparql
Q211662,Pontiac Silverdome,Pontiac,MI,82000,"former stadium in Pontiac, Michigan, United States",wikidata_sparql
Q2164621,Spartan Stadium,East Lansing,MI,75005,American football stadium in Michigan,wikidata_sparql
Q1142586,Ford Field,Detroit,MI,70000,"stadium in Detroit, Michigan",wikidata_sparql
Q1142586,Ford Field,Detroit,MI,65000,"stadium in Detroit, Michigan",wikidata_sparql
Q868482,Comerica Park,Michigan,MI,40120,home venue of the Detroit Tigers,wikidata_sparql
Q868482,Comerica Park,Detroit,MI,40120,home venue of the Detroit Tigers,wikidata_sparql
Q6385914,Kelly/Shorts Stadium,Mount Pleasant,MI,32885,home venue of the Central Michigan Chippewas football team,wikidata_sparql
Q7961584,Waldo Stadium,Michigan,MI,30200,"stadium in Kalamazoo, Michigan, United States",wikidata_sparql
Q14716273,Rynearson Stadium,Michigan,MI,30200,"collegiate sports venue in Ypsilanti, Michigan, United States",wikidata_sparql
Q1750255,Tiger Stadium,Detroit,MI,23000,"baseball stadium located in Detroit, Michigan",wikidata_sparql
Q1327633,The Palace of Auburn Hills,Michigan,MI,22076,architectural structure,wikidata_sparql
Q168579,Joe Louis Arena,Detroit,MI,19275,"arena located in Detroit, Michigan",wikidata_sparql
Q5445483,Ferry Field,Ann Arbor,MI,18000,American multi-purpose stadium,wikidata_sparql
Q1201545,Detroit Olympia,Detroit,MI,15000,architectural structure,wikidata_sparql
Q2924511,Breslin Student Events Center,Michigan,MI,14797,arena at Michigan State University,wikidata_sparql
Q3091213,Crisler Center,Ann Arbor,MI,13684,basketball arena at the University of Michigan,wikidata_sparql
Q1539206,Van Andel Arena,Michigan,MI,13184,"arena in Grand Rapids, Michigan",wikidata_sparql
Q4818873,Atwood Stadium,Flint,MI,11000,stadium in the United States,wikidata_sparql
Q14716203,Lubbers Stadium,Michigan,MI,10700,"stadium on the Grand Valley State University's main campus in Allendale, Michigan, USA.",wikidata_sparql
Q14716145,Houseman Field,Michigan,MI,10000,"stadium in Grand Rapids, Michigan, U.S",wikidata_sparql
Q5447560,LMCU Ballpark,Comstock Park,MI,9281,home venue of the West Michigan Whitecaps,wikidata_sparql
Q5166593,George Gervin GameAbove Center,Ypsilanti,MI,8824,arena on the campus of Eastern Michigan University,wikidata_sparql
Q5021351,Calihan Hall,Detroit,MI,8295,"arena in Detroit, Michigan",wikidata_sparql
Q560209,Superior Dome,Michigan,MI,8000,"stadium on the campus of Northern Michigan University in Marquette, Michigan, United States",wikidata_sparql
Q22095860,Keyworth Stadium,Michigan,MI,7933,"stadium in Hamtramck, Michigan",wikidata_sparql
Q5302611,Dow Event Center,Michigan,MI,7647,Ice Hockey and Convention venue in Saginaw MI,wikidata_sparql
Q5167437,Jackson Field,Capitol Loop,MI,7527,"baseball park in Lansing, Michigan, United States",wikidata_sparql
Q14716224,Midland Community Stadium,Michigan,MI,7500,"sports venue in Midland, Michigan",wikidata_sparql
Q8056385,Yost Ice Arena,Michigan,MI,6600,"hockey arena in Ann Arbor, Michigan",wikidata_sparql
Q6936768,Munn Ice Arena,Michigan,MI,6470,"hockey arena in Michigan, USA",wikidata_sparql
Q7166936,Dort Federal Credit Union Event Center,Flint,MI,6469,"sports, entertainment and convention venue in Flint, Michigan",wikidata_sparql
Q6177526,Jenison Fieldhouse,East Lansing,MI,6000,multi-purpose arena at Michigan State University,wikidata_sparql
Q6837697,Michigan State Fairgrounds Coliseum,Detroit,MI,5600,hosts the Michigan State Fair,wikidata_sparql
Q5302610,Dow Diamond,Midland,MI,5500,"Minor League baseball stadium in Midland, Michigan",wikidata_sparql
Q7894513,University Arena,Michigan,MI,5421,basketball and volleyball arena at Western Michigan University,wikidata_sparql
Q6801524,McGuirk Arena,Michigan,MI,5200,home venue for several Central Michigan Chippewas sports teams,wikidata_sparql
Q3080199,Fox Theatre,Detroit,MI,5174,"theater and former movie theater in Detroit, Michigan, United States",wikidata_sparql
Q3569335,Wings Stadium,Kalamazoo,MI,5113,"ice rink and entertainment venue in Kalamazoo, Michigan, USA",wikidata_sparql
Q6456391,Mercy Health Arena,Muskegon,MI,5100,"arena in Muskegon, Michigan, United States",wikidata_sparql
Q7880247,Ultimate Soccer Arenas,Pontiac,MI,5000,"Soccer stadium in Pontiac, Michigan",wikidata_sparql
Q28842780,Jimmy John's Field,Utica,MI,4500,"The first independent professional ballpark in the metropolitan Detroit area, with a capacity of 4,500 fans per game.",wikidata_sparql
Q8039054,Pit Spitters Park,Traverse City,MI,4200,"stadium in Blair Township, Michigan",wikidata_sparql
Q5514854,GVSU Fieldhouse,Michigan,MI,4100,"sports arean near Grand Rapids, Michigan, U.S",wikidata_sparql
Q1931275,Michigan Building,Detroit,MI,4038,office building and former movie theater in Detroit,wikidata_sparql
Q14716298,Taffy Abel Arena,Michigan,MI,4000,"hockey arena in Sault Ste. Marie, Michigan",wikidata_sparql
Q5306124,Jeff Ishbia Field at McLane Stadium,East Lansing,MI,4000,"college stadium, East Lansing",wikidata_sparql
Q5270950,Diamond at the Summit,Waterford,MI,3900,,wikidata_sparql
Q4894789,Berry Events Center,Marquette,MI,3802,"Marquette, Michigan, United States",wikidata_sparql
Q7981855,Welsh Auditorium,Michigan,MI,3800,"former multi-purpose hall in Grand Rapids, Michigan, United State",wikidata_sparql
Q14716354,Yack Arena,Michigan,MI,3800,"indoor arena in Wyandotte, Michigan",wikidata_sparql
Q6504962,Lawson Arena,Kalamazoo,MI,3667,"multi-purpose sports arena at Western Michigan University in Kalamazoo, Michigan, USA",wikidata_sparql
Q2990924,USA Hockey Arena,Plymouth Charter Township,MI,3504,"arena in Michigan, United States",wikidata_sparql
Q6859077,Miller Auditorium,Kalamazoo,MI,3497,"theater at Western Michigan University in Kalamazoo, Michigan, United States",wikidata_sparql
Q5599482,Great Lakes Sports City Superior Arena,Michigan,MI,3400,"Ice rink in Fraser, Michigan, U.S.",wikidata_sparql
Q6802397,McMorran Place,Michigan,MI,3400,"Entertainment complex in Port Huron, Michigan",wikidata_sparql
Q5277220,Dime Tabernacle,Battle Creek,MI,3200,"fourth Seventh-day Adventist church built in Battle Creek, Michigan",wikidata_sparql
Q6479229,Lakeview Arena,Michigan,MI,3100,"arena in Marquette, Michigan",wikidata_sparql
Q17510815,Henry Ford II World Center,Dearborn,MI,3000,office building,wikidata_sparql
Q4813778,OU Credit Union O'rena,Auburn Hills,MI,3000,"multi-purpose arena in Auburn Hills, Michigan",wikidata_sparql
Q4564213,Detroit Opera House,Detroit,MI,2700,"opera house and former movie theater in Detroit, Michigan, United States",wikidata_sparql
Q63985094,Alumni Field at Carol Hutchins Stadium,Ann Arbor,MI,2650,home field for the Michigan Wolverines softball team,wikidata_sparql
Q7078706,Oestrike Stadium,Ypsilanti,MI,2500,"baseball stadium in Michigan, US",wikidata_sparql
Q5419034,Ewigleben Arena,Michigan,MI,2493,"hockey arena in Big Rapids, Michigan",wikidata_sparql
Q125434645,DeVos Place Performance Hall,Grand Rapids,MI,2404,"performance hall in Grand Rapids, Michigan, USA",wikidata_sparql
Q4911120,Bill Theunissen Stadium,Mount Pleasant,MI,2046,"baseball venue in Mount Pleasant, Michigan",wikidata_sparql
Q5246970,Dearborn Mosque,Dearborn,MI,2000,"mosque in Dearborn, Michigan, United States",wikidata_sparql
Q7698679,Temple Theatre,Saginaw,MI,1750,"theatre and movie theater in Saginaw, Michigan, United States",wikidata_sparql
Q6941534,Music Hall Center for the Performing Arts,Detroit,MI,1731,"performing arts center in Detroit, Michigan, United States",wikidata_sparql
Q42769437,State Theatre,Kalamazoo,MI,1590,"theatre and movie theater in Kalamazoo, Michigan, United States",wikidata_sparql
Q7895749,University of Michigan-Dearborn Fieldhouse,Dearborn,MI,1500,"athletic facility in Dearborn, Michigan",wikidata_sparql
Q5952731,Hyames Field,Kalamazoo,MI,1500,baseball field at Western Michigan University,wikidata_sparql
Q7400911,Saint Andrew's Hall,Michigan,MI,1400,concert venue,wikidata_sparql
Q20740241,Carson City Correctional Facility,Michigan,MI,1246,"Michigan prison, located in Carson City",wikidata_sparql
Q117805096,Michael A. Guido Theater,Dearborn,MI,1201,"Theater in Dearborn, Michigan",wikidata_sparql
Q42768866,Our Theatre,Grand Rapids,MI,1122,"former movie theater in Grand Rapids, Michigan, United States",wikidata_sparql
Q3582125,St. Josaphat's Roman Catholic Church,Detroit,MI,1100,"church building in Detroit, United States of America",wikidata_sparql
Q7690131,Taylor Sportsplex,Michigan,MI,1000,"Taylor, Michigan",wikidata_sparql
Q14716267,Revolution Arena,Michigan,MI,1000,,wikidata_sparql
Q4766221,Ann Arbor Ice Cube,Pittsfield Charter Township,MI,1000,"ice arena in Ann Arbor, Michigan",wikidata_sparql
Q117805819,Jane Tasch Performing Arts Center,Pinckney,MI,900,performing arts center located in Michigan,wikidata_sparql
Q117805207,Meijer Majestic Theatre,Grand Rapids,MI,777,"theatre building in Grand Rapids, Michigan",wikidata_sparql
Q7393210,SS Badger,Ludington,MI,620,passenger and vehicle ferry in the United States,wikidata_sparql
Q42769577,Pix Theatre,Lapeer,MI,512,"movie theater in Lapeer, Michigan, United States",wikidata_sparql
Q4795996,Arrington Ice Arena,Michigan,MI,500,"ice arena in Adrian, Michigan",wikidata_sparql
Q7074063,Oakland University Baseball Field,Rochester,MI,500,"baseball venue in Rochester, Michigan, US",wikidata_sparql
Q5435888,Farmington Civic Theatre,Farmington,MI,410,"theater and former movie theater in Farmington, Michigan, United States",wikidata_sparql
Q5331829,Ebert Field,Michigan,MI,400,"softball field located in Kalamazoo, Michigan, US",wikidata_sparql
Q117777141,Cranbrook Greek Theatre,Bloomfield Hills,MI,350,"amphitheatre located in Bloomfield Hills, Michigan",wikidata_sparql
Q110681506,Kanley Memorial Chapel,Kalamazoo,MI,300,interfaith chapel,wikidata_sparql
Q130238393,Lamy's Diner,Massachusetts,MI,40,"former restaurant, now in the Henry Ford Museum",wikidata_sparql
Q130238393,Lamy's Diner,Michigan,MI,40,"former restaurant, now in the Henry Ford Museum",wikidata_sparql
Q130238393,Lamy's Diner,Massachusetts,MI,39,"former restaurant, now in the Henry Ford Museum",wikidata_sparql
Q130238393,Lamy's Diner,Michigan,MI,39,"former restaurant, now in the Henry Ford Museum",wikidata_sparql
Q117408653,Downtown Las Vegas Events Center,Las Vegas,NV,110000,"event venue located in downtown Las Vegas, Nevada, USA",wikidata_sparql
Q27768421,Allegiant Stadium,Clark County,NV,65000,"domed football stadium in Paradise, Nevada, USA",wikidata_sparql
Q3470457,Sam Boyd Stadium,Las Vegas,NV,36800,football stadium,wikidata_sparql
Q3470457,Sam Boyd Stadium,Whitney,NV,36800,football stadium,wikidata_sparql
Q6588235,Mackay Stadium,Nevada,NV,30000,"Outdoor athletic stadium in Reno, Nevada",wikidata_sparql
Q3338973,T-Mobile Arena,Clark County,NV,20000,multi-purpose arena on the Las Vegas Strip,wikidata_sparql
Q60749353,Sphere,Clark County,NV,20000,"music and entertainment arena in Las Vegasm Nevada, United States",wikidata_sparql
Q16632380,Silver State Arena,Las Vegas Strip,NV,20000,"entertainment complex in Las Vegas, Nevada",wikidata_sparql
Q686525,Thomas & Mack Center,Clark County,NV,18776,"indoor arena in the Las Vegas area, Nevada, United States",wikidata_sparql
Q717472,MGM Grand Garden Arena,Nevada,NV,17157,"arena on the Las Vegas Strip in Nevada, United States",wikidata_sparql
Q1888848,Michelob Ultra Arena,Nevada,NV,12000,"indoor arena in Las Vegas, Nevada, United States",wikidata_sparql
Q6503641,Lawlor Events Center,Nevada,NV,11536,multi-purpose arena,wikidata_sparql
Q43083097,Las Vegas Ballpark,Summerlin,NV,10000,"baseball park in Summerlin, Nevada",wikidata_sparql
Q3356467,Orleans Arena,Nevada,NV,9500,a multipurpose indoor arena in Nevada,wikidata_sparql
Q2941022,Cashman Field,Las Vegas,NV,9334,"stadium in Las Vegas, Nevada",wikidata_sparql
Q2822959,Greater Nevada Field,Reno,NV,9100,"baseball park in Reno, Nevada",wikidata_sparql
Q7119284,Zappos Theater,Clark County,NV,7500,"theater in Las Vegas, Nevada, USA",wikidata_sparql
Q7313390,Reno Events Center,Nevada,NV,7000,multi-purpose arena,wikidata_sparql
Q868370,The Colosseum at Caesars Palace,Las Vegas,NV,4100,"theater on the Las Vegas Strip in Las Vegas, Nevada",wikidata_sparql
Q3001880,Cox Pavilion,Paradise,NV,3372,"indoor arena on the University of Nevada, Las Vegas campus",wikidata_sparql
Q3001880,Cox Pavilion,Paradise,NV,3286,"indoor arena on the University of Nevada, Las Vegas campus",wikidata_sparql
Q5223937,Darling Tennis Center,Nevada,NV,3000,tennis center,wikidata_sparql
Q8016714,William Peccole Park,Nevada,NV,3000,baseball field,wikidata_sparql
Q5326171,Earl Wilson Stadium,Paradise,NV,3000,"baseball stadium in Paradise, Nevada, United States",wikidata_sparql
Q3001880,Cox Pavilion,Paradise,NV,2454,"indoor arena on the University of Nevada, Las Vegas campus",wikidata_sparql
Q6483341,Lance Burton Theatre,Paradise,NV,1274,"theater in the Monte Carlo Resort and Casino at the Las Vegas Strip in Paradise, Nevada, United States",wikidata_sparql
Q6971111,National Bowling Stadium,Nevada,NV,1100,"stadium in Reno, Nevada, US",wikidata_sparql
Q21189232,Bacchanal Buffet,Las Vegas,NV,600,"restaurant in Las Vegas, Nevada",wikidata_sparql
Q54868111,City National Arena,Summerlin,NV,600,"ice hockey arena in Summerlin, Nevada",wikidata_sparql
Q22079550,WCW Nitro Grill,Las Vegas,NV,350,"restaurant in Las Vegas, United States",wikidata_sparql
Q61968714,Bardot Brasserie,Las Vegas,NV,240,"restaurant in Las Vegas, Nevada",wikidata_sparql
Q61758706,Julian Serrano Tapas,Las Vegas,NV,217,"restaurant in Las Vegas, Nevada",wikidata_sparql
Q61857227,Guy Fieri's Vegas Kitchen & Bar,Las Vegas,NV,200,"restaurant in Las Vegas, Nevada",wikidata_sparql
Q63980657,El Dorado Cantina,Las Vegas,NV,181,"restaurant in Las Vegas, Nevada",wikidata_sparql
Q61779894,Gilley's Saloon,Las Vegas,NV,124,"bar and restaurant in Las Vegas, Nevada",wikidata_sparql
Q106520630,Vegas Loop,Nevada,NV,4,Underground public transit system in Nevada,wikidata_sparql
