venue_id,venue_name,city_name,n_events,n_artists,capacity,capacity_source
6bd7cab2,The Observatory,Santa Ana,951,772,1000,operator
3d6cdeb,Golden Gate Park,San Francisco,744,641,75000,festival_outsidelands
3d23db7,The Fillmore,San Francisco,641,507,1150,wikipedia
23d5b49b,Teragram Ballroom,Los Angeles,640,505,600,operator
43d637b3,Wiltern Theatre,Los Angeles,635,522,1850,wikipedia
5bd66bd4,Whisky A Go Go,West Hollywood,621,432,500,wikipedia
1bd74988,The Fonda Theatre,Los Angeles,604,502,1200,wikipedia
3bd6d81c,Troubadour,West Hollywood,602,489,500,wikipedia
3d66d67,The Roxy,West Hollywood,580,491,500,wikipedia
3d47157,The Regent Theater,Los Angeles,567,504,1000,operator
63d7a257,Ace of Spades,Sacramento,562,474,1000,wikipedia
63d772f7,The Chapel,San Francisco,540,418,600,operator
53d623c1,Chain Reaction,Anaheim,540,387,350,operator
7bd61e48,The Glass House,Pomona,539,463,800,operator
7bd3cea4,The Forum,Inglewood,538,367,12000,heuristic_arena
4bd63b02,Largo at the Coronet,Los Angeles,533,222,280,operator
63d6c247,The Independent,San Francisco,533,425,500,operator
33d62cf9,Hollywood Bowl,Los Angeles,516,343,17500,wikipedia
4bd4c71e,Great American Music Hall,San Francisco,514,420,600,wikipedia
2bd6c42a,House of Blues,San Diego,509,446,1100,operator
53d44759,The Observatory North Park,San Diego,507,440,1100,operator
3d035e7,Brick by Brick,San Diego,507,408,300,operator
3bd61cdc,Belly Up Tavern,Solana Beach,501,378,600,operator
3bd2c488,Fox Theater,Oakland,482,388,2800,wikipedia
43d63bdb,House of Blues,Anaheim,477,405,2200,operator
73d6ca21,The Echo,Los Angeles,457,418,350,operator
4bd61ff2,Greek Theatre,Los Angeles,448,372,5900,wikipedia
23d2947b,National Orange Show Events Center,San Bernardino,447,353,30000,festival_capacity
63d35a77,The Regency Ballroom,San Francisco,441,404,1400,operator
73d63e1d,Slim's,San Francisco,440,380,500,operator
53d63b61,The Casbah,San Diego,430,347,200,wikipedia
7bd61e78,Echoplex,Los Angeles,427,385,700,operator
33d4b801,Yoshi's Oakland,Oakland,408,151,310,operator
7bd63658,The Catalyst,Santa Cruz,408,369,800,operator
73d63a75,Hollywood Palladium,Los Angeles,407,330,4000,wikipedia
3d6358b,Bottom of the Hill,San Francisco,404,357,250,wikipedia
bd70d76,The Mountain Winery,Saratoga,380,265,2500,operator
7bd4e2f8,El Rey Theatre,Los Angeles,363,336,750,wikipedia
2bd2947e,Fairplex,Pomona,355,315,500,default_small_club
5bd6d7b4,Shoreline Amphitheatre,Mountain View,352,278,22500,wikipedia
53d637b5,Staples Center,Los Angeles,341,232,500,default_small_club
1bd5b144,Microsoft Theater,Los Angeles,340,252,7100,wikipedia
63d63667,The Warfield,San Francisco,339,292,2300,wikipedia
23d3ece3,The Kelly Clarkson Show,Universal City,334,14,200,tv_studio_audience
7bd6c2a4,The Coach House,San Juan Capistrano,332,231,480,operator
33d30865,Private Venue,Los Angeles,315,134,500,default_small_club
5bd5c754,The Novo,Los Angeles,312,293,2300,wikipedia
23d24cff,The Masked Singer,Los Angeles,308,86,200,tv_studio_audience
3bd398c4,Oakland Metro Operahouse,Oakland,293,255,500,default_small_club
13d675c9,Soda Bar,San Diego,289,267,200,operator
3d7ddfb,Constellation Room,Santa Ana,288,270,350,operator
3d28953,The Belasco,Los Angeles,287,264,1500,wikipedia
5bd397ec,Masonic Auditorium,San Francisco,279,229,3300,wikipedia
2bd6ccba,Del Mar Fairgrounds,Del Mar,275,257,8000,heuristic_fairgrounds
2bd390d6,Harlow's Restaurant & Nightclub,Sacramento,274,219,200,operator
5bd6c3c8,Discovery Park,Sacramento,273,234,30000,festival_aftershock
bd2fd2a,1720,Los Angeles,266,239,1500,operator
bd2995e,Holy Diver,Sacramento,266,244,500,default_small_club
4bd7337a,Sweetwater Music Hall,Mill Valley,259,151,300,operator
33d520d9,The UC Theatre Taube Family Music Hall,Berkeley,258,232,1400,operator
43d44b8b,The Theatre at Ace Hotel,Los Angeles,249,206,1600,operator
53d60f19,Bootleg Theater,Los Angeles,247,212,1200,heuristic_theater
7bd6da7c,Rickshaw Stop,San Francisco,247,233,500,operator
6bd3966a,SAP Center at San Jose,San Jose,245,215,17500,wikipedia
43d29bbb,Humphreys,San Diego,245,167,1400,operator
3d441c7,Waterfront Park,San Diego,237,206,500,default_small_club
13d6354d,Bill Graham Civic Auditorium,San Francisco,234,176,8500,wikipedia
5bd25f0c,Private Venue,Los Angeles,228,86,500,default_small_club
4bd7db92,Bethel Church,Irvine,228,15,500,default_small_club
53d59739,The Majestic Ventura Theater,Ventura,226,206,1200,operator
53d3a395,William Randolph Hearst Greek Theatre,Berkeley,225,187,8500,wikipedia
43d55b6f,The Canyon,Agoura Hills,218,157,450,operator
63d4964b,Strummer's,Fresno,218,198,500,default_small_club
1bd61950,Pappy & Harriet's Palace,Pioneertown,217,155,500,operator
63d0c27f,Cornerstone,Berkeley,217,190,700,operator
3bd62458,DNA Lounge,San Francisco,216,198,300,heuristic_lounge
23d2b0bb,Zebulon Cafe,Los Angeles,215,179,200,operator
3bd6d484,Alex's Bar,Long Beach,213,178,200,heuristic_bar
4bd293fe,Lodge Room,Los Angeles,210,171,350,operator
6bd6c2f6,SOMA,San Diego,209,178,2500,operator
1bd66d1c,Exposition Park,Los Angeles,209,186,500,default_small_club
73d586a5,Music Box,San Diego,208,194,700,operator
2bd7e88a,Glen Helen Regional Park,San Bernardino,200,192,500,default_small_club
73d20205,Moreno Beach,Perris,199,178,35000,festival_lakeparty
4bd2a786,Moroccan Lounge,Los Angeles,199,184,275,operator
6bd63e1e,The Boardwalk,Orangevale,198,169,500,default_small_club
13d38dc9,The Catalyst Atrium,Santa Cruz,192,186,350,operator
5bd637a8,Honda Center,Anaheim,186,161,17000,wikipedia
53d23f6d,Banc of California Stadium,Los Angeles,184,170,30000,heuristic_stadium
1bd3518c,Private Venue,Los Angeles,184,86,500,default_small_club
73d2dae5,Private Venue,Santa Barbara,183,9,500,default_small_club
6bd77a12,Terrapin Crossroads,San Rafael,183,53,500,default_small_club
2bd63082,Freight & Salvage,Berkeley,183,119,500,default_small_club
33d5902d,El Dorado County Fairgrounds,Placerville,182,108,8000,heuristic_fairgrounds
73d44665,The Ritz,San Jose,180,153,500,default_small_club
4bd7c3d6,Jimmy Kimmel Live,Los Angeles,179,158,500,default_small_club
53d5c7d5,Golden 1 Center,Sacramento,177,154,17000,wikipedia
6bde4e06,The Sign of the Scorpion,Los Angeles,172,1,500,default_small_club
3bd6303c,San Manuel Amphitheater,San Bernardino,172,161,8000,heuristic_amphitheatre
3bd3541c,Private Venue,Los Angeles,171,116,500,default_small_club
43d78fd7,City National Grove of Anaheim,Anaheim,171,142,500,default_small_club
3d28187,Irvine Meadows Amphitheatre,Irvine,168,133,8000,heuristic_amphitheatre
63d6366f,Oracle Arena,Oakland,166,144,12000,heuristic_arena
53d18319,"",Los Angeles,164,132,500,default_small_club
43d6635b,924 Gilman Street,Berkeley,164,125,500,default_small_club
2bd02c76,Kia Forum,Inglewood,164,124,17500,wikipedia
23d62c2f,The Viper Room,West Hollywood,163,136,500,default_small_club
53d6dbcd,The Hotel Cafe,Los Angeles,162,129,150,heuristic_cafe
53d63781,Santa Barbara Bowl,Santa Barbara,157,133,4562,wikidata_sparql
3bd29ca0,FivePoint Amphitheatre,Irvine,156,148,12000,operator
5bd4e300,Miner Auditorium,San Francisco,155,66,2500,heuristic_auditorium
53d77b59,The Irenic,San Diego,154,143,500,default_small_club
1bd7e5d0,Doheny State Beach,Dana Point,153,142,15000,festival_dohenyblues
73d65efd,Thunder Valley Casino,Lincoln,152,121,500,default_small_club
33d5f011,The Rose,Pasadena,150,117,500,default_small_club
13d6c591,Mystic Theatre,Petaluma,146,105,1200,heuristic_theater
1bd39900,Blue Note Napa,Napa,146,44,175,operator
53d72fa5,SOMA Sidestage,San Diego,145,120,500,default_small_club
3d27d73,Holland America Lines-MS Eurodam,San Diego,145,42,500,default_small_club
13d65575,Los Angeles State Historic Park,Los Angeles,145,137,40000,festival_hardsummer
73d2f271,Shrine Exposition Hall,Los Angeles,143,123,800,heuristic_hall
53d237a9,Garden Amphitheatre,Garden Grove,143,124,1300,operator
5bd63364,Thee Parkside,San Francisco,139,122,500,default_small_club
23d2c803,August Hall,San Francisco,139,134,950,operator
53d78b55,Saban Theater,Beverly Hills,138,124,1200,heuristic_theater
6bd39e52,Harry Bridges Memorial Park,Long Beach,138,135,500,default_small_club
33d34885,Private Venue,Los Angeles,137,65,500,default_small_club
5bd1ff94,Lake Tahoe Community College,South Lake Tahoe,136,118,500,default_small_club
7bd47af4,Cal Coast Credit Union Open Air Theatre,San Diego,131,125,4600,wikipedia
7bd7e670,Valley View Casino Center,San Diego,130,115,500,default_small_club
2bd25cba,Pechanga Arena,San Diego,128,119,12000,wikipedia
3d60df7,Auto Club Speedway,Fontana,127,114,500,default_small_club
23d5a8f7,Dolby Theatre,Los Angeles,126,95,3332,wikidata_sparql
23d62007,Concord Pavilion,Concord,125,116,6000,heuristic_pavilion
4bd5bffe,The Late Late Show with James Corden,Los Angeles,124,91,500,default_small_club
13d4e505,City National Civic,San Jose,123,117,500,default_small_club
33d394ed,Fremont Theater,San Luis Obispo,122,114,1200,heuristic_theater
bd5d53a,Goldfield Trading Post,Sacramento,121,117,1500,operator
53d4af6d,Vina Robles Amphitheatre,Paso Robles,121,107,8000,heuristic_amphitheatre
33d51081,Institute of Mentalphysics,Joshua Tree,121,117,500,default_small_club
6bd00e9e,The Slidebar Rock-n-Roll Kitchen,Fullerton,120,95,500,default_small_club
1bde892c,Catch One,Los Angeles,120,118,500,default_small_club
4bd3a73e,Pacific Amphitheatre,Costa Mesa,117,94,8500,wikipedia
63d72e9b,Brick & Mortar Music Hall,San Francisco,117,113,1200,heuristic_music_hall
13d74dc1,Hopmonk Tavern,Novato,116,65,300,operator
43d66703,The New Parish,Oakland,116,112,400,operator
3d2e9f3,The Canyon - Santa Clarita,Santa Clarita,116,83,500,default_small_club
bd5412e,Glen Helen Amphitheater,San Bernardino,116,107,8000,heuristic_amphitheatre
73d5d6e5,The Hi-Hat,Los Angeles,114,101,500,default_small_club
63d582ef,Starline Social Club,Oakland,113,109,500,operator
7bd6d2d4,Shrine Auditorium,Los Angeles,112,103,6300,wikipedia
1bd63960,Dodger Stadium,Los Angeles,111,106,50000,concert_typical
7bd0da98,Goldfield Trading Post,Roseville,110,104,1000,operator
3d62157,Masonic Lodge at Hollywood Forever,Los Angeles,109,91,500,default_small_club
13d621c1,Qualcomm Stadium,San Diego,109,106,30000,heuristic_stadium
33d3dc19,Norwegian Jewel,Los Angeles,108,57,200,cruise_show_theater
13d61949,The Ellen DeGeneres Show,Burbank,106,83,500,default_small_club
43d6dbe3,Viejas Arena,San Diego,104,94,12414,wikidata_sparql
5bd3a398,Felton Music Hall,Felton,102,90,350,operator
3bd7b0e4,Clive Davis Theater at the Grammy Museum,Los Angeles,101,95,1200,heuristic_theater
13d60115,Moe's Alley,Santa Cruz,101,84,500,default_small_club
bd639ee,Save Mart Center,Fresno,100,89,15544,wikidata_sparql
bd63572,Bimbo's 365 Club,San Francisco,99,57,500,default_small_club
4bd3f3f2,Chase Center,San Francisco,99,87,18000,wikipedia
73d62245,Orpheum Theatre,Los Angeles,98,84,2000,wikidata_sparql
13d5b989,Toyota Amphitheatre,Wheatland,98,84,8000,heuristic_amphitheatre
bd649ee,Uptown Theatre,Napa,97,78,1200,heuristic_theater
63d33287,Voodoo Room,San Diego,96,94,500,default_small_club
4bd057ba,Holland America Lines-MS Koningsdam,San Diego,96,30,200,cruise_show_theater
23d2cc5f,Ivy Room,Albany,96,75,500,default_small_club
63d5c627,Resident,Los Angeles,95,93,300,operator
1bd60190,Saint Rocke,Hermosa Beach,94,67,500,default_small_club
3bd62c64,Crest Theatre,Sacramento,93,78,975,wikidata_sparql
33d7a4e1,The Satellite,Los Angeles,93,78,500,default_small_club
23d3a403,Camp Navarro,Navarro,92,29,500,default_small_club
63d6365f,Mayan Theatre,Los Angeles,92,88,1200,heuristic_theater
bd61962,Del Mar Racetrack,Del Mar,92,82,500,default_small_club
13d6c139,Swedish American Hall,San Francisco,89,80,800,heuristic_hall
23d220df,Cerritos Center for the Performing Arts,Cerritos,88,68,1721,wikidata_sparql
3bd2f008,The Baked Potato,Los Angeles,87,28,500,default_small_club
53d21f69,Oakland Coliseum,Oakland,86,77,49094,wikidata_sparql
73d53a3d,Embarcadero Marina Park North,San Diego,86,81,10000,operator
bd63986,Petco Park,San Diego,86,80,42000,wikipedia
6bd39e96,The Canyon - Montclair,Montclair,85,73,450,operator
23d6347f,Café du Nord,San Francisco,85,81,150,heuristic_cafe
33d4a08d,Sleep Train Amphitheatre,Chula Vista,85,77,8000,heuristic_amphitheatre
33d7a079,Bardot,Los Angeles,83,83,200,heuristic_bar
33d3986d,Woodward Reservoir Regional Park,Oakdale,82,78,500,default_small_club
63d7ca87,Los Globos Nightclub,Los Angeles,81,77,500,default_small_club
53d65b19,SoHo Restaurant and Music Club,Santa Barbara,81,64,500,default_small_club
3bd4504c,The Golden Bull,Oakland,80,70,500,default_small_club
23d6c4ab,Riverside Municipal Auditorium,Riverside,80,76,1400,wikidata_sparql
3d735b3,Five Stars Bar,Los Angeles,79,75,200,heuristic_bar
2bd47056,Fantasy Springs Resort Casino,Indio,79,68,500,default_small_club
2bd38c5a,Rio Theatre,Santa Cruz,79,70,1200,heuristic_theater
43d5db83,Union,Los Angeles,78,72,500,default_small_club
53d55b15,The Redwood Bar,Los Angeles,77,64,200,heuristic_bar
2bd63cc2,The Che Cafe,La Jolla,77,73,150,heuristic_cafe
4bd39bea,Brookside Park,Pasadena,77,77,30000,festival_cruelworld
4bd67b16,Elbo Room,San Francisco,77,72,500,default_small_club
53d39b95,Fox Theater Pomona,Pomona,76,72,1200,heuristic_theater
3bd0e848,2220 Arts + Archives,Los Angeles,75,67,200,operator
43d6c7f3,Mezzanine,San Francisco,75,72,500,default_small_club
3d4190b,The Wayfarer,Costa Mesa,74,64,500,default_small_club
3bd7c020,Los Angeles Theatre,Los Angeles,72,67,2000,operator
73d39e85,Monterey County Fairgrounds,Monterey,72,65,8000,heuristic_fairgrounds
6bd2dae2,Elbo Room Jack London,Oakland,71,63,500,default_small_club
53d62725,Raley Field,West Sacramento,71,71,500,default_small_club
53d2d701,Private Venue,San Diego,71,23,500,default_small_club
4bd4437a,Cafe Colonial,Sacramento,70,59,150,heuristic_cafe
3bd3c478,Oakland Arena,Oakland,70,66,19500,wikipedia
2bd6c016,McCabe's Guitar Shop,Santa Monica,69,43,500,default_small_club
33d34cd5,Private Venue,Los Angeles,69,48,500,default_small_club
bd38d22,Toyota Arena,Ontario,69,61,11000,wikipedia
2bd38c16,Lobero Theatre,Santa Barbara,69,56,604,wikidata_sparql
1bd5e974,El Cid,Los Angeles,68,64,500,default_small_club
53d54f79,Mattress Firm Amphitheatre,Chula Vista,67,65,8000,heuristic_amphitheatre
33d4c865,Complex,Glendale,67,63,500,default_small_club
13d6c93d,Nevada County Fairgrounds,Grass Valley,67,47,15000,festival_worldfest
7bd67268,Balboa Theatre,San Diego,66,58,1339,wikidata_sparql
73d066f1,Pier 80,San Francisco,65,65,30000,festival_portola
bd5cd2a,Union Nightclub,Los Angeles,65,65,500,default_small_club
5bd23770,Private Venue,Oakland,64,23,500,default_small_club
43d667f3,Anaheim Convention Center,Anaheim,64,58,5000,heuristic_convention
3d39977,Golden State Theatre,Monterey,63,56,1200,heuristic_theater
5bd51734,Norwegian Pearl,Los Angeles,63,37,500,default_small_club
2bd618ce,Walt Disney Concert Hall,Los Angeles,63,47,1500,heuristic_concert_hall
1bd639ec,Angel Stadium,Anaheim,63,57,30000,heuristic_stadium
33d43491,The Cave,Big Bear Lake,62,46,500,default_small_club
5bd6d788,The Mint,Los Angeles,62,53,200,operator
7bd3a23c,Programme Skate & Sound,Fullerton,62,56,500,default_small_club
4bd3977a,Yost Theater,Santa Ana,61,59,1000,wikidata_sparql
1bd6d1a4,Paramount Theatre,Oakland,61,53,1200,heuristic_theater
1bd6714c,Hotel Utah,San Francisco,61,45,500,default_small_club
13d3a1a5,Senator Theatre,Chico,61,57,1200,heuristic_theater
63d09203,Private Venue,Los Angeles,61,29,500,default_small_club
13d7bde5,Malone's,Santa Ana,61,58,500,default_small_club
5bd7d330,Blue Lamp,Sacramento,60,54,500,default_small_club
3bd71438,Gibson Ranch,Elverta,60,60,500,default_small_club
63d466ab,The Voice,Universal City,60,39,500,default_small_club
33d7cc59,Marina Green,Long Beach,59,59,500,default_small_club
3d671bb,Amoeba Music,Los Angeles,58,58,500,default_small_club
43d6375b,Arlington Theatre,Santa Barbara,58,56,2018,wikidata_sparql
13d7bd21,McCallum Theatre,Palm Desert,58,33,1127,wikidata_sparql
4bd6db1a,Treasure Island,San Francisco,55,54,500,default_small_club
bd62572,Phoenix Theatre,Petaluma,54,48,1200,heuristic_theater
63d29a6b,Antelope Valley Fairgrounds,Lancaster,53,52,8000,heuristic_fairgrounds
1bd3a174,The Doll Hut,Anaheim,53,38,500,default_small_club
23d6d00f,KCRW Studios,Santa Monica,52,48,500,default_small_club
1bd2e14c,Private Venue,San Francisco,52,34,500,default_small_club
6bd7a6fe,Fox Performing Arts Center,Riverside,52,47,500,default_small_club
43d45f77,White Oaks Music and Arts,Los Angeles,52,46,500,default_small_club
7bd23e0c,Marty's On Newport,Tustin,51,44,500,default_small_club
33d4e481,Los Angeles Convention Center,Los Angeles,51,47,5000,heuristic_convention
2bd548ba,Full Circle Brewing Co.,Fresno,51,45,500,default_small_club
73d70ab5,Exchange,Los Angeles,51,46,500,default_small_club
5bd66f44,Santa Cruz Beach Boardwalk,Santa Cruz,51,17,500,default_small_club
13d39d59,Paul Paul Theater,Fresno,51,47,1200,heuristic_theater
5bd62bb0,Palace of Fine Arts Theatre,San Francisco,51,47,1200,heuristic_theater
43d74373,Sonoma County Fairgrounds,Santa Rosa,51,47,8000,heuristic_fairgrounds
3d589db,Social Hall SF,San Francisco,50,47,800,heuristic_hall
1bd39538,The Concert Lounge,Riverside,50,32,300,heuristic_lounge
3bd618a8,The Smell,Los Angeles,50,47,500,default_small_club
4bd28776,Avalon,Los Angeles,50,45,500,default_small_club
63d3966b,San Jose Civic,San Jose,49,45,2850,wikidata_sparql
23d0f42f,YouTube Theater,Inglewood,49,47,6000,wikipedia
6bd392da,Bombay Bar & Grill,Ventura,49,44,200,heuristic_bar
3bd630d4,Santa Monica Pier,Santa Monica,49,49,500,default_small_club
73d61281,Velvet Jones,Santa Barbara,49,47,500,default_small_club
1bd05184,Private Venue,Los Angeles,48,31,500,default_small_club
1bd6c92c,Ventura County Fairgrounds,Ventura,48,43,8000,heuristic_fairgrounds
2bd76c92,Club Fox,Redwood City,48,26,500,default_small_club
5bd33b00,The Starlet Room,Sacramento,48,46,200,operator
1bd62178,Rose Bowl,Pasadena,48,36,92542,wikidata_sparql
23d78c73,Middle Harbor Shoreline Park,Oakland,48,48,500,default_small_club
3d2210b,Private Venue,Long Beach,47,6,500,default_small_club
4bd4d76e,Marinship Park,Sausalito,47,45,500,default_small_club
23d67443,Tiki Bar,Costa Mesa,47,38,200,heuristic_bar
5bd227fc,Academy LA,Los Angeles,46,44,1500,operator
bd62d22,Citizens Business Bank Arena,Ontario,46,39,12000,heuristic_arena
7bd3ea2c,The Magnolia,El Cajon,45,43,500,default_small_club
6bd3a2fa,Fox Theater,Bakersfield,45,40,1500,wikidata_sparql
53d393e1,Harrah's Resort Southern California,Valley Center,45,41,500,default_small_club
63d7baf3,1015 Folsom,San Francisco,45,42,500,default_small_club
13d79da1,Fulton 55,Fresno,45,41,500,default_small_club
5bd2c794,The Joe Henderson Lab,San Francisco,44,17,500,default_small_club
73d46a49,The Lexington,Los Angeles,44,40,500,default_small_club
13d09921,Private Venue,Los Angeles,44,20,500,default_small_club
73d29a0d,Til-Two Club,San Diego,44,43,500,default_small_club
7bd55e1c,The Parish at House of Blues,Anaheim,44,44,500,default_small_club
53d41bbd,iHeartRadio Theater,Burbank,44,39,1200,heuristic_theater
6bd76a56,Eli's Mile High Club,Oakland,44,42,500,default_small_club
6bd35a56,Supply and Demand,Long Beach,44,38,500,default_small_club
6bd21e4a,ROW DTLA,Los Angeles,43,43,500,default_small_club
1bd6d50c,Hemlock Tavern,San Francisco,43,37,250,heuristic_tavern
63d3a65f,Sycuan Casino Resort,El Cajon,43,37,500,default_small_club
63d2be1b,Gold Diggers,Los Angeles,43,38,500,default_small_club
3bd79cf8,Morongo Casino Resort & Spa,Cabazon,43,40,500,default_small_club
4bd673b6,Ramona Mainstage,Ramona,42,41,500,default_small_club
63d4564f,Levi's Stadium,Santa Clara,42,37,30000,heuristic_stadium
bd46dd2,The Merrow,San Diego,42,41,500,default_small_club
23d658d7,AT&T Park,San Francisco,42,40,500,default_small_club
2bd794de,Catalina Bar & Grill,Los Angeles,42,27,200,heuristic_bar
3bd03cec,Nova SD,San Diego,41,41,1200,operator
2bd39032,Pechanga Theater,Temecula,41,39,1200,heuristic_theater
2bd618ee,Hopmonk Tavern,Sebastopol,41,28,250,heuristic_tavern
13d1bd6d,Colorado Boulevard,Eagle Rock,41,38,500,default_small_club
5bd51b90,Downtown,Long Beach,41,41,500,default_small_club
23d394f7,SLO Brew,San Luis Obispo,40,39,500,default_small_club
13d2a1b1,Pico Union Project,Los Angeles,40,36,500,default_small_club
13d789f5,Fred Kavli Theatre,Thousand Oaks,40,37,1200,heuristic_theater
3d7155b,The Dip,Redding,40,36,500,default_small_club
bd3a1ba,Oak Canyon Nature Center,Anaheim,40,40,500,default_small_club
23d3a4fb,North Island Credit Union Amphitheatre,Chula Vista,39,38,20000,wikipedia
1bd3a184,Harris Center for the Arts,Folsom,39,30,500,default_small_club
7bd6cadc,Castro Theatre,San Francisco,39,20,1200,heuristic_theater
3d0ede7,The Midnight Hour,San Fernando,38,35,500,default_small_club
63d5e65f,Jesus Culture Church,Sacramento,38,4,500,default_small_club
6bd39e56,"DiPiazza's Restaurant, Lounge and Nightclub",Long Beach,38,31,300,heuristic_lounge
4bd63b56,B.R. Cohn Winery,Glen Ellen,38,37,500,default_small_club
63d4261f,Maui Sugar Mill Saloon,Los Angeles,38,33,500,default_small_club
6bd7460e,Louise M. Davies Symphony Hall,San Francisco,38,26,2743,wikidata_sparql
bd4c1c2,Rainbow Bar & Grill,West Hollywood,38,37,200,heuristic_bar
33d628b9,The Knockout,San Francisco,38,32,500,default_small_club
73d5ba99,Discovery Ventura,Ventura,38,34,500,default_small_club
4bd25312,Campus Jax,Newport Beach,37,26,500,default_small_club
43d7fb43,Gundlach-Bundschu Winery,Sonoma,37,34,500,default_small_club
5bd6db5c,Palace Theatre,Los Angeles,37,33,1200,heuristic_theater
63d4860b,Seaside Lagoon,Redondo Beach,37,37,5000,festival_beachlife
33d618a1,The Uptown,Oakland,37,32,500,default_small_club
73d0b60d,The Comedy Store,West Hollywood,36,18,500,default_small_club
53d29f01,Papa Murphy's Park,Sacramento,36,32,500,default_small_club
3d7797f,Brava Theater,San Francisco,36,36,1200,heuristic_theater
4bd2b396,The Midway,San Francisco,36,31,500,default_small_club
2bd7bc1a,Hollywood Forever Cemetery,Los Angeles,36,29,500,default_small_club
73d61eed,Silverlake Lounge,Los Angeles,35,30,300,heuristic_lounge
63d5622f,Gallo Center for the Arts,Modesto,35,33,500,default_small_club
3d2b13b,The Peppermint Club,West Hollywood,35,32,500,default_small_club
43d3ab33,Hyatt Regency Santa Clara,Santa Clara,35,31,500,default_small_club
63d632e3,Agua Caliente Casino,Rancho Mirage,35,32,500,default_small_club
3d6d91f,Pershing Square,Los Angeles,34,32,500,default_small_club
33d6785d,Cascade Theatre,Redding,34,33,1348,wikidata_sparql
6bd4eed2,Cafe NELA,Los Angeles,34,30,150,heuristic_cafe
4bd3a7de,Homestead Bowl & The X Bar,Cupertino,34,29,200,heuristic_bar
3bd1cc4c,SPACE,San Diego,34,34,500,default_small_club
63d722bb,John Anson Ford Amphitheatre,Los Angeles,34,33,8000,heuristic_amphitheatre
5bd73368,Rancho Nicasio,Nicasio,34,15,500,default_small_club
63d79a9f,Segerstrom Center for the Arts,Costa Mesa,34,25,500,default_small_club
73d392c5,La Santa,Santa Ana,34,34,500,default_small_club
bd2e12e,The Siren,Morro Bay,34,33,500,default_small_club
4bd65f62,Pechanga Resort & Casino,Temecula,34,33,500,default_small_club
bd5e526,The Show,Rancho Mirage,33,29,500,default_small_club
bd399ce,City Winery Napa,Napa,33,29,500,default_small_club
bd63952,Club Nokia,Los Angeles,33,33,500,default_small_club
43d7c7df,Conan,Burbank,33,32,500,default_small_club
33d65061,Ironstone Amphitheatre,Murphys,32,30,8000,heuristic_amphitheatre
3bd40868,Roaring Camp Meadows,Felton,32,32,500,default_small_club
3bd7e01c,Bootleg Bar,Los Angeles,32,30,200,heuristic_bar
4bd72f8a,Humbrews,Arcata,32,24,500,default_small_club
23d1f837,The Garage Bar,Ventura,32,32,200,heuristic_bar
2bd6c44e,The Crepe Place,Santa Cruz,32,28,500,default_small_club
7bd77a18,Golden Gate Theater,San Francisco,31,6,1200,heuristic_theater
7bd0d2a8,Crypto.com Arena,Los Angeles,31,16,20000,wikipedia
3bd13088,Oak Canyon Park,Silverado,31,31,15000,festival_outdoor
3d2112b,3rd & MLK,Oakland,31,31,500,default_small_club
3bd398ec,Pala Casino Spa & Resort,Pala,31,30,500,default_small_club
13d3cd0d,Seaport Village,San Diego,31,30,500,default_small_club
13d4b5c1,Bankhead Theater,Livermore,31,30,1200,heuristic_theater
53d27b31,Globe Theatre,Los Angeles,31,31,1200,heuristic_theater
33d7483d,Neck of the Woods,San Francisco,31,30,500,default_small_club
23d5185f,The Observatory Grounds,Santa Ana,31,31,500,default_small_club
23d2cc1f,Huntington State Beach,Huntington Beach,31,31,500,default_small_club
73d63a89,Wente Vineyards,Livermore,30,29,500,default_small_club
33d094f9,Sharkbite Studios,Oakland,30,1,500,default_small_club
73d46acd,RockBar Theater,San Jose,30,30,1200,heuristic_theater
53d3a30d,Ashkenaz Music & Dance Community Center,Berkeley,30,15,500,default_small_club
43d03f0f,The Guild Theatre,Menlo Park,30,24,600,operator
53d31711,Private Venue,Topanga,30,5,500,default_small_club
5bd233c0,Molly Malone's,Los Angeles,30,29,500,default_small_club
1bd3a51c,The Beverly Hilton,Beverly Hills,30,29,500,default_small_club
23d794ff,Feather Falls Casino,Oroville,30,16,500,default_small_club
73d6c2a1,Herbst Theatre,San Francisco,29,22,928,wikidata_sparql
73d782b9,Stern Grove,San Francisco,29,28,500,default_small_club
73d7a6f1,Kuumbwa Jazz Center,Santa Cruz,29,24,500,default_small_club
33d3ac65,Winstons Beach Club,San Diego,29,20,500,default_small_club
6bd45e1a,Pico Rivera Sports Arena,Pico Rivera,29,29,12000,heuristic_arena
4bd5bbde,Gray Area Art & Technology Theater,San Francisco,29,29,1200,heuristic_theater
1bd29594,"Smothers Theatre, Pepperdine University",Malibu,29,26,1200,heuristic_theater
43d7331b,San Bernardino County Fairgrounds,Victorville,29,29,8000,heuristic_fairgrounds
63d5c273,SOMO Village Event Center,Rohnert Park,29,28,500,default_small_club
3bd5308c,Libbey Bowl,Ojai,29,26,500,default_small_club
4bd62b7a,Rabobank Arena,Bakersfield,28,28,12000,heuristic_arena
13d0b545,SoFi Stadium,Inglewood,28,15,70000,wikipedia
63d3961f,Event Center Arena,San Jose,28,27,12000,heuristic_arena
1bd03564,Ventura Music Hall,Ventura,28,28,500,operator
33d22009,Toxic Toast Theatre,Long Beach,28,27,1200,heuristic_theater
2bd4d40e,Luther Burbank Center for the Arts,Santa Rosa,28,27,500,default_small_club
33d268b1,Barker Hangar,Santa Monica,27,26,200,heuristic_bar
3bd33c64,"Grate Room, Terrapin Crossroads",San Rafael,27,20,500,default_small_club
bd3a50a,Fernwood Campground and Resort,Big Sur,27,20,500,default_small_club
6bd39e12,Fingerprints Music,Long Beach,27,25,500,default_small_club
3d64973,Biscuits and Blues,San Francisco,27,12,500,default_small_club
2bd3985a,Junior Seau Pier Amphitheatre,Oceanside,27,26,8000,heuristic_amphitheatre
3d5c5f3,Mark Taper Auditorium,Los Angeles,27,1,2500,heuristic_auditorium
3bd1008c,Pool Deck @ Norwegian Jewel,Los Angeles,26,24,500,default_small_club
43d61f6f,Copley Symphony Hall,San Diego,26,26,800,heuristic_hall
13d39d15,Empire Polo Club,Indio,26,20,125000,festival_coachella
2bd7a852,Milk Bar,San Francisco,26,23,200,heuristic_bar
5bd0ef24,Transplants Brewing,Palmdale,26,24,500,default_small_club
3bd5c860,Non Plus Ultra,Los Angeles,26,23,500,default_small_club
1bd52980,Ocean Ale House,San Francisco,26,3,500,default_small_club
5bd4f7c0,Green Music Center,Rohnert Park,26,25,500,default_small_club
63d3aa7f,Frost Amphitheater,Stanford,26,26,6900,wikipedia
3d6c967,Los Angeles Sports Arena,Los Angeles,26,26,12000,heuristic_arena
63d45ac3,The Blue Whale,Los Angeles,25,19,500,default_small_club
7bd3d650,Wisdome LA,Los Angeles,25,17,500,default_small_club
3bd71008,Winters Tavern,Pacifica,25,20,250,heuristic_tavern
2bd3a046,French's Camp,Garberville,25,25,500,default_small_club
3d3992f,Mary Stuart Rogers Theater,Modesto,25,25,1200,heuristic_theater
3bd7b4a0,Panic Room,Los Angeles,25,4,500,default_small_club
5bd0c780,San Diego Civic Theatre,San Diego,25,22,2967,wikidata_sparql
7bd502dc,James Corden's Carpool Karaoke,Los Angeles,25,24,500,default_small_club
63d3aa03,Coffee Gallery Backstage,Altadena,25,19,100,heuristic_coffee
bd251ba,Shrine Auditorium and Expo Hall,Los Angeles,25,23,2500,heuristic_auditorium
bd63d0e,Downtown,Los Angeles,24,21,500,default_small_club
6bd2a68a,Bogies Bar,Westlake Village,24,19,200,heuristic_bar
bd62d8a,Disneyland,Anaheim,24,20,500,default_small_club
7bd60294,Make Out Room,San Francisco,24,17,500,default_small_club
3bd26c38,Royce Hall,Los Angeles,24,21,800,heuristic_hall
23d67c67,"",San Diego,24,14,500,default_small_club
43d11f37,Dorothy Chandler Pavilion,Los Angeles,24,12,6000,heuristic_pavilion
5bd39fc8,Sidney B. Cushing Memorial Amphitheatre,Marin County,24,24,8000,heuristic_amphitheatre
4bd5c7b2,California Center for the Arts,Escondido,24,23,500,default_small_club
23d738b7,Characters,Pomona,24,21,500,default_small_club
73dfaaa5,The Graveyard,Santa Ana,24,24,500,default_small_club
bd64d26,Chumash Casino,Santa Ynez,24,24,500,default_small_club
3bd27c7c,Mondavi Center for the Performing Arts,Davis,24,23,500,default_small_club
3bd6642c,Los Angeles Memorial Coliseum,Los Angeles,23,19,20000,heuristic_coliseum
3bd65864,Avila Beach Golf Resort,Avila Beach,23,20,500,default_small_club
53d5ff9d,The Pour House,Oceanside,23,17,500,default_small_club
23d6140b,Embarcadero Marina Park South,San Diego,23,20,500,default_small_club
bd7ddbe,TAIX,Los Angeles,23,23,500,default_small_club
7bd37efc,MORC Studios,Burbank,23,22,500,default_small_club
4bd6c3aa,Sacramento Memorial Auditorium,Sacramento,23,23,2500,heuristic_auditorium
1bd38de4,King Gillette Ranch,Calabasas,23,23,500,default_small_club
bd5e1c6,Tower Theatre for the Performing Arts,Fresno,23,23,1200,heuristic_theater
13d61915,Camp Mather,Tuolumne,23,23,500,default_small_club
3bd65860,Castoro Cellars,Templeton,23,23,500,default_small_club
6bd3f6aa,"Walt Disney Concert Hall, REDCAT Theater",Los Angeles,23,17,1200,heuristic_theater
3bd3a4a8,M15 Concert Bar & Grill,Corona,23,21,200,heuristic_bar
3d3c54b,5 Star Bar,Los Angeles,22,20,200,heuristic_bar
2bd548b6,Orange County Fairgrounds,Costa Mesa,22,22,8000,heuristic_fairgrounds
23d398f7,Oxnard Performing Arts & Convention Center,Oxnard,22,22,5000,heuristic_convention
4bd2c302,JaM Cellars Ballroom,Napa,22,18,1200,heuristic_ballroom
bd63d12,Selland Arena,Fresno,22,22,11300,wikidata_sparql
13d585ed,Lake Perris Fairgrounds,Perris,22,21,8000,heuristic_fairgrounds
33d474a1,The Honey Hive,San Francisco,22,17,500,default_small_club
3d295bb,Gaslamp,Long Beach,22,18,500,default_small_club
63d7aed3,Ahmanson Theater,Los Angeles,21,1,1200,heuristic_theater
53d6c7e1,Amoeba Records,San Francisco,21,21,500,default_small_club
3bd67080,Pozo Saloon,Santa Margarita,21,20,500,default_small_club
23d60c03,Bob Hope Theatre,Stockton,21,20,1200,heuristic_theater
5bd6cb80,Amnesia,San Francisco,21,18,500,default_small_club
3bd2d864,The Lost Church,San Francisco,21,18,500,default_small_club
2bd3a40a,The Venice West,Venice,21,21,500,default_small_club
6bdfaaa6,Beach Goth,Santa Ana,21,20,500,default_small_club
63d4ee4b,The Cathedral Sanctuary at Immanuel Presbyterian Church,Los Angeles,21,16,500,default_small_club
43d40b6f,The Hideout,San Diego,21,21,500,default_small_club
73de62e1,Punch Line San Francisco,San Francisco,21,7,500,default_small_club
3bd10080,Bliss Lounge @ Norwegian Jewel,Los Angeles,21,19,300,heuristic_lounge
33de5c1d,Whistle Stop Bar,San Diego,21,21,200,heuristic_bar
1bd4ed04,W Hollywood Hotel,Los Angeles,21,21,500,default_small_club
13d61155,Jerry's Pizza & Pub,Bakersfield,21,18,200,heuristic_pub
33dfa8ed,Junior,San Pedro,20,20,500,default_small_club
13d5e9d1,Cucamonga-Guasti Regional Park,Ontario,20,20,500,default_small_club
33d10081,Stardust Theater @ Norwegian Jewel,Los Angeles,20,14,1200,heuristic_theater
33d76c9d,Lagunitas Brewing Company,Petaluma,20,17,500,default_small_club
23d72c77,The Blue Lagoon,Santa Cruz,20,18,500,default_small_club
3d461e7,20th St Block Party,San Francisco,20,20,500,default_small_club
3d0f13b,Pier 23 Cafe Restaurant & Bar,San Francisco,20,1,200,heuristic_bar
13d7e161,1-2-3-4 Go! Records,Oakland,20,20,500,default_small_club
63d71e53,Redding Civic Auditorium,Redding,20,20,2500,heuristic_auditorium
13d39db5,Jackson Rancheria Casino Resort,Jackson,20,20,500,default_small_club
bd3a5ba,Joe's Great American Bar & Grill,Burbank,19,12,200,heuristic_bar
4bd39bc6,Poway Center for the Performing Arts,Poway,19,19,500,default_small_club
bd081d2,The Bourbon Room Hollywood,Los Angeles,19,15,500,default_small_club
bd4ade2,Chumash Grandstand Arena,Paso Robles,19,19,12000,heuristic_arena
3bde5c1c,The Tower Bar,San Diego,19,18,200,heuristic_bar
4bd397ea,Jerry Garcia Amphitheatre,San Francisco,19,12,8000,heuristic_amphitheatre
4bd4b7ce,Henry Miller Memorial Library,Big Sur,19,18,500,default_small_club
4bd51fde,Sierra Nevada Big Room,Chico,19,17,500,default_small_club
5bd7e71c,Buck Owens' Crystal Palace,Bakersfield,19,17,500,default_small_club
3bd5e414,The Karman Bar,Laguna Niguel,19,14,200,heuristic_bar
bd21d32,B Ryders Bar,Bakersfield,19,18,200,heuristic_bar
53d4d721,Santa Fe Springs Swap Meet,Santa Fe Springs,19,6,500,default_small_club
33d7c8c9,Arcata Theatre Lounge,Arcata,19,17,1200,heuristic_theater
2bd10082,Magnum's @ Norwegian Jewel,Los Angeles,19,17,500,default_small_club
4bd053e2,Private Venue,Los Angeles,19,6,500,default_small_club
53d3a7f5,Toot's Tavern,Crockett,19,17,250,heuristic_tavern
1bd75960,John Van Duzer Theatre,Arcata,18,18,1200,heuristic_theater
5bd42bcc,Capitol Mall,Sacramento,18,18,500,default_small_club
2bd394d2,LA Waterfront,San Pedro,18,17,500,default_small_club
bd39dae,Joshua Tree Lake RV & Campground,Joshua Tree,18,17,500,default_small_club
6bd29a6e,Lancaster Performing Arts Center,Lancaster,18,18,500,default_small_club
23d48cb3,Harvard and Stone,Los Angeles,18,18,500,default_small_club
43d4774b,Mosswood Park,Oakland,18,17,500,default_small_club
4bd59fae,Don Quixote's International Music Hall,Felton,18,17,1200,heuristic_music_hall
7bd2ca6c,B Street Theatre at The Sofia Tsakopoulos Center for the Arts,Sacramento,18,17,1200,heuristic_theater
63d556f7,The Back Room,Berkeley,18,16,500,default_small_club
1bd67564,El Rio,San Francisco,18,13,500,default_small_club
3d3a52f,New Wave Restaurant & Bar,Bellflower,18,13,200,heuristic_bar
6bd2baa2,Mosaic Church LA,Los Angeles,18,1,500,default_small_club
33d43441,Rainbow Lagoon Park,Long Beach,18,17,500,default_small_club
2bd0e086,Don Quixote,Los Angeles,18,18,500,default_small_club
33d67c19,"",San Jose,18,8,500,default_small_club
13d2eded,The Locker Room,Garden Grove,18,18,500,default_small_club
7bd5ea58,Spotlight 29 Casino,Coachella,18,18,500,default_small_club
23d6442b,Paladino's,Los Angeles,17,11,500,default_small_club
23dfa8ef,Something,San Pedro,17,17,500,default_small_club
33d394dd,Alvas Showroom,San Pedro,17,14,500,default_small_club
3d5896b,The Center for the Arts,Grass Valley,17,17,500,default_small_club
13d4ed09,Bing Concert Hall,Stanford,17,15,1500,heuristic_concert_hall
43d293ab,The Complex,Oakland,17,17,500,default_small_club
13d1cdb9,First Street Pool & Billiard Parlor,Los Angeles,17,16,500,default_small_club
bd63982,Long Beach Arena,Long Beach,17,17,12000,heuristic_arena
33d4e4f1,Segerstrom Concert Hall,Costa Mesa,17,15,1500,heuristic_concert_hall
2bd534e2,House of Rock,Santa Rosa,17,12,500,default_small_club
63d7cec3,California Exposition & State Fair,Sacramento,17,17,500,default_small_club
43d39393,Cellar Door,Visalia,17,16,500,default_small_club
13d72185,Johnson's Beach,Guerneville,17,17,500,default_small_club
3bd2dcec,El Dorado Regional Park,Long Beach,17,17,500,default_small_club
6bd65e4a,Plumas-Sierra County Fairgrounds,Quincy,17,16,8000,heuristic_fairgrounds
3bd33858,KCAA Radio,Los Angeles,17,1,500,default_small_club
3d295cb,SeaLegs Live at the Beach,Huntington Beach,17,17,500,default_small_club
53d7f355,Old Ironsides,Sacramento,17,13,500,default_small_club
5bd01348,Lodi Grape Festival Grounds,Lodi,17,11,500,default_small_club
4bd5ab7e,Don the Beachcomber,Huntington Beach,17,17,500,default_small_club
23d3e423,10th and Howard Street,San Francisco,17,16,500,default_small_club
3bd07070,Thunder Valley Outdoor Amphitheater,Lincoln,16,16,8000,heuristic_amphitheatre
3bd36c80,Private Venue,Venice,16,1,500,default_small_club
13d7ed69,Sutter Street,Folsom,16,15,500,default_small_club
33d040a5,AWE Bar,Yucca Valley,16,16,200,heuristic_bar
3bd394ec,Sweet Springs Saloon,Los Osos,16,15,500,default_small_club
7bd01604,Hard Rock Live,Wheatland,16,16,500,default_small_club
43d627ab,Starry Plough,Berkeley,16,12,500,default_small_club
73d20601,Amado's,San Francisco,16,13,500,default_small_club
33d234f9,Longboard Margarita Bar,Pacifica,16,10,200,heuristic_bar
63d62afb,Pantages Theatre,Los Angeles,16,11,1200,heuristic_theater
3d3cd17,Ruocco Park,San Diego,16,16,500,default_small_club
43d24313,Live House Hollywood,Los Angeles,16,16,500,default_small_club
3bd4600c,Boom Boom Room,San Francisco,16,11,500,default_small_club
33d23cf5,Temblor Brewing Company,Bakersfield,16,13,500,default_small_club
53d277e5,Private Venue,Chico,16,4,500,default_small_club
6bd5aec2,Crowne Plaza Hotel,San Diego,16,15,1500,heuristic_plaza
bd211aa,Golden Road Brewing,Los Angeles,16,16,500,default_small_club
2bd4a0f2,Harvelle's,Santa Monica,16,10,500,default_small_club
73d55295,Love Field,Point Reyes Station,16,16,500,default_small_club
13df8d29,Flog Stage,Los Angeles,16,16,500,default_small_club
3d021af,Knucklehead Hollywood,Los Angeles,16,16,500,default_small_club
53d28f3d,The Great Northern,San Francisco,16,14,500,default_small_club
1bd71d4c,Sunset Center,Carmel-by-the-Sea,16,14,500,default_small_club
2bd39086,Universal Studios Hollywood,Universal City,16,13,500,default_small_club
73d52e49,Feinstein's at the Nikko,San Francisco,16,9,500,default_small_club
33d7cc05,Rock City Studio,Camarillo,15,14,500,default_small_club
3d7555f,The Federal Bar,Los Angeles,15,15,200,heuristic_bar
33d2d0ed,Private Venue,West Hollywood,15,7,500,default_small_club
4bd183ae,Powerhouse Pub,Folsom,15,10,200,heuristic_pub
73d326b1,Mechanics Bank Arena,Bakersfield,15,15,12000,heuristic_arena
23d64c47,Wells Fargo Center for the Arts,Santa Rosa,15,15,500,default_small_club
3bd45424,Starlite Lounge,Sacramento,15,14,300,heuristic_lounge
6bd7f206,The Continental Room,Fullerton,15,14,500,default_small_club
7bd492b8,Bridgetown DIY,La Puente,15,13,500,default_small_club
43d613bf,CBS Television City,Los Angeles,15,15,500,default_small_club
6bd6028a,The Queen Mary,Long Beach,15,15,500,default_small_club
63d74e73,Red Bull Sound Space KROQ,Los Angeles,15,15,500,default_small_club
7bd5fad4,Downtown Santa Ana,Santa Ana,15,15,500,default_small_club
3d339db,Wallis Annenberg Center for the Performing Arts,Beverly Hills,15,15,500,default_small_club
63dfaa9b,Outer Space,Santa Ana,15,15,500,default_small_club
1bd38d8c,Veterans Memorial Building,Santa Cruz,15,14,500,default_small_club
43d64357,Public Works,San Francisco,15,15,200,heuristic_pub
43d2274f,Time Nightclub,Costa Mesa,15,14,500,default_small_club
1bd27164,Terrace Theater,Long Beach,15,14,3051,wikidata_sparql
5bd3ef20,The Rock - SLO Brew,San Luis Obispo,15,15,500,default_small_club
13d39145,HopMonk Tavern Sonoma,Sonoma,15,5,250,heuristic_tavern
7bd7fa80,Temple Nightclub,San Francisco,15,13,500,default_small_club
bd3c196,The Icehouse,Long Beach,15,15,500,default_small_club
3bdfa8e8,Someone,San Pedro,15,14,500,default_small_club
3bd444e4,Club Bahia,Los Angeles,15,14,500,default_small_club
63d57a03,Gallagher's Pub Club and Grill,Huntington Beach,15,13,200,heuristic_pub
3d63167,All Star Lanes,Eagle Rock,15,15,500,default_small_club
53d3939d,Visalia Fox Theatre,Visalia,15,14,1275,wikidata_sparql
63d39677,Art Boutiki Music Hall,San Jose,15,11,1200,heuristic_music_hall
63d332b7,"Bar, Terrapin Crossroads",San Rafael,15,10,200,heuristic_bar
3bd4ac40,House of Blues,West Hollywood,14,13,500,default_small_club
6bd39602,Carriage House Theatre,Saratoga,14,13,1200,heuristic_theater
53d0cf3d,Magic Box,Los Angeles,14,14,500,default_small_club
43d4abd7,Tulare County Fairgrounds,Tulare,14,14,8000,heuristic_fairgrounds
63d01e37,Yaamava' Theater,Highland,14,14,1200,heuristic_theater
7bd2b62c,Sonoma-Marin Fairgrounds,Petaluma,14,14,8000,heuristic_fairgrounds
43d2ff9b,Nickerson Gardens,Los Angeles,14,11,500,heuristic_garden
63d5da1b,Red House Studios,Walnut Creek,14,13,500,default_small_club
43d39bdf,Levitt Pavilion Pasadena,Pasadena,14,12,6000,heuristic_pavilion
23d390c7,Grand Theatre Center for the Arts,Tracy,14,13,1200,heuristic_theater
1bdf8d28,Gnaw Stage,Los Angeles,14,14,500,default_small_club
1bd6d1c0,Levitt Pavilion,Los Angeles,14,14,6000,heuristic_pavilion
23d454f3,Black Oak Casino,Tuolumne,14,12,500,default_small_club
13d46939,Loaded,Los Angeles,14,12,500,default_small_club
bd39122,Community Center Theater,Sacramento,14,14,1200,heuristic_theater
3bd2d8b0,The Love Song Bar,Los Angeles,14,8,200,heuristic_bar
2bd21c06,The Factory,Los Angeles,14,13,500,default_small_club
53d65fe5,Galen Center,Los Angeles,13,13,10258,wikidata_sparql
1bd09d74,Private Event,Los Angeles,13,13,500,default_small_club
53d5ff59,333 Live,Los Angeles,13,13,500,default_small_club
63d3be73,Private Venue,Sacramento,13,10,500,default_small_club
43d0f737,Lagunitas Amphitheater,Petaluma,13,12,8000,heuristic_amphitheatre
23de809f,Fort Mason Festival Pavilion,San Francisco,13,12,6000,heuristic_pavilion
73d61e19,"",San Francisco,13,11,500,default_small_club
6bd56e26,Jam In The Van,Los Angeles,13,13,500,default_small_club
5bd653b4,Starlight Bowl,Burbank,13,9,5000,wikidata_sparql
73d79685,Laxson Auditorium,Chico,13,13,2500,heuristic_auditorium
7bd43e14,Leo's Music Club,Oakland,13,13,500,default_small_club
23d5cc6b,Rotary Amphitheater,Fresno,13,13,8000,heuristic_amphitheatre
bd4e926,Mozambique,Laguna Beach,13,12,500,default_small_club
1bd7994c,First Church of the Buzzard,Oakland,13,13,500,default_small_club
73d3aa11,Adelanto Stadium,Adelanto,13,13,30000,heuristic_stadium
1bd2b174,The Miniplex,Arcata,13,12,500,default_small_club
7bd2aa64,Bolsa Chica State Beach,Huntington Beach,13,13,500,default_small_club
1bd2a19c,SDCCU Stadium,San Diego,13,13,30000,heuristic_stadium
73d39679,Club Rodeo,San Jose,13,12,500,default_small_club
3d171c3,Campbell Hall,University of California Santa Barbara Campus,13,12,800,heuristic_hall
13d29df1,Wild Honey Eagle Rock Backyard Amphitheater,Los Angeles,13,12,8000,heuristic_amphitheatre
3d0f923,Private Venue,San Francisco,13,10,500,default_small_club
bd7a93a,Throckmorton Theatre,Mill Valley,13,11,1200,heuristic_theater
73d39e4d,BlackLight District,Long Beach,13,10,500,default_small_club
33d2ac65,Liberty Stage,Los Angeles,13,12,500,default_small_club
43d29b83,Madera County Fairgrounds,Madera,13,13,8000,heuristic_fairgrounds
1bd6c58c,Rainbow Ballroom,Fresno,13,13,1200,heuristic_ballroom
bd535c6,Casa Escobar Malibu,Malibu,13,11,500,default_small_club
bd39d12,Tioga-Sequoia Brewing Company,Fresno,13,13,500,default_small_club
63d54263,Alameda County Fairgrounds,Pleasanton,13,8,8000,heuristic_fairgrounds
13d7e17d,Hollywood Improv,Los Angeles,13,10,500,default_small_club
7bd4c2f8,The Lyric Theatre,Los Angeles,12,12,1200,heuristic_theater
7bd28ebc,Spaghettini,Seal Beach,12,7,500,default_small_club
7bd0d22c,Barbara Morrison Performing Arts Center,Los Angeles,12,8,200,heuristic_bar
3bd56460,1933 Event Center,Bakersfield,12,11,500,default_small_club
3d6310b,Fox Theatre,Redwood City,12,9,1400,wikidata_sparql
53d01341,Woodbridge Crossing,Woodbridge,12,2,500,default_small_club
4bd40f1a,Borderline Bar & Grill,Thousand Oaks,12,10,200,heuristic_bar
bdf8d2a,Camp Stage,Los Angeles,12,12,500,default_small_club
33d578c1,Town & Country Event Center,San Diego,12,12,500,default_small_club
33d3a4a9,Club 80's Bar and Grill,Corona,12,10,200,heuristic_bar
5bd39340,The Grizzly Den,Upland,12,12,500,default_small_club
6bd552d2,Highland Park Ebell Club,Los Angeles,12,12,500,default_small_club
4bd4fb0e,Ruth Finley Person Theatre,Santa Rosa,12,12,1200,heuristic_theater
73d56a3d,HD Radio Sound Space at KROQ,Los Angeles,12,12,500,default_small_club
53d207b9,Rec Center,Los Angeles,12,11,500,default_small_club
73d592a9,Santa Clarita Performing Arts Center at College of the Canyons,Santa Clarita,12,12,500,default_small_club
1bd07d64,Baldwin Hills Scenic Overlook,Culver City,12,12,500,default_small_club
bd315e2,Private Venue,Pioneertown,12,1,500,default_small_club
7bd43614,Caravan Lounge,San Jose,12,5,300,heuristic_lounge
33d39441,BAL Theatre,San Leandro,12,11,1200,heuristic_theater
33d02ce5,Private Venue,Los Angeles,12,10,500,default_small_club
13d5c1f1,Monty Bar,Los Angeles,12,12,200,heuristic_bar
73d4be7d,Zellerbach Hall,Berkeley,12,12,800,heuristic_hall
73d66661,Plaza de Cesar Chavez,San Jose,12,12,1500,heuristic_plaza
4bd29bda,Bonney Field,Sacramento,12,12,500,default_small_club
23d2240b,El Presidio de Santa Bárbara State Historic Park,Santa Barbara,12,1,500,default_small_club
5bd54bac,Octopus Literary Salon,Oakland,12,11,500,default_small_club
1bd23550,World Records,Bakersfield,12,11,500,default_small_club
73d39e49,Younes and Soraya Nazarian Center For The Performing Arts,Northridge,12,10,500,default_small_club
6bd62afe,The Loft at UC San Diego,La Jolla,12,12,500,default_small_club
4bd36706,The Write Off Room,Los Angeles,12,5,500,default_small_club
13d3a19d,El Rey Theater,Chico,12,12,1200,heuristic_theater
13d73d49,The Hood,Palm Desert,12,10,500,default_small_club
3bd71424,The Prospector,Long Beach,12,12,500,default_small_club
73d2a619,Camp Mt. Crags,Malibu,12,1,500,default_small_club
3d01107,Blue Note Napa at Charles Krug Winery,Saint Helena,12,10,500,default_small_club
4bd3a7ea,The Cinema Bar,Culver City,12,10,200,heuristic_bar
13d74989,Sleep Train Arena,Sacramento,11,9,12000,heuristic_arena
bd445ca,Dynamite Vinyl,Fresno,11,10,500,default_small_club
43d3a78b,The Palms Playhouse,Winters,11,7,500,default_small_club
53d3977d,The Underground DTSA,Santa Ana,11,10,500,default_small_club
33d38c55,The Granada Theatre,Santa Barbara,11,10,1200,heuristic_theater
7bd33ac8,Empire Grand Oasis,Thermal,11,11,500,default_small_club
63d21ab3,Playback Studios,San Jose,11,10,500,default_small_club
bd09d32,Stages,Santa Ana,11,11,500,default_small_club
73d6d641,Fox Studios,Los Angeles,11,11,500,default_small_club
43d3a34f,Tackle Box Bar & Grill,Chico,11,8,200,heuristic_bar
7bd2a2e0,Noe Valley Farmer's Market,San Francisco,11,1,500,default_small_club
bd3d1be,The Paramount,Los Angeles,11,11,500,default_small_club
43d3a707,The Hangar at the OC Fair,Costa Mesa,11,8,500,default_small_club
53d39fe5,Sam's Woodsite,Mammoth Lakes,11,11,500,default_small_club
2bd50c1e,Light Rail Studios,San Francisco,11,11,500,default_small_club
1bd71574,Bar Lubitsch,West Hollywood,11,9,200,heuristic_bar
3d219ff,California State University San Marcos,San Marcos,11,10,500,default_small_club
43d6335b,The Lab,San Francisco,11,11,500,default_small_club
3bd49c84,Whiskey Dick's,South Lake Tahoe,11,10,500,default_small_club
4bd3fb36,Leal Ranch,Eastvale,11,11,500,default_small_club
7bd29ae4,Viejas Casino & Resort,Alpine,11,11,500,default_small_club
43d4f383,Sound Nightclub,Los Angeles,11,11,700,operator
2bd5205a,The Broad,Los Angeles,11,11,500,default_small_club
6bd4062a,Wiens Family Cellars,Temecula,11,9,500,default_small_club
6bd272e2,Broadway Pier,San Diego,11,11,500,default_small_club
6bd77e1e,TRiP Nightclub,Santa Monica,11,10,500,default_small_club
13d5bded,Doc's Lab,San Francisco,11,9,500,default_small_club
13d63d89,The Airliner,Los Angeles,11,11,500,default_small_club
53d79fed,Que Sera,Long Beach,11,11,500,default_small_club
7bd6c2f4,William Saroyan Theatre,Fresno,11,11,1200,heuristic_theater
2bd6d002,Pasadena Civic Auditorium,Pasadena,11,11,2500,heuristic_auditorium
23d498eb,Biko Garage,Isla Vista,11,11,500,default_small_club
bd511fe,The Holding Company,San Diego,11,10,500,default_small_club
3d529ff,The Industry,Chula Vista,10,8,500,default_small_club
2bd4182e,The Tower Theater,Los Angeles,10,10,1200,heuristic_theater
7bd3aa04,Oracle Park,San Francisco,10,10,41915,wikidata_sparql
1bd08920,The Sardine,San Pedro,10,10,500,default_small_club
2bd398e2,Starlight Theater,Pala,10,10,1200,heuristic_theater
73d4e6f9,Musicians Institute Auditorium,Los Angeles,10,6,2500,heuristic_auditorium
73d0beb1,Santa Ana Civic Center,Santa Ana,10,10,500,default_small_club
4bd24b5e,Corbin Bowl,Los Angeles,10,9,500,default_small_club
2bd4e8ce,That 80's Bar,Montclair,10,8,200,heuristic_bar
6bd202b2,Highland Park Bowl,Los Angeles,10,10,500,default_small_club
73d02221,The Goldfish,Los Angeles,10,9,500,default_small_club
1bd6450c,Paramount Studios,Los Angeles,10,10,500,default_small_club
2bd318e2,Rufus Wainwright's House,Los Angeles,10,1,500,default_small_club
6bd1b62e,1756 Naud Street,Los Angeles,10,10,500,default_small_club
1bd061e4,The Rady Shell at Jacobs Park,San Diego,10,10,10000,wikidata_sparql
3bd638a4,Village Recording Studios,Los Angeles,10,10,500,default_small_club
73d60621,"",Oakland,10,10,500,default_small_club
3bd46034,Dancing with the Stars,Los Angeles,10,8,500,default_small_club
73d74e6d,Mission Tobacco Lounge,Riverside,10,9,300,heuristic_lounge
5bd2ffdc,The Big Easy,Petaluma,10,3,500,default_small_club
5bd5b358,Lucky Strike Live,Los Angeles,10,10,500,default_small_club
73d39a9d,Graton Resort & Casino,Rohnert Park,10,9,500,default_small_club
73d4e27d,Facebook Headquarters,Menlo Park,10,9,500,default_small_club
2bd66002,Bar Sinister at Boardner's,Los Angeles,10,9,200,heuristic_bar
3d6757b,Old Towne Pub,Pasadena,10,9,200,heuristic_pub
3d441d3,Totally 80's Bar & Grille,Fullerton,10,8,200,heuristic_bar
4bd1efb2,Gloria Molina Grand Park,Los Angeles,10,10,500,default_small_club
13d66d61,Wilshire Ebell Theatre,Los Angeles,10,9,1200,heuristic_theater
23d7e8e3,Stork Club,Oakland,10,9,500,default_small_club
bd631ce,Center for the Performing Arts,San Jose,10,10,500,default_small_club
5bd70b80,Kern County Fairgrounds,Bakersfield,10,10,8000,heuristic_fairgrounds
1bd399c0,Silverado Resort and Spa,Napa,10,9,500,default_small_club
3bd39800,Gold Country Casino & Hotel,Oroville,10,6,500,default_small_club
53d0ef25,Wasteland Weekend,North Edwards,10,7,500,default_small_club
43d73727,Universal Bar & Grill,Los Angeles,10,8,200,heuristic_bar
2bd398a6,Palmdale Amphitheater,Palmdale,9,9,8000,heuristic_amphitheatre
5bd5d7b0,Ace Hotel & Swim Club,Palm Springs,9,9,500,default_small_club
53d0f371,Mardi Gras Lounge,Redwood City,9,1,300,heuristic_lounge
2bd3981e,Musco Center for the Arts,Orange,9,9,500,default_small_club
73d08a05,Project Barley Brewery,Lomita,9,7,200,heuristic_bar
43d397db,Nourse Theater,San Francisco,9,9,1200,heuristic_theater
7bd7a63c,Long Beach Convention Center,Long Beach,9,9,5000,heuristic_convention
73d7fea5,Cache Creek Casino Resort,Brooks,9,8,500,default_small_club
7bd39644,San Jose McEnery Convention Center,San Jose,9,9,5000,heuristic_convention
6bd55646,The Berrics,Los Angeles,9,9,500,default_small_club
73d2c2f1,Improv Comedy Club,Irvine,9,7,500,default_small_club
53d7e3e5,Thornton Winery,Temecula,9,7,500,default_small_club
2bd770fe,Irvine Barclay Theatre,Irvine,9,9,1200,heuristic_theater
4bd03326,The Sun Rose,West Hollywood,9,2,500,default_small_club
13d3650d,Downtown Palm Springs,Palm Springs,9,8,500,default_small_club
13d67579,Sycamore Grove Park,Los Angeles,9,9,500,default_small_club
5bd65308,HM157,Los Angeles,9,9,500,default_small_club
3bd7c444,Lesher Center for the Arts,Walnut Creek,9,9,500,default_small_club
33d5e811,The Lost Knight,Los Angeles,9,9,500,default_small_club
1bd58950,Mitchell Park,Palo Alto,9,9,500,default_small_club
3d769e3,The Marsh,Berkeley,9,1,500,default_small_club
73d5ee65,Alpine Village,Torrance,9,9,500,default_small_club
53d77b65,The Lodge at The Regency Center,San Francisco,9,9,500,default_small_club
3bd6d83c,The Black Castle,Los Angeles,9,7,500,default_small_club
3bd5a044,Out of the Park Pizza,Anaheim,9,4,500,default_small_club
2bd10086,Spinnaker Lounge @ Norwegian Jewel,Los Angeles,9,9,300,heuristic_lounge
23d4f89b,Silverlake Conservatory of Music,Los Angeles,9,4,500,default_small_club
1bd39db0,"The State Theatre, DTLA",Los Angeles,9,9,1200,heuristic_theater
23d3a4ab,Vinnie's Bar & Grill,Concord,9,8,200,heuristic_bar
3d399b3,California Institute of Abnormalarts,Los Angeles,9,8,500,default_small_club
3d39147,Field of Dreams,Sonoma,9,9,500,default_small_club
bd399ba,Back Bay Amphitheater,Newport Beach,9,8,8000,heuristic_amphitheatre
1bd3a528,Belden Town Resort and Lodge,Belden,9,2,500,default_small_club
4bd2e32a,Audio SF,San Francisco,9,9,500,default_small_club
4bd21bfa,Rampart Skate Park,Arcata,9,9,500,default_small_club
1bd155d8,Nugget Campground,Placerville,9,6,500,default_small_club
1bd6d134,Hammer Museum,Los Angeles,9,9,500,default_small_club
1bd39904,Miners Foundry Cultural Center,Nevada City,9,8,500,default_small_club
1bd70180,Ukiah Brewing Company,Ukiah,8,4,500,default_small_club
13d181b5,Club 88,Brooks,8,3,500,default_small_club
1bd49508,Veterans Memorial Auditorium,Grass Valley,8,8,2500,heuristic_auditorium
3bd2049c,Fireside Lounge,Alameda,8,5,300,heuristic_lounge
63d46267,The Talk,Los Angeles,8,8,500,default_small_club
63d48e5b,The Night Light,Oakland,8,8,500,default_small_club
53d70b35,Armando's,Martinez,8,6,500,default_small_club
63d3eec7,3 Disciples Brewing,Santa Rosa,8,7,500,default_small_club
73d206b9,Hilltop Tavern and Inn,Apple Valley,8,6,250,heuristic_tavern
33d2244d,San Manuel Casino,Highland,8,8,500,default_small_club
23d3a0c7,Raven Theater,Healdsburg,8,7,1200,heuristic_theater
7bd21624,Capitol Records,Los Angeles,8,8,500,default_small_club
3bd6d894,Ukrainian Culture Center,Los Angeles,8,8,500,default_small_club
53d60ffd,"",Long Beach,8,8,500,default_small_club
4bd73372,Montalvo Garden Theatre,Saratoga,8,8,1200,heuristic_theater
bd0f17a,7 Mile House,Brisbane,8,1,500,default_small_club
3bd1a0f0,Pauley Pavilion,Los Angeles,8,8,6000,heuristic_pavilion
23d030ef,Manchester Banquet Hall,Los Angeles,8,6,800,heuristic_hall
4bd06bd6,MeloMelo Open Mic,Santa Cruz,8,1,500,default_small_club
bd035fa,Private Venue,Simi Valley,8,3,500,default_small_club
bd7691a,The Ice House,Pasadena,8,3,500,default_small_club
73d392ed,Lincoln Theater Napa Valley,Yountville,8,8,1200,wikidata_sparql
2bd6406a,Lost on Main,Chico,8,8,500,default_small_club
2bd5101e,Sans Souci Cocktail Lounge,Ventura,8,8,300,heuristic_lounge
43d3a30b,Sierra Nevada Brewing Co.,Chico,8,7,500,default_small_club
2bd390ae,Turlock Community Theatre,Turlock,8,8,1200,heuristic_theater
3d6c923,Moscone Center,San Francisco,8,8,500,default_small_club
1bd5e178,M3 Live Event Center,Anaheim,8,8,500,default_small_club
4bd3bf02,The OffBeat,Los Angeles,8,7,500,default_small_club
13d20519,Old Princeton Landing,Half Moon Bay,8,6,500,default_small_club
7bd33228,Peace and Justice House,San Jose,8,7,500,default_small_club
3d2457f,Sapphire Palace at Blue Lake Casino,Blue Lake,8,4,500,default_small_club
73d7f2c9,California Academy of Sciences,San Francisco,8,8,500,default_small_club
6bd7a23a,Tales from the Tavern,Santa Ynez,8,8,250,heuristic_tavern
1bd515f8,Adams Avenue Street Fair,San Diego,8,5,500,default_small_club
1bd29d68,Solano County Fairgrounds,Vallejo,8,7,8000,heuristic_fairgrounds
2bd66462,The Blvd,Los Angeles,8,7,500,default_small_club
73d0e695,Waldie Plaza,Antioch,8,8,1500,heuristic_plaza
2bd38cb6,Mr. Tipple's Recording Studio,San Francisco,8,5,500,default_small_club
63d0968b,Roaring Camp,Felton,8,7,500,default_small_club
3d2d197,Dynasty Typewriter At The Hayworth,Los Angeles,8,8,500,default_small_club
3d62d8f,Aldrich Park,Irvine,8,8,500,default_small_club
53d50f55,Museum of Making Music,Carlsbad,8,7,500,default_small_club
23d478af,Empress Theatre,Vallejo,8,6,1200,heuristic_theater
6bd3aa9e,Arkley Center for the Performing Arts,Eureka,8,8,500,default_small_club
2bd24c12,Coaxial Arts Foundation,Los Angeles,8,7,500,default_small_club
63d0621f,Yaamava' Resort & Casino,Highland,8,7,500,default_small_club
3bd5e01c,Petie's Place,Los Angeles,8,8,500,default_small_club
3bd3a400,Annenberg Space for Photography,Century City,8,8,500,default_small_club
1bd21d30,Center Stage,Lake Arrowhead,8,4,500,default_small_club
3bd708e4,The Lot Studios,Los Angeles,8,8,500,default_small_club
5bd44788,Robinson Rancheria Resort & Casino,Nice,8,2,500,default_small_club
5bd5a7b0,Pizza Beer and Wings,Pomona,8,8,500,default_small_club
7bd7f6c0,Alex Theatre,Glendale,8,6,1200,heuristic_theater
73d08629,Pierpont Beach,Ventura,8,8,500,default_small_club
2bd780aa,The Rock Yard,Indio,8,4,500,default_small_club
6bd4ce3a,Skinny's Lounge,Los Angeles,8,8,300,heuristic_lounge
23d6280b,The Press Club,Sacramento,8,8,500,default_small_club
43d58f1b,Mystery Box,Los Angeles,8,8,500,default_small_club
4bd79356,Mateel Community Center,Redway,8,8,500,default_small_club
73d44a0d,"",West Hollywood,8,8,500,default_small_club
5bd35334,The Redwoods,Mill Valley,8,1,500,default_small_club
5bd3cb04,Sebastiani Theatre,Sonoma,8,8,1200,heuristic_theater
2bd59cea,Quartyard,San Diego,8,8,500,default_small_club
3bd67c18,"",Santa Cruz,7,5,500,default_small_club
1bd1817c,Xalos Nightclub & Event Center,Anaheim,7,6,500,default_small_club
73d7ce2d,Arlene Francis Center,Santa Rosa,7,7,500,default_small_club
63d2529b,Honda Stage at the iHeartRadio Theater,Burbank,7,7,1200,heuristic_theater
53d70b75,VLHS Warehouse,Pomona,7,7,500,default_small_club
3bd6580c,Tachi Palace,Lemoore,7,7,500,default_small_club
5bd37380,Private Venue,Riverside,7,3,500,default_small_club
43d397ef,Marines' Memorial Theatre,San Francisco,7,6,1200,heuristic_theater
4bd073da,Urbani Cellar,Santa Cruz,7,6,500,default_small_club
73d3aa99,Outer Space Arcata,Arcata,7,5,500,default_small_club
6bd20eca,Budweiser Pavilion and Stage,Bakersfield,7,7,6000,heuristic_pavilion
5bd75318,Sunset Boulevard,Los Angeles,7,5,500,default_small_club
2bd734ae,Apogee Studio,Santa Monica,7,6,500,default_small_club
1bd6311c,Union Square,San Francisco,7,3,500,default_small_club
5bdf93d4,Death of a Clown,San Pedro,7,6,500,default_small_club
33d65c69,Skirball Cultural Center,Los Angeles,7,7,500,default_small_club
2bd7005a,Nelson Family Vineyards,Ukiah,7,4,500,default_small_club
7bd4ae10,Elks Unocal Event Center,Santa Maria,7,7,500,default_small_club
7bd0f2c0,Mare Island Waterfront,Vallejo,7,7,500,default_small_club
33d28831,Unfair Oaks,Pasadena,7,6,500,default_small_club
63d5fa4b,The Observatory North Park Parking Lot,San Diego,7,6,500,default_small_club
4bd397da,Sydney Goldstein Theater,San Francisco,7,7,1200,heuristic_theater
bd5a15e,Omnia Nightclub,San Diego,7,6,500,default_small_club
6bd5be12,No Vacancy,Los Angeles,7,7,500,default_small_club
bd545a2,Trees,Oakland,7,7,500,default_small_club
5bd303f0,Ramona Garden Park,Grover Beach,7,6,500,heuristic_garden
7bd4aefc,Harold's Place,San Pedro,7,6,500,default_small_club
63d59603,Imperial Art Studios,Los Angeles,7,7,500,default_small_club
4bd7332e,Sycuan Live and Up Close,El Cajon,7,6,500,default_small_club
5bd11fb4,Thee Stork Club,Oakland,7,5,500,default_small_club
5bd2e76c,Den of Sin,Sacramento,7,7,500,default_small_club
13d2b14d,State Social House,West Hollywood,7,5,500,default_small_club
43d5e7e3,The Tavern,Ventura,7,7,250,heuristic_tavern
6bd7a62e,19 Broadway,Fairfax,7,6,500,default_small_club
4bd28fda,Balboa Theater,San Francisco,7,6,1200,heuristic_theater
4bd0c79a,San Diego Convention Center,San Diego,7,7,5000,heuristic_convention
6bd612c2,Spreckels Theatre,San Diego,7,7,1200,heuristic_theater
43d58fd3,Pier 70,San Francisco,7,6,500,default_small_club
23d20027,Johnny V's,San Jose,7,2,500,default_small_club
6bd2aae2,The Study,Los Angeles,7,7,500,default_small_club
33d7a461,"",Malibu,7,7,500,default_small_club
3d3b5eb,Private Venue,Beverly Hills,7,4,500,default_small_club
23d63c13,Popscene,San Francisco,7,7,500,default_small_club
bd3ad96,Bandcamp Record Store and Performance Space,Oakland,7,7,500,default_small_club
4bd3977e,Diego's Rock-n-Roll Bar & Eats,Santa Ana,7,7,200,heuristic_bar
7bd0ee34,The Vermont Hollywood,Los Angeles,7,7,500,default_small_club
73d39a71,State Theatre,Red Bluff,7,7,1200,heuristic_theater
4bd7dbde,Alex Madonna Expo Center,San Luis Obispo,7,7,6000,heuristic_expo
bd77de2,Blue Lake Casino,Blue Lake,7,7,500,default_small_club
3bd08cd8,Ziings Bistro & Bar,Fullerton,7,7,200,heuristic_bar
6bd3fe02,The Grove,Los Angeles,7,7,500,default_small_club
33d38ca9,Herb Alpert's Vibrato Grill Jazz,Los Angeles,7,7,500,default_small_club
73d3aa0d,Soka Performing Arts Center,Aliso Viejo,7,7,500,default_small_club
6bd5ae46,Bazaar Cafe,San Francisco,7,3,150,heuristic_cafe
2bd394d6,Warner Grand Theatre,San Pedro,7,7,1200,heuristic_theater
bd44996,Sofar Sounds,Los Angeles,7,7,500,default_small_club
43d7336b,Torch Club,Sacramento,7,6,500,default_small_club
bd2091e,Acoustic Guitar Magazine,Richmond,7,7,500,default_small_club
53d583d9,Whiskey Richards,Santa Barbara,7,6,500,default_small_club
53d7af91,"",Sacramento,7,7,500,default_small_club
5bd29b8c,Warnors Theatre,Fresno,7,7,1200,heuristic_theater
2bd6cc06,Genghis Cohen,Los Angeles,7,7,500,default_small_club
2bd3a8a6,Craneway Pavilion,Richmond,7,6,6000,heuristic_pavilion
bd3b1e2,The House Of Machines,Los Angeles,7,7,500,default_small_club
3d39dff,Donald Bren Events Center,Irvine,7,6,500,default_small_club
13d77de9,Bender's Bar & Grill,San Francisco,7,7,200,heuristic_bar
63d286d7,Blonde Bar,San Diego,7,7,200,heuristic_bar
13d589a5,History Park,San Jose,7,7,500,default_small_club
5bd3eb74,The Canyon at The Rose - Pasadena,Pasadena,7,7,500,default_small_club
23d678f3,Stockton Arena,Stockton,7,7,12000,heuristic_arena
53d0f305,Oxbow RiverStage,Napa,7,5,500,default_small_club
13d55115,SLO Guild Hall,San Luis Obispo,7,7,800,heuristic_hall
5bd77f44,Dan's Irish Sports Bar,Walnut Creek,7,4,200,heuristic_bar
7bd5862c,Riverside County Fairgrounds,Indio,7,7,8000,heuristic_fairgrounds
1bd38dc8,Santa Cruz Civic Auditorium,Santa Cruz,6,6,2500,heuristic_auditorium
63d60633,"",Berkeley,6,2,500,default_small_club
3d38dcf,Boardwalk's Cocoanut Grove,Santa Cruz,6,4,500,default_small_club
bd36512,Private Venue,Berkeley,6,3,500,default_small_club
63d08eef,DTS Sound Space at KROQ,Los Angeles,6,6,500,default_small_club
43d593eb,Roccapulco,San Francisco,6,4,500,default_small_club
63d0e683,Michael David Winery,Lodi,6,2,500,default_small_club
33d1acd9,Acrisure Arena,Thousand Palms,6,6,12000,heuristic_arena
1bd5e580,Back Bar SoFa,San Jose,6,6,200,heuristic_bar
33d27cfd,L.A.C.E.,Los Angeles,6,6,500,default_small_club
2bd394a2,Marin Veterans' Memorial Auditorium,San Rafael,6,6,2500,heuristic_auditorium
23d59c7f,The Armory,San Francisco,6,6,500,default_small_club
bd7c1da,Sayers Club,Los Angeles,6,6,500,default_small_club
13d0e191,Siren's Song Tavern,Eureka,6,6,250,heuristic_tavern
73d22ec5,Presidio Officer's Club,San Francisco,6,1,500,default_small_club
4bd79b6e,LOT 613,Los Angeles,6,5,500,default_small_club
5bd23b9c,Oxbow Commons,Napa,6,6,500,default_small_club
5bd4a374,Rio Nido Roadhouse,Rio Nido,6,3,500,default_small_club
1bd01d3c,Machine Studio,San Pedro,6,6,500,default_small_club
63d31a8b,SiriusXM Studios,Los Angeles,6,6,500,default_small_club
73d05665,FTG Warehouse,Santa Ana,6,6,500,default_small_club
23d3f073,Twilight on the Pier,Santa Monica,6,6,500,default_small_club
2bd2007a,La Movida Night Club,Bakersfield,6,6,500,default_small_club
bd0d17e,Mudpuddle Shop,Fremont,6,1,500,default_small_club
bd391ce,RAREHOUSE,Los Angeles,6,6,500,default_small_club
13d22df9,Aztec Brewing Company,San Diego,6,3,500,default_small_club
43d0cbd7,The Abbey Food & Bar,West Hollywood,6,5,200,heuristic_bar
6bd516ca,Poor House Bistro,San Jose,6,6,500,default_small_club
4bd5bbf6,Madame Siam,Los Angeles,6,6,300,operator
1bd79968,Boardner's,Los Angeles,6,5,500,default_small_club
13d2d9c5,Michael's on Main,Soquel,6,6,500,default_small_club
43d0d313,Studio City Sound,Los Angeles,6,6,500,default_small_club
4bd08bc2,Fais Do-Do,Los Angeles,6,6,500,default_small_club
5bd54370,Aurea Vista,Riverside,6,6,500,default_small_club
33d2884d,Moose Lodge,Oceanside,6,4,500,default_small_club
43d4e743,Hilton Anaheim,Anaheim,6,6,500,default_small_club
63d76eff,La Mirada Theatre for the Performing Arts,La Mirada,6,6,1200,heuristic_theater
3d53ddb,Bar 1650,Corona,6,6,200,heuristic_bar
1bd0c1a8,Brew Craft Coffee,Redding,6,6,100,heuristic_coffee
23d39813,Private Venue,Orange,6,4,500,default_small_club
33d70045,Hutchins Street Square,Lodi,6,6,500,default_small_club
2bd39012,Thousand Oaks Civic Arts Plaza,Thousand Oaks,6,6,1500,heuristic_plaza
5bde37cc,Permanent Records Roadhouse,Los Angeles,6,6,500,default_small_club
43d78bef,Colonial Theater,Sacramento,6,6,1200,heuristic_theater
23d67027,Heritage Theatre,Campbell,6,6,1200,heuristic_theater
23d3986f,Stafford Lake County Park,Novato,6,6,500,default_small_club
4bd77726,Kulak's Woodshed,Los Angeles,6,6,500,default_small_club
63d35a5f,Hot Shot Muffler,Los Angeles,6,6,500,default_small_club
13d1bda5,Rapid Skateshop,Simi Valley,6,6,500,default_small_club
5bd4ff14,KXLU,Los Angeles,6,6,500,default_small_club
bd50972,Gideon's Hall,Upland,6,6,800,heuristic_hall
2bd5586a,Santa Clara County Fairgrounds,San Jose,6,6,8000,heuristic_fairgrounds
73d75eed,Silo's,Napa,6,6,500,default_small_club
4bd3b3e2,SubRosa Community Space,Santa Cruz,6,5,500,default_small_club
63d33a03,Te Mana Cafe,San Diego,6,1,150,heuristic_cafe
13d79de9,The Verdi Club,San Francisco,6,5,500,default_small_club
43d6530f,Huntington Beach Pier,Huntington Beach,6,6,500,default_small_club
5bd1ff30,Carpenter Performing Arts Center,Long Beach,6,4,1054,wikidata_sparql
23d4e80f,Exploratorium,San Francisco,6,6,500,default_small_club
4bd7a39e,Lestat's Coffee House,San Diego,6,5,100,heuristic_coffee
4bd3bf7a,Bricks Restaurant & Sports Bar,Maywood,6,6,200,heuristic_bar
13d3a1bd,Artists' Television Access,San Francisco,6,5,500,default_small_club
73d3be91,Rock & Brews,Highland,6,5,500,default_small_club
6bd03aee,SilverLakes Equestrian and Sports Park,Norco,6,6,500,default_small_club
1bd259c4,Odd Fellows Hall,Auburn,6,4,800,heuristic_hall
3bd3e88c,Loaded Hollywood,Los Angeles,6,6,500,default_small_club
3d4d557,The Escondite,Los Angeles,6,3,500,default_small_club
2bd39cbe,Westside Pavilion,Tuolumne,6,6,6000,heuristic_pavilion
5bd52bd4,Red Hat,Concord,6,6,500,default_small_club
7bd7a27c,"",Anaheim,6,6,500,default_small_club
7bd7fea8,Broad Stage,Santa Monica,6,6,500,default_small_club
13d25575,The Side Door,Sacramento,6,5,500,default_small_club
23d1a833,The Jennifer Hudson Show,Los Angeles,6,6,500,default_small_club
6bd2aea6,Affliction Studios,Seal Beach,6,6,500,default_small_club
23d3e41f,Retro Junkie,Walnut Creek,6,5,500,default_small_club
bd4d172,Bassmnt,San Diego,6,6,500,default_small_club
43d27f5b,Santa Monica Bay Woman's Club,Santa Monica,6,3,500,default_small_club
5bd20f88,88.5 FM Studio @ CSUN,Northridge,6,5,500,default_small_club
73d36631,Private Venue,Anaheim,6,6,500,default_small_club
2bd2a462,Bob Baker Marionette Theater,Los Angeles,6,6,1200,heuristic_theater
53d76b51,Brandin' Iron,San Bernardino,6,6,500,default_small_club
53d12b81,Belching Beaver Brewery,Oceanside,6,6,500,default_small_club
7bd292fc,Laguna Playhouse,Laguna Beach,6,3,500,default_small_club
2bd5048e,Citadel Outlets,Commerce,6,6,500,default_small_club
4bd393aa,Cesar Chavez Park and Plaza,Sacramento,6,6,1500,heuristic_plaza
bd15922,Blue Beach Studio,Redondo Beach,6,6,500,default_small_club
23d34c5f,Rehearse America,Oakland,6,1,500,default_small_club
bd0f5de,Russ and Julie's,Calabasas,6,6,500,default_small_club
53d7bfc5,Robert Mondavi Winery,Oakville,6,6,500,default_small_club
3bd60424,ABC Studios,Los Angeles,6,6,500,default_small_club
6bd51ec2,Main Fest Alhambra,Alhambra,6,6,500,default_small_club
4bd45f72,Lewis Family Playhouse,Rancho Cucamonga,6,6,500,default_small_club
63d3f633,The Miracle Theater,Inglewood,6,4,1200,heuristic_theater
4bd4734a,Create,Los Angeles,6,6,500,default_small_club
3d67973,Ruby Skye,San Francisco,6,5,500,default_small_club
13d415b1,Hermosa Beach,Hermosa Beach,6,6,500,default_small_club
3bd5905c,Americas Best Chatsworth Karate,Los Angeles,6,5,500,default_small_club
23d26887,Sound Room,Oakland,6,4,500,default_small_club
53d2c345,Momo Lounge,Sacramento,5,5,300,heuristic_lounge
53d5c71d,Buckingham Palace,Los Angeles,5,5,500,default_small_club
3bd20498,First Street Wine Co,Livermore,5,1,500,default_small_club
bd061ea,Grammy Museum,Los Angeles,5,5,500,default_small_club
3bd39438,Performing Arts Center,San Luis Obispo,5,5,500,default_small_club
5bd4e7ac,Midtown Barfly,Sacramento,5,5,200,heuristic_bar
3bd39028,The Boiler Room Temecula,Temecula,5,5,500,default_small_club
6bd462de,Fuzion,Huntington Beach,5,5,500,default_small_club
6bd34a6a,Private Venue,Napa,5,4,500,default_small_club
73d20eed,Boston Court Performing Arts Center,Pasadena,5,1,500,default_small_club
33d2b8d5,The Wakehouse,Reedley,5,5,500,default_small_club
1bd49540,The Stardust Club,Downey,5,4,500,default_small_club
6bd2527a,Olov Hall,Los Angeles,5,5,800,heuristic_hall
bd4693a,The Lab,Los Angeles,5,2,500,default_small_club
3d4d92b,Meowmeowz,Pasadena,5,1,500,default_small_club
5bd60fdc,Studio 606,Los Angeles,5,1,500,default_small_club
7bd55a14,The Sanctuary at Pico-Union,Los Angeles,5,5,500,default_small_club
43d517af,Tooth & Nail Winery,Paso Robles,5,4,500,default_small_club
43d22723,Private Venue,San Jose,5,5,500,default_small_club
6bd09eee,Private Venue,Twentynine Palms,5,1,500,default_small_club
1bd5bd68,Lucky Strike,Los Angeles,5,5,500,default_small_club
53d5c361,Green Acres Estate,Beverly Hills,5,5,500,default_small_club
53d26755,Cricket Wireless Lounge,Los Angeles,5,5,300,heuristic_lounge
3bd0c4d4,Stay Gold Deli,Oakland,5,5,500,default_small_club
33d52059,Adults Only,Los Angeles,5,5,500,default_small_club
3d381a3,The Rellik Tavern,Benicia,5,2,250,heuristic_tavern
3bd394d0,Battleship USS Iowa Museum,San Pedro,5,5,500,default_small_club
23d2706b,Ojai Underground Exchange,Ojai,5,5,500,default_small_club
1bd6298c,Union Station,Los Angeles,5,5,500,default_small_club
7bd65a2c,Regent Beverly Wilshire Hotel,Beverly Hills,5,5,500,default_small_club
2bdff8ee,The Reef,Los Angeles,5,5,500,default_small_club
63d59a57,Third Space Art Collective,Davis,5,5,500,default_small_club
63d37283,Chico Club,San Diego,5,5,500,default_small_club
53d5abdd,Helwig Winery,Plymouth,5,5,500,default_small_club
2bd78cce,Yerba Buena Gardens,San Francisco,5,4,500,heuristic_garden
1bd3cd0c,Hilton Bayfront Park,San Diego,5,5,500,default_small_club
73d1b661,Highlands Jam Studios,Calabasas,5,5,500,default_small_club
63d72e93,Fat Cat Music House & Lounge,Modesto,5,5,300,heuristic_lounge
1bd58128,Vibrato Jazz Club,Los Angeles,5,3,500,default_small_club
3d3a50b,Big Bear Mountain Resorts,Big Bear Lake,5,5,500,default_small_club
13d5a101,House of Guvera,Los Angeles,5,5,500,default_small_club
bd4e1e6,Little Joy,Los Angeles,5,5,500,default_small_club
43d62747,World Beat Center,San Diego,5,5,500,default_small_club
7bd56a44,Junior High,Los Angeles,5,5,500,default_small_club
1bd765c4,Joan and Sanford I. Weill Hall,Rohnert Park,5,5,800,heuristic_hall
4bd4476a,Funzone,Santa Barbara,5,5,500,default_small_club
53d4a34d,Valley Performing Arts Center,Northridge,5,4,500,default_small_club
5bdf8bf4,Hangar One,Mountain View,5,5,500,default_small_club
4bd5931e,South Bay Customs,El Segundo,5,3,500,default_small_club
13d74581,Ham and Eggs Tavern,Los Angeles,5,5,250,heuristic_tavern
23d21cef,Boulevard Music,Los Angeles,5,5,500,default_small_club
13d71195,Chukchansi Gold Resort & Casino,Coarsegold,5,5,500,default_small_club
23d64473,Space 15 Twenty,Los Angeles,5,5,500,default_small_club
63d39643,Small Room at Oakland Metro Operahouse,Oakland,5,5,500,default_small_club
1bd52984,Vamp,Oakland,5,5,500,default_small_club
2bd77c72,Regent Showcase Theatre,Los Angeles,5,5,1200,heuristic_theater
13d7bdd9,Steve Allen Theater,Los Angeles,5,4,1200,heuristic_theater
63d53a27,Moniker Warehouse,San Diego,5,5,500,default_small_club
7bd362ec,Old Skool Cafe,San Francisco,5,1,150,heuristic_cafe
73d056f5,Great Star Theater,San Francisco,5,5,1200,heuristic_theater
73d5caad,USC McCarthy Quad,Los Angeles,5,5,500,default_small_club
23d3989b,Paradise Performing Arts Center,Paradise,5,5,500,default_small_club
3bd5d0b4,America's Got Talent,Los Angeles,5,5,500,default_small_club
33d5d0b5,Paso Robles Event Center,Paso Robles,5,5,500,default_small_club
73d48e05,The Date Shed,Indio,5,5,500,default_small_club
73d672f9,Christopher Cohan Performing Arts Center,San Luis Obispo,5,5,500,default_small_club
73d5fa39,Purple Room Restaurant and Stage,Palm Springs,5,4,500,default_small_club
6bd57af6,The Lafayette Hotel,San Diego,5,5,500,default_small_club
3bd13c88,Private Venue,Los Angeles,5,5,500,default_small_club
53d31b89,Private Venue,Woodside,5,1,500,default_small_club
3d2ad63,The Fourth Bore Tap Room & Grill,Orinda,5,1,500,default_small_club
73d26201,The Vine,Ojai,5,3,500,default_small_club
23d4e473,Hornblower Cruise,San Diego,5,5,500,default_small_club
6bd26692,First Congregational Church of Los Angeles,Los Angeles,5,4,500,default_small_club
33d554b9,Fort Mason Center for the Arts & Culture,San Francisco,5,5,500,default_small_club
bd1f95e,The Red Museum,Sacramento,5,5,500,default_small_club
43d65ff3,Getty Center,Los Angeles,5,5,500,default_small_club
2bd2c8d6,Bigfoot Lodge,Los Angeles,5,2,500,default_small_club
2bd3f04a,Club Tee Gee,Los Angeles,5,5,500,default_small_club
1bd56d40,The Center For New Music,San Francisco,5,5,500,default_small_club
3bd7181c,Auburn Placer Performing Arts Center,Auburn,5,4,500,default_small_club
53d1bf35,Victoria Gardens Cultural Center,Rancho Cucamonga,5,5,500,heuristic_garden
5bd243dc,Oakland Secret,Oakland,5,3,500,default_small_club
4bd51f02,The Grand Star Jazz Club,Los Angeles,5,5,500,default_small_club
5bd22300,San Jose Jazz Summer Fest Stages,San Jose,5,5,500,default_small_club
4bd79b06,Soundwave Studios,Oakland,5,1,500,default_small_club
2bd6d8fa,Henry Ford Theater,Los Angeles,5,5,1200,heuristic_theater
73d6da29,Chukchansi Park,Fresno,5,5,12500,wikidata_sparql
73d442ed,Sierra Valley Lodge,Calpine,5,5,500,default_small_club
53d5735d,Grand Oak Live,Upland,5,3,500,default_small_club
53d4c755,Streetlight Records,Santa Cruz,5,4,500,default_small_club
1bd3d1f8,Oak and Main,Ventura,5,5,500,default_small_club
43d4a39f,Warner Center Park,Los Angeles,5,4,500,default_small_club
2bd718b6,KPFA-FM,Berkeley,5,5,500,default_small_club
13d4452d,JW Marriott L.A. Live,Los Angeles,5,5,500,default_small_club
1bd645e8,Queen Bees,San Diego,5,5,500,default_small_club
43d77bab,The Complex,Los Angeles,5,5,500,default_small_club
bd015e6,Hotel Zoso,Palm Springs,5,5,500,default_small_club
53d39fb9,Burton Chace Park,Marina del Rey,5,5,500,default_small_club
13d2ad6d,Metro,Lafayette,5,2,500,default_small_club
7bd52e10,Mixmag Lab,Los Angeles,5,5,500,default_small_club
53d79b0d,Luckman Fine Arts Complex,Los Angeles,5,5,500,default_small_club
43d7c7f7,Rock Church,San Diego,5,3,500,default_small_club
63d0e2af,"Ultimate Studios, Inc.",Los Angeles,5,3,500,default_small_club
33d7b4a1,Riff Haus,Fullerton,5,5,500,default_small_club
33d39449,Lair of the Golden Bear,Pinecrest,5,4,500,default_small_club
33d04821,El Picante,Bell Gardens,5,5,500,default_small_club
2bd3b8ba,MacArthur Park,Los Angeles,5,5,500,default_small_club
4bd547e2,The Arena,Simi Valley,5,4,12000,heuristic_arena
7bd0eeb0,Heart Health Park,Sacramento,5,5,9784,wikidata_sparql
5bd2b778,Presqu'ile Winery,Santa Maria,5,4,500,default_small_club
6bd5fafa,L.A. River Studios,Los Angeles,5,5,500,default_small_club
53d7e711,Redwood Amphitheatre at Great America,Santa Clara,5,5,8000,heuristic_amphitheatre
23d7ccfb,Sutter Creek Theatre,Sutter Creek,5,5,1200,heuristic_theater
13d6cdc1,UCLA,Los Angeles,5,4,500,default_small_club
3bd2d474,Golden Gate Park Bandshell,San Francisco,4,3,500,default_small_club
33d2a0dd,Peri's Bar,Fairfax,4,1,200,heuristic_bar
23d580ff,Book Soup,Los Angeles,4,4,500,default_small_club
1bd13534,EB's Farmers Market Bar,Los Angeles,4,1,200,heuristic_bar
6bd362ea,California Jazz Conservancy,Berkeley,4,1,500,default_small_club
bd2851a,"",Lafayette,4,2,500,default_small_club
53d7e7ad,Fresno Regional Sports Complex,Fresno,4,4,500,default_small_club
7bd45efc,Jewish Community Center of San Francisco,San Francisco,4,4,500,default_small_club
23d6ccdf,The Cove at Cal Expo,Sacramento,4,4,500,default_small_club
53d033ed,Champion Site + Sound,Los Angeles,4,3,500,default_small_club
33d2201d,Lure Nightclub,Los Angeles,4,4,500,default_small_club
3bd274e8,Triforium,Los Angeles,4,4,500,default_small_club
4bd58f1a,Perez Tires,Los Angeles,4,4,500,default_small_club
2bd52cd6,Yolo County Fairgrounds,Woodland,4,4,8000,heuristic_fairgrounds
73d39a19,Alumni Greek Theatre,Redlands,4,4,1200,heuristic_theater
73d33a21,"The Garage, Sirius XM Radio",Los Angeles,4,4,500,default_small_club
5bd593dc,Pool Party A-Go-Go,Eagle Rock,4,4,500,default_small_club
6bd59292,Horton's Hayride,San Pedro,4,4,500,default_small_club
bd38dfa,Mayfair Hotel,Los Angeles,4,4,500,default_small_club
5bd7731c,Jack London Square,Oakland,4,4,500,default_small_club
7bd3a258,Rendon Hall,Berkeley,4,4,800,heuristic_hall
63d29a3f,"",Chula Vista,4,3,500,default_small_club
7bd7aaac,The Standard,West Hollywood,4,4,500,default_small_club
63d0ce2f,That's My Jam,Los Angeles,4,4,500,default_small_club
7bd41a94,Kensington Club,San Diego,4,4,500,default_small_club
4bde4b26,Lost Lot,Echo Park,4,4,500,default_small_club
6bd3fa9e,Full Circle Olympic,Fresno,4,4,500,default_small_club
1bd7dd1c,Hollywood and Highland Center,Los Angeles,4,4,500,default_small_club
63d24e7b,The Forest Club,Ukiah,4,1,500,default_small_club
63d49213,The Little Room at Largo,Los Angeles,4,2,500,default_small_club
23d39897,Palm Springs Air Museum,Palm Springs,4,4,500,default_small_club
6bd2967e,Wilson Creek Winery,Temecula,4,4,500,default_small_club
3bd33018,"Ruth B. Shannon Center for the Performing Arts, Whittier College",Whittier,4,4,500,default_small_club
6bd5768e,Winston House,Venice,4,4,500,default_small_club
4bd0b796,Carnival Inspiration,Long Beach,4,4,500,default_small_club
3bded0b8,Five Fingers Pub,Inyokern,4,2,200,heuristic_pub
53d3b7b1,dba256,Pomona,4,4,500,default_small_club
63d2cad3,Samala Showroom at Chumash Casino,Santa Ynez,4,3,500,default_small_club
4bd62f0e,Pacific Design Center,West Hollywood,4,4,500,default_small_club
33d5a849,El Portal Theatre,Los Angeles,4,4,1200,heuristic_theater
7bd42e50,PJ's Roadhouse,Placerville,4,4,500,default_small_club
23d234f7,Centinela Valley Center for the Arts,Lawndale,4,4,500,default_small_club
63d3fabb,Bocci's Cellar,Santa Cruz,4,3,500,default_small_club
33d328b1,Bourbon Street Bar,Fullerton,4,4,200,heuristic_bar
63d18e5b,Mi Ranchito Bar,Los Angeles,4,4,200,heuristic_bar
63d2b2f3,Roundup Saloon,Lafayette,4,1,500,default_small_club
2bd20056,Newman House,Isla Vista,4,4,500,default_small_club
3bd3cc0c,The Brick,Nevada City,4,3,500,default_small_club
43d567db,The Office Bar,San Diego,4,4,200,heuristic_bar
53d29331,Heron Arts,San Francisco,4,4,500,default_small_club
13d19951,SAFE Credit Union Performing Arts Center,Sacramento,4,4,500,default_small_club
7bd586f8,Bang Bang,San Diego,4,4,500,default_small_club
3d49d57,Montgomery Village,Santa Rosa,4,3,500,default_small_club
13d39905,Crazy Horse Saloon & Grill,Nevada City,4,3,500,default_small_club
2bd48082,American Legion Hall,South Lake Tahoe,4,4,800,heuristic_hall
33d5cca9,4th Street Vine,Long Beach,4,4,500,default_small_club
43d51f1b,Highways Performance Space and Gallery,Santa Monica,4,4,500,default_small_club
23d28073,Rolling Hills Casino,Corning,4,4,500,default_small_club
3d3a58b,Viva Cantina,Burbank,4,4,500,default_small_club
6bd182be,The Painted Turtle,Lake Hughes,4,4,500,default_small_club
2bd7c466,"",Beverly Hills,4,4,500,default_small_club
53d3b795,Appleton Event Center,Watsonville,4,4,500,default_small_club
73d3a605,Moonlight State Beach,Encinitas,4,4,500,default_small_club
73d67a8d,Las Palmas Theatre,Los Angeles,4,4,1200,heuristic_theater
13d0fda9,Foundation Room,Anaheim,4,4,500,default_small_club
23d35c5f,Studio,Redlands,4,2,500,default_small_club
4bd23366,Piedmont Piano Company,Oakland,4,4,500,default_small_club
53d45321,The Griffin,Los Angeles,4,4,500,default_small_club
33d59c05,South Lake Avenue,Pasadena,4,4,500,default_small_club
6bd49242,"The Aratani Theater, Japanese-American Cultural & Community Center",Los Angeles,4,4,1200,heuristic_theater
1bd4a100,EastWest Recording Studios,Los Angeles,4,2,500,default_small_club
4bd2bb9e,Ojai Deer Lodge,Ojai,4,3,500,default_small_club
3bd35460,CWK Studio,Los Angeles,4,1,500,default_small_club
bd7259e,The Westin Bonaventure Hotel and Suites,Los Angeles,4,4,500,default_small_club
23d1b86b,Amazon Music Live,Los Angeles,4,4,500,default_small_club
7bd59688,Rodeo Park,Folsom,4,4,500,default_small_club
3bd1fc08,Quarry Park Amphitheater,Rocklin,4,4,8000,heuristic_amphitheatre
13d38965,3F Gallery,San Jose,4,4,500,default_small_club
3d399cf,Napa Valley Expo,Napa,4,4,40000,festival_bottlerock
23d2a453,Twin Oaks Roadhouse,Penngrove,4,4,500,default_small_club
4bd50ffe,Cross Border Xpress (CBX),San Diego,4,4,500,default_small_club
bd3052a,Santa Barbara Polo & Racquet Club,Carpinteria,4,4,200,heuristic_bar
73d4ae65,SF Eagle,San Francisco,4,4,500,default_small_club
13d735f1,The Depot,San Francisco,4,4,500,default_small_club
bd77dbe,JH Ranch,Oakdale,4,4,500,default_small_club
13d29d75,Stanislaus County Fairgrounds,Turlock,4,4,8000,heuristic_fairgrounds
6bd5a282,Bud Light/Cantinas Frontier Stage,Paso Robles,4,3,500,default_small_club
2bd7149a,The American Legion Hall,Baldwin Park,4,4,800,heuristic_hall
13d61965,The Flint Center for the Performing Arts,Cupertino,4,4,500,default_small_club
1bd599d8,The Crow's Nest,Santa Cruz,4,3,500,default_small_club
3bd1f834,GiGi's Cocktail Lounge,Ventura,4,3,300,heuristic_lounge
bde8132,Zone Lazer Tag,Dublin,4,4,500,default_small_club
33d75465,Lot 1,Los Angeles,4,4,500,default_small_club
3bd33860,The Marcus Singletary Show,Los Angeles,4,1,500,default_small_club
53d3a3f9,University of California Botanical Garden at Berkeley,Berkeley,4,4,500,heuristic_garden
43d3c75b,The Well,Bakersfield,4,4,500,default_small_club
7bd2d2c4,Cloverdale Plaza,Cloverdale,4,4,1500,heuristic_plaza
1bd651a0,Planet Gemini,Monterey,4,4,500,default_small_club
5bd40390,Curran Theatre,San Francisco,4,3,1667,wikidata_sparql
23d2ac6b,Monk Space,Los Angeles,4,4,500,default_small_club
33d48081,Lindley Meadows,San Francisco,4,4,500,default_small_club
53d2975d,KALX-FM,Berkeley,4,3,500,default_small_club
13d3ad0d,The Purple Orchid,El Segundo,4,4,500,default_small_club
63d47a43,Acerogami,Pomona,4,4,500,default_small_club
73d74e15,Lethal Amounts,Los Angeles,4,4,500,default_small_club
bd66566,Fort Mason,San Francisco,4,3,500,default_small_club
23d7b0b7,La Cita,Los Angeles,4,3,500,default_small_club
33d39c01,Skyloft,Laguna Beach,4,4,500,default_small_club
33d12c39,NeueHouse Hollywood,Los Angeles,4,4,500,default_small_club
6bd73a96,Quechan Casino Resort,Winterhaven,4,4,500,default_small_club
13d59901,Broadway Plaza,Walnut Creek,4,3,1500,heuristic_plaza
23d30cc3,Deep End Ranch,Santa Paula,4,3,500,default_small_club
23d7dc3b,The Vortex,Los Angeles,4,3,500,default_small_club
1bd0e53c,Paul Dresher Ensemble Studio,Oakland,4,4,500,default_small_club
3d719a3,Golden Sails,Long Beach,4,2,500,default_small_club
53d41771,The Gate,Bakersfield,4,4,500,default_small_club
43d5676b,Church of Fun,Los Angeles,4,2,500,default_small_club
bd3b9d6,BarrelHouse Brewing Co.,Paso Robles,4,3,200,heuristic_bar
3d4818b,San Jose Rock Shop,San Jose,4,4,500,default_small_club
13d59529,Sonoma State University,Rohnert Park,4,4,500,default_small_club
13d591f9,Dirty Laundry,Los Angeles,4,4,500,default_small_club
3d3f9fb,SVN West,San Francisco,4,3,500,default_small_club
33d2a0d9,Zodiacs,Petaluma,4,3,500,default_small_club
7bd1fec4,Hard Rock Hotel & Casino Sacramento,Wheatland,4,4,500,default_small_club
5bd7ebc0,The Del Monte Townhouse,Venice,4,4,500,default_small_club
33d598d9,Odd Fellows Hall,Davis,4,4,800,heuristic_hall
3bd39c54,RIMAC Arena,La Jolla,4,4,12000,heuristic_arena
43d70377,Sandrini's,Bakersfield,4,4,500,default_small_club
43d2df43,Moss Theater,Santa Monica,4,4,1200,heuristic_theater
6bd29a6a,"",Lancaster,4,4,500,default_small_club
53d36331,Private Venue,Mill Valley,4,3,500,default_small_club
1bd5cd3c,Ohm Nightclub,Los Angeles,4,3,500,default_small_club
1bd64174,The Will Geer Theatricum Botanicum,Topanga,4,3,500,default_small_club
5bd07be4,Cal Coast Credit Union Amphitheater,San Diego,4,4,8000,heuristic_amphitheatre
53d53f31,Naked Lounge,Sacramento,4,2,300,heuristic_lounge
23d554b7,Moonshine Beach,San Diego,4,4,500,default_small_club
2bd06012,Beer City Studios,Los Angeles,4,1,500,default_small_club
6bd08a5e,Del Mar Fairgrounds Grandstand,Del Mar,4,4,8000,heuristic_fairgrounds
7bd3aa14,USS Hornet Museum,Alameda,4,4,500,default_small_club
73d23a21,Spectrum Amphitheatre,Bakersfield,4,4,8000,heuristic_amphitheatre
13d5a9b1,The Bistro,Hayward,4,4,500,default_small_club
63d20eff,A.C. Dysart Equestrian Center,Banning,4,4,500,default_small_club
53d3ebb9,Gerstle Park Neighborhood,San Rafael,4,3,500,default_small_club
13d2e1f5,Private Venue,Piedmont,4,3,500,default_small_club
73d29a41,"",Temecula,4,1,500,default_small_club
33d394ad,Osher Marin Jewish Community Center,San Rafael,4,4,500,default_small_club
3d20d1b,Shenanigans,South Gate,4,4,500,default_small_club
23d6d807,Table Mountain Casino,Friant,4,4,500,default_small_club
3d0e533,Twin Peaks Sessions,San Francisco,4,4,500,default_small_club
1bd03d54,Almost Famous Wine Company,Livermore,4,4,500,default_small_club
2bd2a0d2,Sausalito Cruising Club,Sausalito,4,4,500,default_small_club
2bd07026,Antique Gas & Steam Engine Museum,Vista,4,4,500,default_small_club
13d63d0d,Spin,San Diego,4,4,500,default_small_club
3d63d0f,War Memorial Opera House,San Francisco,4,3,500,default_small_club
53d62f0d,San Manuel Indian Bingo & Casino,Highland,4,4,500,default_small_club
1bd595f0,Lake Forest Sports Park and Recreation Center,Lake Forest,4,4,500,default_small_club
53d7f325,River Theater,Guerneville,4,2,1200,heuristic_theater
2bded0ba,Moe's Music,Ridgecrest,4,2,500,default_small_club
33d39011,Janet & Ray Scherr Forum Theatre,Thousand Oaks,4,4,12000,heuristic_arena
bd0798e,Little Saint,Healdsburg,4,4,500,default_small_club
3bd28830,La Cueva,El Monte,4,4,500,default_small_club
63d2bacb,Topa Topa Brewing Company,Santa Barbara,4,1,500,default_small_club
63d4665b,Red Poppy Arthouse,San Francisco,4,2,500,default_small_club
43d06b5f,Hueneme Beach Park,Port Hueneme,4,4,500,default_small_club
1bd76d68,Westfield Century City Mall,Los Angeles,4,4,500,default_small_club
43d79b03,Low End Theory,Los Angeles,4,4,500,default_small_club
63d06683,Laughing Monk Brewing,San Francisco,4,1,500,default_small_club
23d3586f,Rubidoux Drive-In Theatre,Riverside,4,3,1200,heuristic_theater
23d0ccff,Online Event,San Francisco,4,2,500,default_small_club
5bd38738,Sunspace,Shadow Hills,4,4,500,default_small_club
43d2535b,A Satellite of Love,San Luis Obispo,4,4,500,default_small_club
bd23d5a,The Laugh Factory,Los Angeles,4,2,500,default_small_club
1bd5c540,Booze Brothers Brewing Co.,Vista,4,3,500,default_small_club
4bd653d2,Woodward Park,Fresno,4,4,500,default_small_club
43d2ffd3,KALW Studios,San Francisco,4,2,500,default_small_club
43d65727,Cobb's Comedy Club,San Francisco,4,4,500,default_small_club
bd52d16,Blackhawk Plaza,Danville,4,4,1500,heuristic_plaza
1bd1e524,8253 Ronson Rd,San Diego,4,4,500,default_small_club
7bd39234,Rodney Strong Vineyards,Healdsburg,4,4,500,default_small_club
4bd123ca,The Resident,Los Angeles,4,4,500,default_small_club
1bd361d0,The Russ Room,Sacramento,3,2,500,default_small_club
1bd3ad74,La Maison Kabob,Fresno,3,3,500,default_small_club
7bd27610,Gadi's,Yucca Valley,3,3,500,default_small_club
73d3a645,The Fruit Yard Amphitheater,Modesto,3,3,8000,heuristic_amphitheatre
3d2b1cf,Chico Elks Lodge #423,Chico,3,1,500,default_small_club
53d39345,The Grove Theatre,Upland,3,3,1200,heuristic_theater
4bd21716,Hollywood Palladium Parking Lot,Los Angeles,3,3,500,default_small_club
7bd22684,Simple Pleasures Cafe,San Francisco,3,3,150,heuristic_cafe
2bd39c9a,Private Venue,Davis,3,3,500,default_small_club
3bd4d8e4,Hollywood Boulevard,Los Angeles,3,3,500,default_small_club
53d7e729,California Theatre of the Performing Arts,San Bernardino,3,2,1718,wikidata_sparql
6bd18286,Metallica HQ,San Rafael,3,1,500,default_small_club
3d0914f,Puma Road at Portola Plaza,Monterey,3,1,1500,heuristic_plaza
6bd2ee22,Loyola Marymount University,Los Angeles,3,3,500,default_small_club
53d247c5,Grand Ole BBQ Flinn Springs,El Cajon,3,1,500,default_small_club
3d295c7,"California State University, Fullerton",Fullerton,3,3,500,default_small_club
13d62165,University of Southern California,Los Angeles,3,3,500,default_small_club
63d3cea7,Private Venue,Fresno,3,3,500,default_small_club
73d4baa1,Venice Beach,Venice,3,3,500,default_small_club
23d2942b,Memorial Auditorium,Stanford,3,3,2500,heuristic_auditorium
6bd2aab2,Desert Empire,Ridgecrest,3,1,500,default_small_club
33d20491,Iron Springs,Fairfax,3,1,500,default_small_club
2bd39082,5 Towers on Universal CityWalk,Universal City,3,3,500,default_small_club
73d23aa1,Muckenthaler Cultural Center,Fullerton,3,3,500,default_small_club
2bd594a6,Courthouse Square,Redwood City,3,2,500,default_small_club
3bd398e8,Strawberry Meadows of College Park,Oxnard,3,3,500,default_small_club
33d3e871,Beats 1 Radio,Los Angeles,3,2,500,default_small_club
13d1a14d,Fiesta Hermosa,Hermosa Beach,3,2,500,default_small_club
1bd301c0,Private Venue,Orange County,3,3,500,default_small_club
6bd1865a,Bedford Winery,Los Alamos,3,1,500,default_small_club
33de6055,Berth 46,San Pedro,3,3,500,default_small_club
3d4c52f,1078 Gallery,Chico,3,3,500,default_small_club
23d5d807,The Improv,Brea,3,3,500,default_small_club
3d03dcb,Chewing Foil,Los Angeles,3,3,500,default_small_club
bd411e2,The Lash,Los Angeles,3,3,500,default_small_club
23d580db,Colusa Casino Resort,Colusa,3,2,500,default_small_club
7bd4e610,Gibson Showroom,Los Angeles,3,2,500,default_small_club
7bd44a04,Arcata Playhouse,Arcata,3,3,500,default_small_club
23d71007,The Conga Room,Los Angeles,3,3,500,default_small_club
33d2d085,Lot 1 Cafe,Los Angeles,3,3,150,heuristic_cafe
33d5c0d5,Liquor Outlet's Auburn Event Center,Auburn,3,2,500,default_small_club
4bd59382,The Lodge,Canyon Lake,3,3,500,default_small_club
bd4f5c6,Quarter Note Club,Sunnyvale,3,2,500,default_small_club
43d09f2f,Ruby's Nightclub,Oxnard,3,3,500,default_small_club
13d3e599,Palmetto Avenue,Pacifica,3,3,500,default_small_club
33d20059,Park Place at Washington,Richmond,3,2,500,default_small_club
23d270bf,South Pasadena Masonic Lodge,South Pasadena,3,3,500,default_small_club
3d7ddbf,The Methodist Church of Echo Park,Los Angeles,3,3,500,default_small_club
43d50bd3,Moe's Original BBQ,Tahoe City,3,3,500,default_small_club
33d358a9,Lucille's Smokehouse Bar-B-Que,Long Beach,3,1,200,heuristic_bar
3d2d5db,Santa's VIllage,Pasadena,3,3,500,default_small_club
3bd48004,Cafe Stritch,San Jose,3,3,150,heuristic_cafe
6bd05a1a,Epstein Family Amphitheater,La Jolla,3,3,8000,heuristic_amphitheatre
43d4df63,Fisherman's Wharf,San Francisco,3,1,500,default_small_club
5bd4a754,Sheraton-Universal Hotel,Los Angeles,3,1,500,default_small_club
63d302eb,Lumbar Yard,Mill Valley,3,1,500,default_small_club
63d27263,"Capistrano Concert Hall, Sacramento State School of Music",Sacramento,3,2,1500,heuristic_concert_hall
23d308cb,Private Venue,Santa Margarita,3,1,500,default_small_club
7bd58a58,Bayside Church,Roseville,3,3,500,default_small_club
1bd38d84,"University of California, Santa Cruz",Santa Cruz,3,2,500,default_small_club
23d26cef,Folktale Winery & Vineyards,Carmel-by-the-Sea,3,2,500,default_small_club
53d3a7d9,Sony Pictures Studios,Culver City,3,3,500,default_small_club
23d57803,Commerce Casino,Commerce,3,3,500,default_small_club
23d39cc7,Soper-Reese Community Theatre,Lakeport,3,3,1200,heuristic_theater
3d2113f,Healdsburg Plaza,Healdsburg,3,3,1500,heuristic_plaza
7bd5bef0,The Other Place,Modesto,3,3,500,default_small_club
7bd2f6c0,The Britisher,Lancaster,3,2,500,default_small_club
13de8901,Characterz Cafe and Coffee Roasterz,Pleasanton,3,3,150,heuristic_cafe
13d26d9d,No Name Bar,Sausalito,3,1,200,heuristic_bar
33d35c39,Collective 47,Apple Valley,3,3,500,default_small_club
13d035b1,Da Dank,Whittier,3,3,500,default_small_club
43d39fe7,Rafters Restaurant & Lounge,Mammoth Lakes,3,3,300,heuristic_lounge
3d5010b,Bell Arts Factory,Ventura,3,3,500,default_small_club
3bd1bc34,Rubycon Records & Tapes,Los Angeles,3,3,500,default_small_club
33d4502d,Katie Jakes,Covina,3,1,500,default_small_club
3bd0d4c8,Murphys Irish Pub,Murphys,3,2,200,heuristic_pub
2bd4981a,Swabbies,Sacramento,3,2,500,default_small_club
bd0310e,Yellow Door House Concert,Santa Ana,3,3,500,default_small_club
63d3aa77,The Sierra Lodge,Ontario,3,3,500,default_small_club
1bd58964,(the) Handbag Factory,Los Angeles,3,3,500,default_small_club
6bd2e276,Todos Santos Plaza,Concord,3,1,1500,heuristic_plaza
3bd39c64,Birch Aquarium at Scripps,La Jolla,3,3,500,default_small_club
6bd39e72,The Art Kamangar Center at The Merced Theatre,Merced,3,3,1200,heuristic_theater
1bd181e0,Auburn State Theatre,Auburn,3,3,1200,heuristic_theater
63de5653,The Lodge Barber Shop,Long Beach,3,3,200,heuristic_bar
23d6783f,Spike's,Rosemead,3,3,500,default_small_club
1bd171a0,UCSB Multicultural Center,University of California Santa Barbara Campus,3,3,500,default_small_club
6bd0d6fa,Bricks Rock Bar,Maywood,3,3,200,heuristic_bar
3bd43c24,Mack Sennett Stage,Los Angeles,3,3,500,default_small_club
33d204ed,Midnight Jack Brewing Company,Oceanside,3,3,500,default_small_club
4bd34f8a,social sanctuary,Los Angeles,3,1,500,default_small_club
43d7430b,Amoeba Music,Berkeley,3,3,500,default_small_club
13d54509,Westside Memorial Park,Tuolumne,3,3,500,default_small_club
1bd6d184,Downey Theatre,Downey,3,3,1200,heuristic_theater
2bd2bc5e,Southside Park,Sacramento,3,3,500,default_small_club
53d037c5,Crybaby,Oakland,3,3,500,default_small_club
1bd49dac,Casino Pauma,Pauma Valley,3,3,500,default_small_club
bd29146,"VMware, Inc",Palo Alto,3,3,500,default_small_club
3d47583,Tin Roof,San Diego,3,3,500,default_small_club
4bd57f3a,The Other Door,Los Angeles,3,3,500,default_small_club
bd729da,Dougherty Valley Performing Arts Center,San Ramon,3,3,500,default_small_club
5bd4e754,"",Compton,3,3,500,default_small_club
13d765fd,Paramount Ranch,Agoura Hills,3,3,500,default_small_club
73d182b5,Foothill College Appreciation Hall,Los Altos Hills,3,3,800,heuristic_hall
2bd054b6,Rebru Spirits,San Diego,3,3,500,default_small_club
53d7d7ad,Jambalaya,Arcata,3,3,500,default_small_club
2bd2743e,Linnaea's Cafe,San Luis Obispo,3,3,150,heuristic_cafe
53d537a9,Levi's Lounge,San Francisco,3,3,300,heuristic_lounge
73d4f605,Sunset Marquis Hotel,Los Angeles,3,3,500,default_small_club
3bd1f87c,Morgan-Wixson Theatre,Santa Monica,3,3,1200,heuristic_theater
5bd62f00,NBC Studios,Burbank,3,3,500,default_small_club
4bd20f32,Veterans Field,Galt,3,3,500,default_small_club
6bd39246,Whittier Center Theatre,Whittier,3,3,1200,heuristic_theater
3bd52ca0,Bullfrogs Bar & Grill,Kingsburg,3,3,200,heuristic_bar
bd2f10a,"Bovard Auditorium, University of Southern California",Los Angeles,3,2,2500,heuristic_auditorium
13d42d45,The Anchor,Fullerton,3,3,500,default_small_club
5bd43bb4,Pine Avenue,Long Beach,3,3,500,default_small_club
bd295d2,"Concert Bowl, Lake Mission Viejo",Mission Viejo,3,3,500,default_small_club
4bd5773e,Twin Pine Casino & Hotel,Middletown,3,2,500,default_small_club
53d393d9,The Events Center,Valley Center,3,3,500,default_small_club
33d29429,"KCSN Studio, Westfield Topanga",Los Angeles,3,3,500,default_small_club
6bd34e16,The Grange Hall,Los Olivos,3,3,800,heuristic_hall
5bd0571c,Corazón Performing Arts,Topanga Canyon,3,3,500,default_small_club
33d44421,Giggles Night Club,Glendale,3,3,500,default_small_club
13d20d15,Oxnard Beach Park,Oxnard,3,3,500,default_small_club
bd505f2,The Monkey House,Berkeley,3,3,500,default_small_club
7bd3cae8,Delucia Bar,Paramount,3,2,200,heuristic_bar
3bd614f4,Indie 103.1 Jonesy's Jukebox,Los Angeles,3,3,500,default_small_club
3bd28ce8,Goya Studios,Los Angeles,3,3,500,default_small_club
7bd3e204,Copper Blues,Brea,3,2,500,default_small_club
43d0133f,Lodi Farmer's Market,Lodi,3,1,500,default_small_club
53d77b39,San Jose Improv,San Jose,3,3,500,default_small_club
33d7e811,Sunset Sound Studio,Los Angeles,3,2,500,default_small_club
5bd02fa8,The Whiskey Barrel,Hesperia,3,3,200,heuristic_bar
63d4e2af,"",Antioch,3,3,500,default_small_club
73d20605,Colma Community Center,Colma,3,1,500,default_small_club
bd2754e,Tinhorn Flats,Burbank,3,1,500,default_small_club
53d0f361,Rojo's Tavern,South Lake Tahoe,3,3,250,heuristic_tavern
43d0531f,Vroman's Bookstore,Pasadena,3,3,500,default_small_club
1bd12184,The Barkley Restaurant and Bar,South Pasadena,3,3,200,heuristic_bar
13d75969,"",Santa Ana,3,3,500,default_small_club
4bd27b2e,Haight Street Art Center,San Francisco,3,3,500,default_small_club
43d34be7,HEAV3N,Los Angeles,3,1,500,default_small_club
63d56e97,Bear River Casino,Loleta,3,3,500,default_small_club
6bd4caa2,Roxy Dinner Theater Club,Los Angeles,3,3,1200,heuristic_theater
1bd741cc,Haight Street,San Francisco,3,3,500,default_small_club
1bd67928,Villa Montalvo,Saratoga,3,3,500,default_small_club
3d4d9cf,Boar Cross'n,Carlsbad,3,3,500,default_small_club
13d035cd,Lavender House Records,Vista,3,3,500,default_small_club
23d39033,Monte De Oro Winery,Temecula,3,3,500,default_small_club
53d67735,Vacation Vinyl,Los Angeles,3,3,500,default_small_club
5bd22ba8,Club Hydra,Long Beach,3,3,500,default_small_club
23d234af,Liquid Kitty,Los Angeles,3,3,500,default_small_club
3d08123,West Side Theatre,Newman,3,2,1200,heuristic_theater
7bd3c618,American Barbershop,Los Angeles,3,2,200,heuristic_bar
3bd2d874,The Mint Supperclub,Los Angeles,3,3,500,default_small_club
73d39a6d,Win-River Casino,Redding,3,3,500,default_small_club
43d473d7,Zipper Concert Hall at the Colburn School,Los Angeles,3,3,1500,heuristic_concert_hall
5bd3dbec,The Post at Rockwells,City of Villa Park,3,1,500,default_small_club
43d3bfe7,Sonny McLeans,West Hollywood,3,2,500,default_small_club
13d7e979,Old Western Saloon,Point Reyes Station,3,3,500,default_small_club
33d2048d,Avaya Stadium Grounds,San Jose,3,3,30000,heuristic_stadium
bd205e6,The Shops on the Lake,Pasadena,3,3,500,default_small_club
43d3f34b,The Alibi,Palm Springs,3,3,500,default_small_club
23d33c4b,Los Angeles Theatre,Los Angeles,3,3,2000,operator
53d2fb9d,Grand Annex,San Pedro,3,3,500,default_small_club
43d2afc3,Pioneer Park,Calistoga,3,1,500,default_small_club
2bd2048a,IntegriTea,Vallejo,3,3,500,default_small_club
23d17853,L.A. Forum,Inglewood,3,1,12000,heuristic_arena
63d29a7f,Dore Theatre,Bakersfield,3,1,1200,heuristic_theater
2bd2a4ae,Plaza Park,Ventura,3,3,1500,heuristic_plaza
43d7371f,El Capitan Theatre,Los Angeles,3,3,1100,wikidata_sparql
33d28825,Spacedust,Los Angeles,3,3,500,default_small_club
63d29243,Pike Restaurant and Bar,Long Beach,3,2,200,heuristic_bar
33d28405,The Dope Spot,Pomona,3,3,500,default_small_club
33d294e5,Good Times at Davey Wayne's,Los Angeles,3,2,500,default_small_club
5bd5ef60,Frank H. Ogawa Plaza,Oakland,3,3,1500,heuristic_plaza
4bd1bfda,Downtown Millbrae,Millbrae,3,2,500,default_small_club
bd3a5da,Smiley's Schooner Saloon & Hotel,Bolinas,3,3,500,default_small_club
13d71545,Warner Bros. Studios,Burbank,3,3,500,default_small_club
53d2a3fd,Mother Lode Fairgrounds,Sonora,3,3,8000,heuristic_fairgrounds
33d058d9,Surfers Point,Ventura,3,3,500,default_small_club
43d6d30b,Billboard,Los Angeles,3,3,500,default_small_club
33d2bc0d,PianoFight,San Francisco,3,3,500,default_small_club
3d3117f,CBR House,Los Angeles,3,3,500,default_small_club
33de4825,PCH Club,Long Beach,3,3,500,default_small_club
2bd04cc2,The Pad,Perris,3,3,500,default_small_club
3bd29464,KYSR-FM Studios,Burbank,3,3,500,default_small_club
bd4758e,South Coast Winery,Temecula,3,3,500,default_small_club
13d4c185,St. James Park,San Jose,3,3,500,default_small_club
53d06b9d,Mi California,Hawthorne,3,3,500,default_small_club
4bd0dbb2,Ojai Valley Woman's Club,Ojai,3,3,500,default_small_club
33d068b5,June Lake Jam Fest,June Lake,3,3,500,default_small_club
63d6121f,Oceanside Pier,San Diego,3,3,500,default_small_club
3d3953f,"University of California, Riverside",Riverside,3,3,500,default_small_club
2bd31c0e,Taco Zone/Vons Parking Lot,Echo Park,3,3,500,default_small_club
53d04321,Luckyduck Bicycle Cafe,Oakland,3,3,150,heuristic_cafe
73d29a2d,Aubergine Vintage Emporium & Cafe,Sebastopol,3,3,150,heuristic_cafe
3d2318b,Dildo Factory,Berkeley,3,3,500,default_small_club
73d0e691,Klein Family Field,Stockton,3,1,500,default_small_club
43d29bdb,Veterans Memorial Center,Davis,3,3,500,default_small_club
5bd483d0,Pearson Park Amphitheatre,Anaheim,3,1,8000,heuristic_amphitheatre
33d39439,"California Polytechnic State University, San Luis Obispo",San Luis Obispo,3,3,500,default_small_club
3d7810f,Firehouse Arts Center,Pleasanton,3,3,500,default_small_club
2bd22cfe,Brouwerij West,San Pedro,3,3,500,default_small_club
53d56b69,YouTube Space LA,Los Angeles,3,3,500,default_small_club
bd39906,Sweetwater Union High School,National City,3,3,500,default_small_club
1bd7553c,"",Santa Rosa,3,3,500,default_small_club
53d3b3e1,Riff Mountain,Fullerton,3,3,500,default_small_club
6bd48286,On The Y,Sacramento,3,3,500,default_small_club
53d29fe5,"",Sonoma,3,2,500,default_small_club
3d5d9f3,Schmidy's Tavern,Palm Desert,3,3,250,heuristic_tavern
4bd0f376,Paddy's Pub,San Jose,3,3,200,heuristic_pub
2bd5a8f6,Lido Theatre,Newport Beach,3,3,1200,heuristic_theater
3d52163,Loews Coronado Bay Resort,Coronado,3,3,500,default_small_club
33d05081,Pipeline Church,Visalia,3,3,500,default_small_club
5bd70f64,"",Santa Monica,3,3,500,default_small_club
1bd7e978,Mercury Lounge,Goleta,3,3,300,heuristic_lounge
5bd407cc,Town Square Park,Murrieta,3,1,500,default_small_club
3d3b59f,Halcyon,San Francisco,3,3,500,default_small_club
bd29d76,Santa Maria Fairpark,Santa Maria,3,3,500,default_small_club
1bd35de0,"Braun Music Center, Stanford University",Stanford,3,3,500,default_small_club
2bd7282e,YouTube Studios,Los Angeles,3,3,500,default_small_club
2bd3248e,American Legion Post 359,Norwalk,3,3,500,default_small_club
3d74d47,Ten Nightclub,Newport Beach,3,3,500,default_small_club
bd509be,David & Dorothea Garfield Theatre,La Jolla,3,3,1200,heuristic_theater
4bd5bf42,Pacific Beat Recordings,San Diego,3,3,500,default_small_club
63d74e5f,"",Dana Point,3,2,500,default_small_club
53d3a381,Martin Luther King Jr. Civic Center Park,Berkeley,3,3,500,default_small_club
5bd5974c,Bootleg HiFi,Los Angeles,3,1,500,default_small_club
73d05a85,The Slipper Clutch,Los Angeles,3,3,500,default_small_club
63d44a27,"",Alameda,3,2,500,default_small_club
bd2edee,VFW Post 6158,Fair Oaks,3,3,500,default_small_club
23d4108f,Agape International Spiritual Center,Culver City,3,1,500,default_small_club
1bd3a18c,Flynn's Cabaret & Steakhouse,Felton,3,3,500,default_small_club
33d07885,Steel Mill Coffee,Oceanside,3,3,100,heuristic_coffee
73d08eed,KROQ-FM Studios,Los Angeles,3,3,500,default_small_club
bd20962,The Roar Room,Glendale,3,3,500,default_small_club
23d520e7,Arcadia Blues Club,Arcadia,3,3,500,default_small_club
63d09e67,Windmill Cove Bar & Grill,Stockton,3,2,200,heuristic_bar
4bd7535a,West Hollywood Park,West Hollywood,3,3,500,default_small_club
73d52e2d,Tenants of the Trees,Los Angeles,3,3,500,default_small_club
5bd023b0,Gallagher Square,San Diego,3,3,500,default_small_club
1bd275ec,Station1640,Los Angeles,3,3,500,default_small_club
33d3e8cd,The Eagle,Los Angeles,3,2,500,default_small_club
4bd0e75a,Private Venue,Malibu,3,3,500,default_small_club
43d263cb,Palm Springs Cultural Center,Palm Springs,3,1,500,default_small_club
bd44976,Rabobank Theater,Bakersfield,3,3,1200,heuristic_theater
33d20cd1,Guitar Center West LA,Los Angeles,3,3,500,default_small_club
63d29a23,"",La Jolla,3,3,500,default_small_club
63d4aacf,AMPLYFi,Los Angeles,3,3,500,default_small_club
33d27089,Crenshaw Blvd,Los Angeles,3,3,500,default_small_club
13d1fd89,Harvelle's Long Beach,Long Beach,3,2,500,default_small_club
73d642b9,Fluxx,San Diego,3,2,500,default_small_club
33d72c99,L.A. LIVE Event Deck,Los Angeles,3,3,500,default_small_club
33d31c05,Paramount Theatre,Los Angeles,3,3,1200,heuristic_theater
63d29a6f,Lancaster Moose Lodge,Lancaster,3,3,500,default_small_club
53d2d3d9,Bird & Beckett,San Francisco,3,2,500,default_small_club
23d430f3,On Air with Ryan Seacrest,Los Angeles,3,3,500,default_small_club
bd331ca,Vega's Meat Market,Los Angeles,3,1,500,default_small_club
1bd5f9cc,Bird's Surf Shed,San Diego,3,1,500,default_small_club
1bd5a160,Watermarke Tower,Los Angeles,3,3,500,default_small_club
13d0f125,Chris’s New Harbor Bar,Belmont,3,1,200,heuristic_bar
7bd42670,The Maltese,Chico,3,3,500,default_small_club
2bd7989a,"",Fresno,3,3,500,default_small_club
5bd3dfec,Ace Hotel,Los Angeles,3,3,500,default_small_club
3bd67020,Vacaville Performing Arts Theatre,Vacaville,3,3,1200,heuristic_theater
3d19d87,Lucca Bar & Grill,Benicia,3,2,200,heuristic_bar
3d035b3,Volcom HQ,Costa Mesa,3,3,500,default_small_club
bd3f10e,Beach Park,San Rafael,3,1,500,default_small_club
bd2ad9a,Smoking Pig BBQ,Fremont,3,2,500,default_small_club
73d7b619,Frank's Place,Fresno,2,2,500,default_small_club
43de6be7,St. Michael's by-the-Sea Episcopal Church,Carlsbad,2,1,500,default_small_club
13d59d55,The Web,Stockton,2,2,500,default_small_club
5bd3b3e8,La Peña Cultural Center,Berkeley,2,2,500,default_small_club
1bd0812c,Strikes Unlimited,Rocklin,2,2,500,default_small_club
6bd626ea,Justin Herman Plaza,San Francisco,2,2,1500,heuristic_plaza
43d3d797,The Laundry,San Francisco,2,2,500,default_small_club
63d3be93,Hangar 24,Redlands,2,1,500,default_small_club
1bd21940,The Dresden,Los Angeles,2,2,500,default_small_club
13d3e55d,Lem HQ,Los Angeles,2,1,500,default_small_club
3d235f7,"",Simi Valley,2,2,500,default_small_club
13d2cde5,Magnolia Brewing Company,San Francisco,2,2,500,default_small_club
63d65ea7,Eagle Rock Center for the Arts,Los Angeles,2,2,500,default_small_club
6bd2aa36,Redwood Cafe,Cotati,2,2,150,heuristic_cafe
73d3f2bd,Topa Mountain Winery,Ojai,2,2,500,default_small_club
3d431e7,Civic Center Plaza,San Francisco,2,2,1500,heuristic_plaza
53d3e701,Cochran Club,Bell Gardens,2,2,500,default_small_club
2bd7ecf6,"",Concord,2,2,500,default_small_club
2bd204ca,Willits Community Center,Willits,2,2,500,default_small_club
43d27337,Deer Park Villa,Fairfax,2,1,500,default_small_club
3d595b7,The Shady Lady,Saratoga,2,2,500,default_small_club
13d511f5,Cathedral of Saint Vibiana,Los Angeles,2,2,500,default_small_club
13d21d31,M.i.'s Westside Comedy Theater,Santa Monica,2,1,1200,heuristic_theater
1bd77de0,"",Mission Viejo,2,2,500,default_small_club
33d3f455,St Alban's Episcopal Church,Albany,2,1,500,default_small_club
43d3a7df,Apple Campus,Cupertino,2,2,500,default_small_club
53d263f9,The Semi-Tropic,Los Angeles,2,2,500,default_small_club
63d3ba1f,Castle Rock Restaurant,Livermore,2,1,500,default_small_club
13d5e549,Studio Number One,Los Angeles,2,2,500,default_small_club
33d1e831,Pickwick Gardens,Burbank,2,2,500,heuristic_garden
63d4829f,Harbor Festival,Morro Bay,2,2,500,default_small_club
53d4fbdd,Red Hawk Casino,Placerville,2,1,500,default_small_club
bd52166,Wild 'n Out,Los Angeles,2,2,500,default_small_club
3bd7d008,KFJC-FM studio,Los Altos Hills,2,2,500,default_small_club
4bd3a78e,The Pavilion at ARC,Davis,2,2,6000,heuristic_pavilion
53d39f31,Livermore Valley Performing Arts Center,Livermore,2,2,500,default_small_club
6bd43aaa,The Tavis Smiley Show,Los Angeles,2,2,500,default_small_club
13d3c549,Winters Tavern Motherlode Grill,Sonora,2,2,250,heuristic_tavern
7bd1eaa4,Living Hope Church,Brea,2,2,500,default_small_club
1bd2d918,Calvary Church of Santa Ana,Santa Ana,2,2,500,default_small_club
73d3aa9d,Eureka Municipal Auditorium,Eureka,2,2,2500,heuristic_auditorium
53d22fad,Landers Brew Co.,Landers,2,2,500,default_small_club
bd2a106,De Oro Mine Co,Spring Valley,2,2,500,default_small_club
23d3acfb,Uncle John's Camp,Willits,2,1,500,default_small_club
1bd0c18c,The Harp Inn,Costa Mesa,2,1,500,default_small_club
6bde967e,Hotel Nikko,San Francisco,2,1,500,default_small_club
5bd25758,Golden Hill Park,San Diego,2,1,500,default_small_club
33d47cf9,SoundBite Studios,Los Angeles,2,2,500,default_small_club
63d2becb,The Viaduct,Los Angeles,2,2,500,default_small_club
6bd20602,Elks Lodge,San Rafael,2,1,500,default_small_club
3bde1cb4,The Copa Room,Palm Springs,2,2,500,default_small_club
33d7fcc9,Lighthouse Christian Nite Club,San Francisco,2,1,500,default_small_club
53d22ff9,McEvoy Foundation for the Arts,San Francisco,2,2,500,default_small_club
bd469e2,Chico Women's Club,Chico,2,2,500,default_small_club
13d411e1,The Well,Los Angeles,2,2,500,default_small_club
1bd3953c,Sutter Home Winery,Saint Helena,2,2,500,default_small_club
1bd6c9c4,Orpheum Theatre,San Francisco,2,2,2203,wikidata_sparql
3d5a9b3,Frog & Peach Pub,San Luis Obispo,2,1,200,heuristic_pub
7bd3d230,Jeremy Rubin's Backyard,San Francisco,2,2,500,default_small_club
bd47de6,"",Gardena,2,2,500,default_small_club
33d4f4a5,El Faces Nightclub,Sacramento,2,2,500,default_small_club
6bd33ac2,La-La Land Gallery,Los Angeles,2,2,500,default_small_club
4bd5c37a,Park Bar & Grill,Burbank,2,2,200,heuristic_bar
63d05ec7,Temescal Art Center,Oakland,2,2,500,default_small_club
bd1258a,Malone's Grill,Scotts Valley,2,2,500,default_small_club
43d3b3e3,Independent Brewing Company,Oakland,2,2,500,default_small_club
bdedd52,Mullet Death HQ,San Rafael,2,2,500,default_small_club
73d5de0d,Seven Grand,San Diego,2,2,500,default_small_club
23d55cbf,First Baptist Church,Merced,2,2,500,default_small_club
5bd29be0,Commons Beach,Tahoe City,2,2,500,default_small_club
6bd182c6,Grand Oak Ballroom,Jackson,2,1,1200,heuristic_ballroom
13d75909,Preservation Hall West at The Chapel,San Francisco,2,2,800,heuristic_hall
3bd36080,JBC HQ,Vernon,2,1,500,default_small_club
3d4dd0f,The District Lounge,Orange,2,2,300,heuristic_lounge
5bd23368,Beatnik Bandito Music Emporium,Santa Ana,2,1,500,default_small_club
33d3a0a1,Central Library,Huntington Beach,2,2,500,default_small_club
73d0e2b9,Frandy Park Campground,Kernville,2,2,500,default_small_club
13d3f955,Surf Dog's Sports Grill,Huntington Beach,2,2,500,default_small_club
4bd56f9a,Drifters Cocktails,Santa Clarita,2,2,500,default_small_club
6bd522ae,Veterans Memorial Park,Culver City,2,1,500,default_small_club
2bd55876,Leonardo's Night Club,Huntington Park,2,1,500,default_small_club
bd7793e,Sonos Studio,Los Angeles,2,2,500,default_small_club
43d28f07,Skip Gibson's BBQ,San Luis Obispo,2,2,500,default_small_club
13d3996d,The Fruit Yard,Modesto,2,2,500,default_small_club
1bd67dc4,San Francisco Conservatory of Music,San Francisco,2,1,500,default_small_club
4bd57766,Camarillo Community Church,Camarillo,2,2,500,default_small_club
6bd53e32,Frogee's Cocktail,Apple Valley,2,2,500,default_small_club
33d26899,The Shire Community Space,Modesto,2,2,500,default_small_club
53d2a395,Dr Martens Store,Los Angeles,2,2,500,default_small_club
43d277f7,Private Venue,Aptos,2,2,500,default_small_club
5bd057c0,Central Park,Rancho Santa Margarita,2,2,500,default_small_club
23d3589b,Don's String Shop,Los Osos,2,1,500,default_small_club
2bd76c8e,Marin Humane Society,Novato,2,1,500,default_small_club
7bd58a38,Atom Factory,Culver City,2,2,500,default_small_club
5bd4bb44,Cafe Coda,Chico,2,2,150,heuristic_cafe
23d39807,Oroville Veterans Memorial Hall,Oroville,2,1,800,heuristic_hall
53d273c9,The 4 Cats Cafe & Gallery,San Luis Obispo,2,2,150,heuristic_cafe
4bd4af66,Milk Studios,Los Angeles,2,2,500,default_small_club
3bd3a0bc,Hermosa Beach Municipal Pier,Hermosa Beach,2,2,500,default_small_club
63d0faa7,Folsom Hotel Saloon,Folsom,2,2,500,default_small_club
43d4eb9b,"",Napa,2,2,500,default_small_club
73d2a2d5,San Joaquin County Fairgrounds,Stockton,2,2,8000,heuristic_fairgrounds
6bd3ea2a,Surf Ranch,Lemoore,2,2,500,default_small_club
5bd5e7e4,La Movida,Salinas,2,2,500,default_small_club
33d6d049,Salinas Sports Complex,Salinas,2,2,500,default_small_club
53d3a309,The Rendezvous,Chico,2,2,500,default_small_club
7bd062dc,The Church House,Santa Cruz,2,2,500,default_small_club
2bd004fe,UC Davis Botanical Conservatory,Davis,2,1,500,default_small_club
4bd35b6e,Kiss Kiss Bang Bang,Los Angeles,2,2,500,default_small_club
33d25c0d,Oakmont Village,Santa Rosa,2,1,500,default_small_club
23d1548f,MBS Media Campus,Manhattan Beach,2,2,500,default_small_club
4bd5e7ba,Nothing But A Nightmare Shop,Garden Grove,2,2,500,default_small_club
1bd5f9c8,41 Ocean Club,Santa Monica,2,2,500,default_small_club
4bd7df66,Howl at the Moon,Universal City,2,2,500,default_small_club
3bd1cc5c,The New Scotland Yard Pub,Los Angeles,2,2,200,heuristic_pub
bd34996,Private Venue,Marin County,2,2,500,default_small_club
43d37343,Blackwater Cafe,Stockton,2,2,150,heuristic_cafe
43d60f87,Stramler Park,Bakersfield,2,2,500,default_small_club
6bd4cace,Shamrock's Grill & Pub,Chino Hills,2,2,200,heuristic_pub
2bd1f4ae,Private Venue,Saratoga,2,2,500,default_small_club
53d49751,10th Avenue Theatre,San Diego,2,2,1200,heuristic_theater
6bd306f2,Private Venue,Palm Springs,2,2,500,default_small_club
7bd7f200,Hard Rock Cafe,Los Angeles,2,2,150,heuristic_cafe
33d76c89,El Dorado Hills Town Center,El Dorado Hills,2,1,500,default_small_club
6bd0221e,Private Venue,Stockton,2,2,500,default_small_club
53d197a5,SLO Grange Hall,San Luis Obispo,2,2,800,heuristic_hall
7bd5a254,Danielle's House,Colton,2,2,500,default_small_club
7bd2521c,The Riptide,San Francisco,2,2,500,default_small_club
13d079f5,Gilmore Music,Long Beach,2,2,500,default_small_club
3bd31070,Private Venue,Sunnyvale,2,1,500,default_small_club
1bd311e8,Private Venue,Martinez,2,1,500,default_small_club
73d5caf5,The Pocket,Santa Cruz,2,1,500,default_small_club
5bd01350,Koe's Bar,Stockton,2,1,200,heuristic_bar
13d195bd,Sham Rock Pop Up Shop,Los Angeles,2,1,500,default_small_club
13d3a515,S. Mark Taper Foundation Amphitheatre,Beverly Hills,2,1,8000,heuristic_amphitheatre
bd4819a,Think Tank Gallery,Los Angeles,2,2,500,default_small_club
53d49331,Fitzgeralds,Huntington Beach,2,2,500,default_small_club
5bd72b70,The Hive,Los Angeles,2,1,500,default_small_club
1bd595a8,"Delta Room, House of Blues",San Diego,2,2,500,default_small_club
3d04177,Norwegian Jewel - Stardust Theater,Los Angeles,2,1,1200,heuristic_theater
3bd0acf4,Norman's Rare Guitars,Los Angeles,2,2,500,default_small_club
23d6d4a3,The Three Clubs,Los Angeles,2,2,500,default_small_club
3d3b1db,The Reel Fish Shop & Grill,Sonoma,2,1,500,default_small_club
63d47a2b,Pepperdine University,Malibu,2,2,500,default_small_club
4bd3b7b2,Content Partners,San Diego,2,2,500,default_small_club
bd51dfe,BBC Radio 1's Live Lounge,Los Angeles,2,2,300,heuristic_lounge
1bd7fdd8,Ricardo Montalban Theatre,Los Angeles,2,2,1200,heuristic_theater
73d0267d,Humdinger Brewing,Arroyo Grande,2,2,500,default_small_club
63d03ad3,Tiny Desk (Home),Los Angeles,2,2,500,default_small_club
3bd23804,Navajo Live,San Diego,2,2,500,default_small_club
53d4eb9d,"Salt Creek Beach Tent, Ritz Carlton",Laguna Niguel,2,2,500,default_small_club
4bd0db2e,Ebell Club of Santa Ana,Santa Ana,2,2,500,default_small_club
1bd44d2c,The Record Parlour,Los Angeles,2,2,500,default_small_club
4bd0f36e,Water Wheel Saloon,Columbia,2,1,500,default_small_club
73d06241,Capos,Gilroy,2,2,500,default_small_club
7bd06a8c,The Grape,Ventura,2,2,500,default_small_club
23d718b3,Caspar Inn,Caspar,2,1,500,default_small_club
63d3be8b,Decades Bar and Grill,Anaheim,2,2,200,heuristic_bar
5bd39b34,Pauma Pavilion,Pauma Valley,2,2,6000,heuristic_pavilion
53d0dbbd,The Green Room Social Club,Placerville,2,2,500,default_small_club
73d3564d,SOS Booking & Production,Los Angeles,2,2,500,default_small_club
33d44c85,"",San Juan Capistrano,2,2,500,default_small_club
1bd095b0,The Den Cafe,Santa Ana,2,1,150,heuristic_cafe
73d05a51,Private Venue,East Los Angeles,2,2,500,default_small_club
1bd1352c,Third Window Brewing Co.,Santa Barbara,2,1,500,default_small_club
53d5a349,Euphoria Hookah Lounge,Santa Barbara,2,2,300,heuristic_lounge
2bd0649a,Spa Montage Healdsburg,Healdsburg,2,1,500,default_small_club
6bd5be3e,Hurley Studios,Costa Mesa,2,2,500,default_small_club
4bd5db9a,Haugh Performing Arts Center,Glendora,2,2,500,default_small_club
4bd39fce,Tamalpais Research Institute,San Rafael,2,2,500,default_small_club
7bd24a78,Deco Lounge,Napa,2,1,300,heuristic_lounge
23d658af,Vibiana,Los Angeles,2,2,500,default_small_club
53d0cfc9,Henson Recording Studios,Los Angeles,2,2,500,default_small_club
2bd5804e,Castaic Lake State Recreation Area,Castaic,2,2,500,default_small_club
73d0565d,Third Street Tavern,Highland,2,2,250,heuristic_tavern
3d45113,Mission Valley YMCA Skatepark,San Diego,2,2,500,default_small_club
23d26c27,Tamalpais High School,Mill Valley,2,1,500,default_small_club
4bd6530e,LA Center Studios,Los Angeles,2,2,500,default_small_club
13de95b1,E. Claire Raley Studios for the Performing Arts,Sacramento,2,1,500,default_small_club
53d39319,Six Flags Magic Mountain,Santa Clarita,2,2,500,default_small_club
33d3e419,"",Orangevale,2,2,500,default_small_club
63d1a21b,Old Town Blues Club,Temecula,2,1,500,default_small_club
43d01323,Rosa's at Tower Park,Lodi,2,1,500,default_small_club
7bd576cc,Richard's Goat,Arcata,2,2,500,default_small_club
43d3d7f7,Elinor,Long Beach,2,2,500,default_small_club
53d43f31,The Workshop,Ceres,2,2,500,default_small_club
73d15e59,Auburn Odd Fellows Lodge,Auburn,2,2,500,default_small_club
1bd5b544,Oshman Family Jewish Community Center,Palo Alto,2,2,500,default_small_club
53d60f71,Lower Sproul Plaza,Berkeley,2,2,1500,heuristic_plaza
5bd577a4,Golden Gate Park Polo Field,San Francisco,2,2,500,default_small_club
bd13556,Cascade Lounge,Palm Springs,2,2,300,heuristic_lounge
5bd20b1c,Parq Restaurant & Nightclub,San Diego,2,2,500,default_small_club
13d05529,UCSF Mission Bay,San Francisco,2,2,500,default_small_club
2bd284aa,Harold Lloyd Estate,Beverly Hills,2,2,500,default_small_club
33d10471,Rock & Roll Pizza at Harley's Valley Bowl,Simi Valley,2,2,500,default_small_club
7bd7aa00,Santa Clara University,Santa Clara,2,2,500,default_small_club
7bd0f634,Lytton Plaza,Palo Alto,2,2,1500,heuristic_plaza
23d358af,Lucille's Smokehouse Bar-B-Que,Tustin,2,1,200,heuristic_bar
73d042d5,Drinx Bar & Grill,Lakeport,2,2,200,heuristic_bar
3d09d97,Beach City Music,Inglewood,2,2,500,default_small_club
1bd3e504,Flamingo Resort,Santa Rosa,2,2,500,default_small_club
43d60b0b,California Plaza,Los Angeles,2,2,1500,heuristic_plaza
1bd0659c,Hotel Ziggy,West Hollywood,2,2,500,default_small_club
73d57221,Private Venue,Mount Baldy,2,1,500,default_small_club
43d3831f,The Woods at Mammoth Lakes,Mammoth Lakes,2,2,500,default_small_club
bd7158e,Grace Cathedral,San Francisco,2,2,500,default_small_club
5bd27bfc,The Loma Club,San Diego,2,2,500,default_small_club
63d4e2bf,"",Ventura,2,2,500,default_small_club
2bd3bc86,Mal's Bar,Los Angeles,2,2,200,heuristic_bar
53d39b35,Manny's Pizza & Grill,Paso Robles,2,2,500,default_small_club
3bd218b0,The Mission Church,Carlsbad,2,2,500,default_small_club
53d06745,Victory Park,Pasadena,2,1,500,default_small_club
3d3a57b,The Tip Top Club and Bar,Eureka,2,2,200,heuristic_bar
7bd272d4,Idol Beer Works,Lodi,2,2,500,default_small_club
1bd5d558,Constellation,San Diego,2,2,500,default_small_club
43d057d7,Coco Beach Presents,Long Beach,2,2,500,default_small_club
bd095b6,Sagebrush Cantina,Calabasas,2,2,500,default_small_club
73d2f6b1,"California State University, Chico",Chico,2,2,500,default_small_club
bd7399a,Fox Theater,Salinas,2,2,1200,heuristic_theater
63d39a9f,The University Commons,Rohnert Park,2,2,500,default_small_club
33d22cfd,Art House Gallery & Cultural Center,Berkeley,2,1,500,default_small_club
5bd2b3b4,Luau and Legends of Suring,San Diego,2,1,500,default_small_club
bd2b95e,The Press,Claremont,2,2,500,default_small_club
3d0f5f7,Dignity Health Amphitheatre,Bakersfield,2,2,8000,heuristic_amphitheatre
3d4ed5f,Memorial Park,Hayward,2,2,500,default_small_club
63d07257,Ribald Brewing,Nevada City,2,2,500,default_small_club
73d2cab9,White Horse Bar,Oakland,2,2,200,heuristic_bar
63d29ae7,"",Carlsbad,2,2,500,default_small_club
33d54841,Grand Performance Program,Los Angeles,2,2,500,default_small_club
63d226bf,Berryessa Brewing Company,Winters,2,2,500,default_small_club
33d2249d,"",Gilroy,2,1,500,default_small_club
43d56fd3,Sun City Roseville,Roseville,2,1,500,default_small_club
13de59f9,Los Angeles City Hall,Los Angeles,2,2,800,heuristic_hall
23d2049f,San Geronimo Valley Community Center,San Geronimo,2,2,500,default_small_club
13d0f1dd,Ontario Improv,Ontario,2,2,500,default_small_club
63d0e2a3,SoundBites With Aaron Seifert,Los Angeles,2,2,500,default_small_club
33d0ccdd,The Gas Lamp,Long Beach,2,2,500,default_small_club
73d41665,Swing House Studios,Los Angeles,2,2,500,default_small_club
13d21965,Laveta Stage,Los Angeles,2,2,500,default_small_club
3bd394ac,Forest Meadows Amphitheatre,San Rafael,2,1,8000,heuristic_amphitheatre
1bd6c1f8,Playboy Mansion,Los Angeles,2,1,500,default_small_club
23d7144f,Santa Anita Park,Arcadia,2,2,500,default_small_club
73d29ad9,Irvine Bowl Park,Laguna Beach,2,2,500,default_small_club
5bd63324,Gene Autry Museum,Los Angeles,2,2,500,default_small_club
43d657c3,"",Pasadena,2,2,500,default_small_club
2bd2005e,The Legionnaire Salon,Oakland,2,2,500,default_small_club
63d0e63f,Private Venue,San Luis Obispo,2,2,500,default_small_club
6bd5926e,Rancho Simi Community Park,Simi Valley,2,2,500,default_small_club
3d3f5cb,Burger Records,Fullerton,2,2,500,default_small_club
73d39681,Sebastopol Community Cultural Center,Sebastopol,2,2,500,default_small_club
5bd39fe4,The Village Lodge at Mammoth,Mammoth Lakes,2,2,500,default_small_club
bd3b95e,Silver Sprocket Bicycle Club,San Francisco,2,2,500,default_small_club
3bd784c4,The Saddle Rack,Fremont,2,2,500,default_small_club
23d3b453,All Saints Church,Pasadena,2,1,500,default_small_club
bd66d1a,Heat Ultra Lounge,Anaheim,2,2,300,heuristic_lounge
73d48ed9,The Cinefamily,Los Angeles,2,2,500,default_small_club
4bd39bf6,Beckman Auditorium,Pasadena,2,2,2500,heuristic_auditorium
43d2672f,Palihouse West,West Hollywood,2,2,500,default_small_club
bd325ae,Brooks Bar,Riverside,2,1,200,heuristic_bar
13d1751d,SacYard Community Tap House,Sacramento,2,1,500,default_small_club
2bd120ce,The Ranch,Tiburon,2,2,500,default_small_club
43d0cb03,Tromaville,Los Angeles,2,2,500,default_small_club
43d52753,Rooftop of Courtyard Marriott,Long Beach,2,2,500,default_small_club
53d0cb15,Dead Eye Studios,Los Angeles,2,2,500,default_small_club
33d0f419,Roxx On Main,Martinez,2,2,500,default_small_club
43d39383,Yuba College Theater,Marysville,2,1,1200,heuristic_theater
23d0580b,Liquid Zoo,Los Angeles,2,2,500,default_small_club
1bd5917c,Mal's Cafe,Los Angeles,2,1,150,heuristic_cafe
5bd1e380,Scary Pockets HQ,Los Angeles,2,1,500,default_small_club
73d496f1,Cheetahs,Los Angeles,2,2,500,default_small_club
7bd75a20,Cowell Theater,San Francisco,2,2,1200,heuristic_theater
1bd58db0,Lux Art Institute,Encinitas,2,2,500,default_small_club
33d51445,Lost Sierra Hoedown,Johnsville,2,1,500,default_small_club
2bd660b6,The Packinghouse,Redlands,2,2,500,default_small_club
6bd7a6f2,Java Joe's,San Diego,2,2,500,default_small_club
4bd437ca,Theatre DeVille,Vacaville,2,2,1200,heuristic_theater
73d74ee9,Pauley Ballroom,Berkeley,2,2,1200,heuristic_ballroom
73d44a59,Jackson Hall,Davis,2,2,800,heuristic_hall
7bd3ee70,Kimpton La Peer Hotel,West Hollywood,2,2,500,default_small_club
3bd0e818,Stillwater Spirits & Sounds,Dana Point,2,2,500,default_small_club
1bd07940,Shoreline Podium,Mountain View,2,2,500,default_small_club
1bd29544,Clifton's Cafeteria,Los Angeles,2,2,150,heuristic_cafe
13d3c941,La Jolla Music Society,La Jolla,2,1,500,default_small_club
3bd67c60,"",Pomona,2,2,500,default_small_club
53d45349,Legend Records,San Diego,2,2,500,default_small_club
43d7f337,Downtown Modesto,Modesto,2,2,500,default_small_club
23d5bc2f,Federal Underground,Long Beach,2,2,500,default_small_club
43d3efe3,Wang's Of The Desert,Palm Springs,2,2,500,default_small_club
4bd5db82,Bobby D's Cocktail Lounge and Sports Bar,Redwood City,2,2,300,heuristic_lounge
4bd36fae,Festival of the Arts Ground,Laguna Beach,2,2,500,default_small_club
23d5a083,Fenix,San Rafael,2,2,500,default_small_club
1bdf89e8,Breakfast Culture Club,Santa Barbara,2,1,500,default_small_club
3bd294a8,"Music Stage, Downtown Walnut Creek",Walnut Creek,2,2,500,default_small_club
13d139d1,McNally's Irish Pub,Oakland,2,1,200,heuristic_pub
73de92d9,Greenway Court Theatre,Los Angeles,2,2,1200,heuristic_theater
5bd3ab8c,Lucie Stern Community Center,Palo Alto,2,2,500,default_small_club
73d61a59,KIIS FM,Los Angeles,2,2,500,default_small_club
1bd3c1a0,Petaluma Women's Club,Petaluma,2,2,500,default_small_club
bd39912,Modesto Centre Plaza,Modesto,2,2,1500,heuristic_plaza
1bd5d1f8,The Standing Room,Hermosa Beach,2,2,500,default_small_club
73d29af9,"Price Center, University of California, San Diego",La Jolla,2,2,500,default_small_club
63d24e1f,Alex Thomas Plaza,Ukiah,2,1,1500,heuristic_plaza
5bd3d32c,BMG Offices,Los Angeles,2,2,500,default_small_club
3d6cddf,Das Bunker,Los Angeles,2,2,500,default_small_club
63d05ebb,Oddball Film & Video,San Francisco,2,2,500,default_small_club
4bd4cfee,"",Mill Valley,2,2,500,default_small_club
63d7f653,Chinatown Youth Center,Fresno,2,2,500,default_small_club
7bd05ea8,Mosswood Chapel,Oakland,2,2,500,default_small_club
6bd736fa,"",Arcata,2,2,500,default_small_club
1bd2a530,Landers Brew,Landers,2,2,500,default_small_club
3d27da7,Iron Springs Public House,San Rafael,2,1,200,heuristic_pub
13d76d7d,Geffen Playhouse,Los Angeles,2,1,500,default_small_club
1bd3d118,Marriott Suites Crystal Ballroom,Garden Grove,2,2,1200,heuristic_ballroom
1bd2a5ac,Paradise Airport,Paradise,2,1,500,default_small_club
53d3bb69,Rava Wines + Events,Paso Robles,2,1,500,default_small_club
7bd7cafc,Casey's Irish Pub,Los Angeles,2,1,200,heuristic_pub
bd0c1e6,Big Mama's Rib Shack,Pasadena,2,2,500,default_small_club
2bd3687e,StageIt.com Studios,Los Angeles,2,2,500,default_small_club
53d2aba5,Boy Band,Los Angeles,2,2,500,default_small_club
3d6d943,Natural History Museum of Los Angeles,Los Angeles,2,2,500,default_small_club
63d0c6fb,Lucky Strike Live,Los Angeles,2,2,500,default_small_club
33d35899,Hong Kong Inn,Ventura,2,2,500,default_small_club
53d61ba9,Bar Pink,San Diego,2,2,200,heuristic_bar
73d04e55,Genius,Los Angeles,2,2,500,default_small_club
23d3948f,Catalina Casino,Avalon,2,2,500,default_small_club
3d39117,The Bancroft Bar,Spring Valley,2,2,200,heuristic_bar
3d30dd7,Holiday,Costa Mesa,2,2,500,default_small_club
7bd00e30,Giant Rock,Joshua Tree,2,2,500,default_small_club
5bd64b94,Sol Collective,Sacramento,2,2,500,default_small_club
2bd1207a,Highpoint Brewing Company,San Dimas,2,2,500,default_small_club
23d5c4a7,The Hub,Colton,2,2,500,default_small_club
4bd097d6,Oscar's,Palm Springs,2,2,500,default_small_club
7bd29a04,"University of California, San Diego",San Diego,2,2,500,default_small_club
73d136a1,Protector Brewery,San Diego,2,2,500,default_small_club
43d237d3,Vans HQ,Costa Mesa,2,2,500,default_small_club
1bd0ed94,Huntington City Beach,Huntington Beach,2,2,500,default_small_club
5bd3bb90,Akbar,Los Angeles,2,2,500,default_small_club
7bd066b8,Trione Vineyards and Winery,Geyserville,2,1,500,default_small_club
2bd2f032,PGA West Driving Range,La Quinta,2,2,500,default_small_club
23d05893,Crosscity Christian Church,Fresno,2,2,500,default_small_club
3bd1fc2c,The dA Center for the Arts,Pomona,2,2,500,default_small_club
73d57629,Central Park,Davis,2,2,500,default_small_club
3bd36410,AWOLNATION Home Studio,Santa Barbara,2,1,500,default_small_club
73d0d699,Malainey's Grill,Long Beach,2,2,500,default_small_club
43d277d3,Private Venue,Lakeside,2,2,500,default_small_club
bd60dd6,"",Redlands,2,2,500,default_small_club
73d0b2dd,The Broadway Club,Walnut Creek,2,2,500,default_small_club
bde810a,The Forum,Inglewood,2,2,12000,heuristic_arena
bd34936,CVLT Nation,Los Angeles,2,2,500,default_small_club
53d0035d,Leo J. Ryan Park,Foster City,2,2,500,default_small_club
5bd013c8,220 W Gutierrez St.,Santa Barbara,2,2,500,default_small_club
63d2c273,The Plunge at Sierra Meadows,Ahwahnee,2,2,500,default_small_club
33d35ca5,The York Manor,Los Angeles,2,2,500,default_small_club
53d59bf1,Channel 933 Studios,San Diego,2,2,500,default_small_club
13d37121,The Doll Hut,Anaheim,2,2,500,default_small_club
33d5c419,Palm Desert Marriott,Palm Desert,2,2,500,default_small_club
43d097a3,The Getty,Los Angeles,2,2,500,default_small_club
13d64151,Ports O' Call Village,San Pedro,2,2,500,default_small_club
13d779e9,Tribal Cafe,Los Angeles,2,2,150,heuristic_cafe
bd5c99a,"The Venetian Room, Fairmont Hotel",San Francisco,2,2,500,default_small_club
43d31b17,Private Venue,Glendale,2,2,500,default_small_club
6bd5bea6,"Fifth Avenue Side Stage, House of Blues",San Diego,2,2,500,default_small_club
1bd0d168,Footsies,Los Angeles,2,2,500,default_small_club
43d5bf83,Clash City Studios,Riverside,2,2,500,default_small_club
7bd32af4,The Lost Church Santa Rosa,Santa Rosa,2,2,500,default_small_club
3bd580ec,Pier 39,San Francisco,2,2,500,default_small_club
73d77e4d,Newport Dunes Waterfront Resort & Marina,Newport Beach,2,2,500,default_small_club
13d39d25,Audie’s Olympic Tavern,Fresno,2,2,250,heuristic_tavern
13d11da9,The Lab,Hawthorne,2,2,500,default_small_club
3bd7a848,Meltdown Comics & Collectibles,Los Angeles,2,2,500,default_small_club
bd6c54a,Burbank Hilton,Burbank,2,2,500,default_small_club
3bd5c4d8,Far West Fest,Point Reyes Station,2,2,500,default_small_club
23d064a7,Hubba Wines,Paso Robles,2,2,500,default_small_club
4bd5fb22,Clark Center for the Performing Arts,Arroyo Grande,2,2,500,default_small_club
6bd222ae,Woodlands Hills Country Club,Los Angeles,2,1,500,default_small_club
5bd29be4,Earle Baum Center,Santa Rosa,2,2,500,default_small_club
6bd20e22,VFW Post 3197,Baldwin Park,2,2,500,default_small_club
5bd0cbe4,Area 51,Vernon,2,2,500,default_small_club
63d59e07,Espacio 1839,Boyle Heights,2,2,500,default_small_club
63d21267,The Veranda,Concord,2,1,500,default_small_club
2bd2085e,Red Cove,Ventura,2,2,500,default_small_club
5bd48b3c,Downtown Sand City,Sand City,2,2,500,default_small_club
23d22483,El Rincon Mexicano,Santa Ana,2,2,500,default_small_club
5bd3a35c,Pasadena Presbyterian Church,Pasadena,2,2,500,default_small_club
23d178fb,Bar Fluxus,San Francisco,2,2,200,heuristic_bar
23d59c23,The Epic Lounge,Downey,2,2,300,heuristic_lounge
43d387f7,Canals,Venice,2,2,500,default_small_club
bd0a9c2,Cuz’s Sportsmans Club,Seaside,2,2,500,default_small_club
5bd20b50,Phaser Control Recording Studio,San Diego,2,2,500,default_small_club
33de8c79,El Ray Theatre,Chico,2,1,1200,heuristic_theater
73d212e5,Hammer Theatre,San Jose,2,2,1200,heuristic_theater
53d27f1d,No Name,Los Angeles,2,2,500,default_small_club
13d39149,"California State University, Sacramento",Sacramento,2,2,500,default_small_club
3d299ef,Slap Face Coffee & Tea,Fremont,2,1,100,heuristic_coffee
63d23673,The World Stage,Los Angeles,2,2,500,default_small_club
73d24e79,El Verano Inn,Sonoma,2,2,500,default_small_club
4bd3275a,Vampire Lounge & Tasting Room,Beverly Hills,2,2,300,heuristic_lounge
1bd29d5c,Pop Obscure Records and Art Gallery,Los Angeles,2,2,500,default_small_club
23d00813,Workman and Temple Family Homestead Museum,City of Industry,2,2,500,default_small_club
53d52745,Millennium Biltmore Hotel,Los Angeles,2,1,500,default_small_club
73d79ae5,"",San Bernardino,2,2,500,default_small_club
5bd16b4c,Space Camp,Los Angeles,2,2,500,default_small_club
33d57079,Love & Propaganda,San Francisco,2,2,500,default_small_club
33d2c8d5,Cosmic Vinyl,Los Angeles,2,2,500,default_small_club
3bd0cc78,Jamul Casino,Jamul,2,1,500,default_small_club
7bd7761c,The Alibi,Arcata,2,2,500,default_small_club
bde19a2,Urban MO’s Bar & Grill,San Diego,2,1,200,heuristic_bar
3d3ed4f,Montalvo Arts Center,Saratoga,2,2,500,default_small_club
bde75be,Private Venue,Anaheim Hills,2,2,500,default_small_club
3bd7a4dc,UCSD Price Center Ballroom,La Jolla,2,2,1200,heuristic_ballroom
23d3a07b,"",Folsom,2,2,500,default_small_club
4bd2e3a2,Greater Goods,Ojai,2,2,500,default_small_club
bd24d22,Grand Live at Venue Oakland,Oakland,2,2,500,default_small_club
53d3c3f5,476 Studio,Oakland,2,2,500,default_small_club
4bd58f32,Coyote Valley Casino,Redwood Valley,2,2,500,default_small_club
6bd3263e,Shady Oak Barrel House,Santa Rosa,2,2,200,heuristic_bar
53d51bc9,Guerra Cellars,Hollister,2,2,500,default_small_club
43d04fbb,Palo Alto Art Center Auditorium,Palo Alto,2,2,2500,heuristic_auditorium
bd76942,University of San Francisco,San Francisco,2,2,500,default_small_club
bd325c6,Verse LA,Los Angeles,2,2,500,default_small_club
53d24765,Good Day LA,West Hollywood,2,2,500,default_small_club
5bd01788,Knitting Factory Front Bar,Los Angeles,2,2,200,heuristic_bar
33d204ad,The Sand Bar,Capitola,2,2,200,heuristic_bar
3bd598c0,Panama 66,San Diego,2,2,500,default_small_club
bd2c536,Fender Offices,Los Angeles,2,2,500,default_small_club
13d52121,Central Avenue Jazz Festival,Los Angeles,2,2,500,default_small_club
23d2408f,Black Rabbit Rose,Los Angeles,2,2,500,default_small_club
33d57cb9,Oasis,San Francisco,2,2,500,default_small_club
6bd70e5a,KCSN Studio,Northridge,2,2,500,default_small_club
1bd1fd78,Dominican University of California,San Rafael,2,2,500,default_small_club
13d59591,Casa de Chaos,Sacramento,2,1,500,default_small_club
63d51ac7,Downtown Riverside Stage,Riverside,2,2,500,default_small_club
1bd5fd2c,Elks Lodge,San Bernardino,2,2,500,default_small_club
6bd05a0a,The Marquis Lounge,San Bernardino,2,2,300,heuristic_lounge
33d39865,Squaw Valley Ski Resort,Olympic Valley,2,2,500,default_small_club
3bd424d4,Grauman's Egyptian Theatre,Los Angeles,2,1,1200,heuristic_theater
4bd01356,Downtown Manteca,Manteca,2,1,500,default_small_club
2bd4e482,Tone's House,Los Angeles,2,2,500,default_small_club
13d1355d,The Original Farmers Market,Los Angeles,2,1,500,default_small_club
5bd20fe4,Adobe Books,San Francisco,2,2,500,default_small_club
73d25275,Lennon Rehearsal Studios,San Francisco,2,1,500,default_small_club
13dfb14d,Creek Park,San Anselmo,2,1,500,default_small_club
43df93cb,Beach Rat Island,San Pedro,2,1,500,default_small_club
7bd0e68c,Hannah Nicole Vineyards & Winery,Brentwood,2,1,500,default_small_club
7bd052c8,Cirivellos Sports Bar,Long Beach,2,2,200,heuristic_bar
23d1f833,Private Venue,Ukiah,2,1,500,default_small_club
4bd35712,Hunter Street Studios,Los Angeles,2,2,500,default_small_club
6bd2521e,Elephant in the Room,Healdsburg,2,1,500,default_small_club
53d32bb1,Stage 9,San Luis Obispo,2,2,500,default_small_club
63d3d237,Chouinard Vineyards & Winery,Castro Valley,2,2,500,default_small_club
4bd0cf72,XR Studios,Los Angeles,2,2,500,default_small_club
43d4838f,Calvary Chapel Oceanside,Oceanside,2,2,500,default_small_club
33d324f9,Covina Center for the Performing Arts,Covina,2,2,500,default_small_club
bd2754a,Broadway & 20th Street,Oakland,2,2,500,default_small_club
4bd3531e,Famous 4,Mill Valley,2,1,500,default_small_club
1bd291d4,Mission Vista High School,Oceanside,2,1,500,default_small_club
33d520e1,Roscoe's Seabird Jazz Lounge,Long Beach,2,2,300,heuristic_lounge
63deda43,The CAMP,Costa Mesa,2,1,500,default_small_club
23d67c3b,"",Santa Barbara,2,2,500,default_small_club
bd395da,Fore Family Vineyards,Kelseyville,2,2,500,default_small_club
73d06a01,The Tubes,Oakland,2,2,500,default_small_club
1bd745a0,Capitol Studios,Los Angeles,2,2,500,default_small_club
6bd33612,Rock and Roll,San Diego,2,2,500,default_small_club
3d44db7,Johnny's Bar and Grill,Lompoc,2,2,200,heuristic_bar
23d478cb,Museum of Contemporary Art San Diego,La Jolla,2,2,500,default_small_club
63d0fed3,Samba By The Sea,Redondo Beach,2,1,500,default_small_club
73d52291,The Autry,Los Angeles,2,2,500,default_small_club
2bd398ae,Pala Events Center,Pala,2,2,500,default_small_club
5bd0770c,Bristol’s Cider House,Atascadero,2,2,500,default_small_club
5bd27384,Mare Island Brewing Co.,Vallejo,2,1,500,default_small_club
1bd2d99c,Cold Spring Tavern,Santa Barbara,2,1,250,heuristic_tavern
43d1b7e3,RingCentral Coliseum,Oakland,2,2,20000,heuristic_coliseum
1bd5c99c,Red Studios,Los Angeles,2,2,500,default_small_club
1bd04168,Aviator Nation Dreamland,Malibu,2,2,500,default_small_club
33d080d5,Brain Dead Studios,Los Angeles,2,2,500,default_small_club
3d625bf,San Quentin State Prison,San Quentin,2,2,500,default_small_club
7bd06a04,Great Change Brewing Company,Bakersfield,2,2,500,default_small_club
13d1159d,The Panda Studios,Fremont,2,1,500,default_small_club
bd571c2,Top of the Mark,San Francisco,2,1,500,default_small_club
7bd426f8,Chalice California,San Bernardino,2,2,500,default_small_club
5bd60fd4,Capitol Records Studio,Los Angeles,2,2,500,default_small_club
73d53e35,The Forest,Long Beach,2,2,500,default_small_club
2bd134fe,Lestat's West Music Venue,San Diego,2,2,500,default_small_club
13d0f505,Ruhstaller Farm and Beer Brewery,Dixon,2,1,500,default_small_club
3d2215f,Private Venue,Modesto,2,2,500,default_small_club
53d793c1,Guitar Merchant,Los Angeles,2,2,500,default_small_club
6bd20a22,Memorial Park,Albany,2,2,500,default_small_club
4bd18326,La Salles,Chico,2,2,500,default_small_club
4bd277f6,Private Venue,Soquel,2,2,500,default_small_club
2bd120c2,The Spinnaker,Sausalito,2,1,500,default_small_club
73d0e2e1,Private Venue,Rancho Palos Verdes,2,1,500,default_small_club
33d3e495,Cathedral of Faith,San Jose,2,1,500,default_small_club
13d52985,Slo Donut Co.,San Luis Obispo,2,2,500,default_small_club
5bd3a314,The Museum of Northern California Art,Chico,2,1,500,default_small_club
5bd2975c,"University of California, Berkeley",Berkeley,2,2,500,default_small_club
73d2a635,The Lister Bar,San Francisco,2,1,200,heuristic_bar
5bd463c0,"Bret Harte Hall, Roaring Camp Railroads",Felton,2,2,800,heuristic_hall
53d39325,California Institute of the Arts,Santa Clarita,2,2,500,default_small_club
5bd2bf30,The Lost Room,Los Angeles,2,2,500,default_small_club
23d32c57,City Pub,San Diego,2,1,200,heuristic_pub
3d08943,Commissary Lounge,Costa Mesa,2,2,300,heuristic_lounge
3d36933,Mates Studios,Los Angeles,2,1,500,default_small_club
7bd5dad8,Crazy Girls,Los Angeles,2,2,500,default_small_club
53d057a9,1881,Pasadena,2,1,500,default_small_club
33d4f031,Nuart Theatre,Los Angeles,2,2,303,wikidata_sparql
13d04509,My Place,Huntington Beach,2,2,500,default_small_club
23d3e883,Suzuran Bar & Grill,Gardena,2,2,200,heuristic_bar
bd411aa,Loma Vista,Big Sur,2,2,500,default_small_club
13d4b595,33rd Street Stage,San Diego,2,2,500,default_small_club
3bd604f4,Noe Valley Music Series,San Francisco,2,1,500,default_small_club
bd3e12a,Temecula Community Theater,Temecula,2,2,1200,heuristic_theater
bd5e1b6,The Battery,San Francisco,2,2,500,default_small_club
33d2d445,Self Help Graphics & Art,Los Angeles,2,2,500,default_small_club
6bd29e02,Geyser Peak Winery,Healdsburg,2,2,500,default_small_club
33d3e0e9,Riviera Supper Club and Turquoise Room,La Mesa,2,1,500,default_small_club
33d004f9,"Capradio, KXJC Studios",Sacramento,2,2,500,default_small_club
2bd51426,Altana Apartments,Glendale,2,2,500,default_small_club
63d2f2cf,Idle Hour,Los Angeles,2,2,500,default_small_club
3d2d917,Emo Nite,Los Angeles,2,1,500,default_small_club
1bd03918,2575 Mission,Los Angeles,2,1,500,default_small_club
63d3122b,Disney Singalong,Los Angeles,2,2,500,default_small_club
1bd31d98,Iron Pig Alehouse,San Diego,2,1,500,default_small_club
63d3527b,Super X Ranch,Pioneertown,2,2,500,default_small_club
bd0fdc2,Beach House,San Diego,2,2,500,default_small_club
43d02b2f,The Last Call,Los Angeles,2,2,500,default_small_club
2bd0149e,Obsidian Spirits Amphitheater,Corning,2,2,8000,heuristic_amphitheatre
4bd24766,104.3 MYfm,Los Angeles,2,2,500,default_small_club
33d50c11,The Stud Bar,San Francisco,2,2,200,heuristic_bar
3bd064f4,Silverado Country Club,Napa,2,2,500,default_small_club
3bd5000c,McClellan Park,Sacramento,2,2,500,default_small_club
43d053ff,Crown Valley Amphitheater,Laguna Niguel,2,2,8000,heuristic_amphitheatre
53d5d3f5,American Legion Hall 206,Los Angeles,2,2,800,heuristic_hall
5bd3a73c,Sutra,Costa Mesa,2,2,500,default_small_club
33d41011,North Park Theatre,San Diego,2,2,1200,heuristic_theater
43d58f7f,Cielo 9,Bakersfield,2,2,500,default_small_club
53d79331,Kate Buchanan Room,Arcata,2,2,500,default_small_club
1bd135a8,Mayflower Club,Los Angeles,2,2,500,default_small_club
13d3d58d,Kepler's Books and Magazines,Menlo Park,2,2,500,default_small_club
33d398a5,Palos Verdes Performing Arts,Rolling Hills Estates,2,2,500,default_small_club
2bd3b4c6,Black Cat,San Francisco,2,1,500,default_small_club
73dec229,Atlantic Studios,Los Angeles,2,1,500,default_small_club
63d026c7,Artist In The Alley,Pomona,2,2,500,default_small_club
5bd02b1c,Silent Valley Studios,Temecula,2,1,500,default_small_club
bd6058a,The Actors' Gang,Culver City,2,1,500,default_small_club
73d21e85,O'Sullivan's Pub,Santa Maria,2,1,200,heuristic_pub
63d50ad7,The Strand Theater,San Francisco,2,2,1200,heuristic_theater
23d51cdf,Joshua Tree Retreat Center,Joshua Tree,2,1,500,default_small_club
4bd3d3ea,Ferment Drink Repeat Brewery,San Francisco,1,1,500,default_small_club
53d05bcd,Rancho Bernardo Community Presbyterian Church,San Diego,1,1,500,default_small_club
13de2969,Reds Meadow,Mammoth,1,1,500,default_small_club
7bd04eb0,5th Avenue Landing,San Diego,1,1,500,default_small_club
13d01d99,Alila Marea Beach Resort,Encinitas,1,1,500,default_small_club
3bd04848,Evolution Night Club,Sunnyvale,1,1,500,default_small_club
1bd051d4,Player One Arcade Bar,Los Angeles,1,1,200,heuristic_bar
73d3be95,Lane Field Park,San Diego,1,1,500,default_small_club
13d19d75,Goin' Underground,Los Angeles,1,1,500,default_small_club
33def881,Lyric Hyperion Theater,Los Angeles,1,1,1200,heuristic_theater
6bd06aca,Manny's,San Francisco,1,1,500,default_small_club
73d042c9,Wylde Works,Santa Barbara,1,1,500,default_small_club
43d3532b,Brewsters,Livermore,1,1,500,default_small_club
5bd54f64,Knights of Columbus,Los Angeles,1,1,500,default_small_club
7bd056d8,Tamarack,Oakland,1,1,500,default_small_club
43d4fbd3,Slingshots,Cameron Park,1,1,500,default_small_club
5bd0cf50,Soulection Radio,Long Beach,1,1,500,default_small_club
73d2a6a1,Social Night Club,Sacramento,1,1,500,default_small_club
43d02fab,Wave Rave,Mammoth Lakes,1,1,500,default_small_club
43d13b47,Sea Legs,Huntington Beach,1,1,500,default_small_club
6bd466f2,College of Marin,Kentfield,1,1,500,default_small_club
3bd39c04,Plumas Pines Resort & Bar,Canyondam,1,1,200,heuristic_bar
3bd32408,The Old Steeple,Ferndale,1,1,500,default_small_club
1bd03d3c,Tree People,Beverly Hills,1,1,500,default_small_club
43d20713,Armadillo Music,Davis,1,1,500,default_small_club
4bd1bf62,Daddy Diamonds,Los Angeles,1,1,500,default_small_club
43d12f2b,Electric Loft,Pomona,1,1,500,default_small_club
2bd55cc6,Sun Grove Church,Elk Grove,1,1,500,default_small_club
3bd35c38,The Shop,Oakland,1,1,500,default_small_club
23d0e8a3,Spoke bicycle cafe,Los Angeles,1,1,500,default_small_club
5bd01338,The Miracle Mile District,Stockton,1,1,500,default_small_club
13d53d6d,Los Encinos State Historic Park,Los Angeles,1,1,500,default_small_club
13d77dd5,The Farmers Market,Los Angeles,1,1,500,default_small_club
43d06bff,Port of Redwood City,Redwood City,1,1,500,default_small_club
6bd336a6,LIT - Bar and Lounge,Indio,1,1,300,heuristic_lounge
4bd3db5e,GnarBurger,Los Angeles,1,1,500,default_small_club
5bd3f3c8,The Portofino Hotel & Marina,Redondo Beach,1,1,500,default_small_club
bd2e1d2,Sunrock Winery,Buellton,1,1,500,default_small_club
bde0912,Mmhmmm at The Standard Hollywood,West Hollywood,1,1,500,default_small_club
1bd2a5a8,Market Square,Eureka,1,1,500,default_small_club
bd1f9ee,"",Orange County,1,1,500,default_small_club
53dfa795,Rock City Studios,Camarillo,1,1,500,default_small_club
53d18fad,Abbey San Encino,Los Angeles,1,1,500,default_small_club
3d185ab,Maxson Road House,South El Monte,1,1,500,default_small_club
23d2c8ef,Adelphia Studios,East Los Angeles,1,1,500,default_small_club
1bd35d00,Ruth Asawa School of the Arts,San Francisco,1,1,500,default_small_club
1bd349cc,Topanga State Park,Topanga,1,1,500,default_small_club
23d56407,Power Violence,Los Angeles,1,1,500,default_small_club
63d4c667,Hertz Hall,Berkeley,1,1,800,heuristic_hall
1bd33114,Pearl Hour,Monterey,1,1,500,default_small_club
1bd1818c,Ferry Building,San Francisco,1,1,500,default_small_club
53d067b1,Svedale,Morgan Hill,1,1,500,default_small_club
3bd32020,Kingsburg High School Little Theater,Kingsburg,1,1,1200,heuristic_theater
2bd2103a,Bayside Park,Chula Vista,1,1,500,default_small_club
13d2016d,The Miranda,Oakland,1,1,500,default_small_club
bd35d0e,District Recorders,San Jose,1,1,500,default_small_club
6bd29a26,Naval Base San Diego,San Diego,1,1,500,default_small_club
33d3d0b5,Private Venue,Palo Alto,1,1,500,default_small_club
7bd2e278,Mission Ebenezer Family Church,Carson,1,1,500,default_small_club
43d1df33,Gold Pacific Studios,Newport Beach,1,1,500,default_small_club
73d32ecd,Del Mar Town Hall,Del Mar,1,1,800,heuristic_hall
73d11a95,Gothard Sound Studios,Huntington Beach,1,1,500,default_small_club
63d7ee93,The Quad - UC Davis,Davis,1,1,500,default_small_club
1bd43d94,"",Redding,1,1,500,default_small_club
4bd357ba,The Atomic Garden,Oakland,1,1,500,heuristic_garden
bd2b96e,Pistol Pete's Brew & Cue,Auburn,1,1,500,default_small_club
2bd3a4fa,Private Venue,Chula Vista,1,1,500,default_small_club
4bd0ff9a,The Events Center at Harrah’s Rincon,San Diego,1,1,500,default_small_club
5bd29744,Taber Ranch Vineyard & Event Center,Capay,1,1,500,default_small_club
7bd32e44,Parrasch Heijnen Gallery,Los Angeles,1,1,500,default_small_club
23dec8b3,Behr's DIY,Lynwood,1,1,500,default_small_club
5bd4fbd8,Halftime Bar and Grill,Rocklin,1,1,200,heuristic_bar
3bd2a468,Casa Candela,Los Angeles,1,1,500,default_small_club
13d409e5,Club Oasis,Los Angeles,1,1,500,default_small_club
73d50ea1,"Hard Rock Cafe, San Diego",San Diego,1,1,150,heuristic_cafe
23d314af,Dream Inn,Santa Cruz,1,1,500,default_small_club
3bd050d0,Green Hills Country Club,Millbrae,1,1,500,default_small_club
33d56c11,First Assembly of God,Victorville,1,1,500,default_small_club
bd2f152,Beach Chalet,San Francisco,1,1,500,default_small_club
2bd35482,Black Knight Lounge,Costa Mesa,1,1,300,heuristic_lounge
63d55613,His House,Los Angeles,1,1,500,default_small_club
3d56dc7,Sunnyside Cemetery,Long Beach,1,1,500,default_small_club
13d13551,Seven Grand,Los Angeles,1,1,500,default_small_club
6bd06e62,SmileFest,Los Angeles,1,1,500,default_small_club
3d60df3,American Idol,Los Angeles,1,1,500,default_small_club
43d07b5f,The New Vic Theater,Santa Barbara,1,1,1200,heuristic_theater
7bd35eac,"",Garden Grove,1,1,500,default_small_club
6bd29a62,"",Joshua Tree,1,1,500,default_small_club
3bd064f0,Simi Valley Cultural Arts Center,Simi Valley,1,1,500,default_small_club
6bd3464a,Tower Bridge,Sacramento,1,1,500,default_small_club
33dee8bd,The Whiskey Tip,Santa Rosa,1,1,500,default_small_club
73d09ab1,st marks lutheran church,San Francisco,1,1,500,default_small_club
7bd5ae4c,Montgomery Theater,San Jose,1,1,1200,heuristic_theater
5bd3531c,Private Venue,Carmel-by-the-Sea,1,1,500,default_small_club
7bd35618,"",Avalon,1,1,500,default_small_club
6bd29a1e,Boiler Room,Los Angeles,1,1,500,default_small_club
5bd7a7e4,Windward Plaza,Venice,1,1,1500,heuristic_plaza
13d13555,Salton City Surf Club,Salton City,1,1,500,default_small_club
1bd06108,Los Compadres,Oxnard,1,1,500,default_small_club
7bd0e688,Emerald Glen Park,Dublin,1,1,500,default_small_club
2bd2843a,Trilogy at The Vineyards,Brentwood,1,1,500,default_small_club
13d0f181,The Lucky Horseshoe,San Francisco,1,1,500,default_small_club
2bd014f6,Russian River Brewing Company,Santa Rosa,1,1,500,default_small_club
4bd367fe,Private Venue,Sebastopol,1,1,500,default_small_club
5bd34f18,Private Venue,Idyllwild,1,1,500,default_small_club
63d0522f,Benchmark Climbing,Berkeley,1,1,500,default_small_club
4bdf8b9e,Honeymoon Galleria,Los Angeles,1,1,500,default_small_club
bde297e,Musiclandria,Sacramento,1,1,500,default_small_club
4bd1b736,Private Venue,Monterey,1,1,500,default_small_club
4bd153ea,Happy Hour SC,Los Angeles,1,1,500,default_small_club
43d09b8b,The Ugly Mug,Soquel,1,1,500,default_small_club
7bd11688,Cold Crush,Lancaster,1,1,500,default_small_club
3bd0882c,2158,Los Angeles,1,1,500,default_small_club
4bd00702,The North End,Los Angeles,1,1,500,default_small_club
43d0f36f,The Range at Slab City,Niland,1,1,500,default_small_club
73d316f1,Redrum Studio,Los Angeles,1,1,500,default_small_club
3bd7f000,Laurel Canyon,Los Angeles,1,1,500,default_small_club
33d134fd,Pink Haus,San Diego,1,1,500,default_small_club
7bd06e68,WildCat Studios,Escondido,1,1,500,default_small_club
63ded6d7,David Henry Hwang Theater,Los Angeles,1,1,1200,heuristic_theater
1bd00958,Oracle Tavern Bar,Los Angeles,1,1,250,heuristic_tavern
73d182e5,Special Events Center,Indio,1,1,500,default_small_club
53d4d3b5,"",Walnut Creek,1,1,500,default_small_club
73d042e5,Kinky Kontrol,Los Angeles,1,1,500,default_small_club
33d46099,Tio Leo's Mexican Restaurant,San Diego,1,1,500,default_small_club
7bde3630,August Coppola Theatre,San Francisco,1,1,1200,heuristic_theater
43d1938f,Wildwood Skate Shop,Lodi,1,1,500,default_small_club
6bd21ec2,Lighthouse Skateshop,Santa Barbara,1,1,500,default_small_club
5bd01b14,The Chapel,Irvine,1,1,500,default_small_club
6bd06636,Pageant Theatre,Chico,1,1,1200,heuristic_theater
13d2c9a5,Camptonville Community Center,Camptonville,1,1,500,default_small_club
bd3758a,MelodyVR,Los Angeles,1,1,500,default_small_club
5bd74bfc,Grace First Presbyterian Church,Long Beach,1,1,500,default_small_club
3bd42824,ApCal Winery,Madera,1,1,500,default_small_club
33de649d,Lake Merritt Boathouse,Oakland,1,1,500,default_small_club
3bd48cd8,Moraga Commons Park,Moraga,1,1,500,default_small_club
4bd05bda,Grandmaster Records,Los Angeles,1,1,500,default_small_club
7bdeb228,SoCal Sound Studios,Los Angeles,1,1,500,default_small_club
73de2e21,House Concert,Castro Valley,1,1,500,default_small_club
13d2b121,Marshall Grange Hall,Garden Valley,1,1,800,heuristic_hall
33d578e1,KLOS-FM,Los Angeles,1,1,500,default_small_club
53d09355,Eproson Park,Twain Harte,1,1,500,default_small_club
6bd3ba76,Orinda Theatre,Orinda,1,1,1200,heuristic_theater
5bd00f1c,The Highlight Room,Los Angeles,1,1,500,default_small_club
1bd4d92c,KCSB Radio,Santa Barbara,1,1,500,default_small_club
33d1bc89,Impulse Music Co.,Santa Clarita,1,1,500,default_small_club
6bd28a76,"",Yuba City,1,1,500,default_small_club
3bdec4ac,Naggiar Vineyards,Grass Valley,1,1,500,default_small_club
1bd0c594,Private Venue,Walnut Creek,1,1,500,default_small_club
73d32211,E. Sierra Madre Boulevard,Pasadena,1,1,500,default_small_club
23d0b4fb,A Studio City Parking Lot,Los Angeles,1,1,500,default_small_club
3bd0508c,Private Venue,Los Angeles,1,1,500,default_small_club
2bd0808e,Cook’s Corner,Santa Margarita,1,1,500,default_small_club
2bd7448a,Bel Air Bay Club,Los Angeles,1,1,500,default_small_club
33d5ece5,6th Street Warehouse,Los Angeles,1,1,500,default_small_club
2bd58072,The Creekside,Santa Barbara,1,1,500,default_small_club
5bd5ef98,Saddleback Church,Lake Forest,1,1,500,default_small_club
53d05705,The Best Show,Los Angeles,1,1,500,default_small_club
1bd12538,The Short Stop,Los Angeles,1,1,500,default_small_club
6bd0fa42,Historic Hemet Theater,Hemet,1,1,1200,heuristic_theater
23df884b,San Antonio Rose,Vernon,1,1,500,default_small_club
33d340dd,Fatty's,Los Angeles,1,1,500,default_small_club
1bd02dd0,Pit Stop Bar and Grill,Barstow,1,1,200,heuristic_bar
1bded1ec,"Nova’s Red Room, Los Angeles",Los Angeles,1,1,500,default_small_club
4bde9bd6,The Lot at Formosa,West Hollywood,1,1,500,default_small_club
2bd52c72,The Metro,Chico,1,1,500,default_small_club
33d7443d,"",West Covina,1,1,500,default_small_club
33d208c1,Old Customhouse,Monterey,1,1,500,default_small_club
2bd3a032,The District Theater,Gilroy,1,1,1200,heuristic_theater
13d04901,Oxnard Levity Live,Oxnard,1,1,500,default_small_club
2bd47072,Fairmont Hotel,San Jose,1,1,500,default_small_club
7bd3dad4,Resource Center For Nonviolence,Santa Cruz,1,1,500,default_small_club
4bd7431e,Aptos Village Park,Aptos,1,1,500,default_small_club
33d65809,The Graduate,San Luis Obispo,1,1,500,default_small_club
33d060b9,Ventura Coast Brewing Company,Ventura,1,1,500,default_small_club
6bd266a6,72andSunny,Los Angeles,1,1,500,default_small_club
7bd29a2c,Spanish Landing Park,San Diego,1,1,500,default_small_club
23d10c1f,Club Car Bar,Templeton,1,1,200,heuristic_bar
1bde2968,Boomtown Lounge,Downieville,1,1,300,heuristic_lounge
33d284d5,Lakeside Park,Oakland,1,1,500,default_small_club
33d18061,UCSC Trading Post,Santa Cruz,1,1,500,default_small_club
73d4be01,Boulevard3,Los Angeles,1,1,500,default_small_club
73d2a6dd,Bay View Boat Club,San Francisco,1,1,500,default_small_club
73d24e91,Proactiv Patio Sessions,Los Angeles,1,1,500,default_small_club
7bd2be30,Break Room 86,Los Angeles,1,1,500,default_small_club
5bd5cb24,Village Recorders,West Hollywood,1,1,500,default_small_club
2bd7b43a,Santa Monica Airport,Santa Monica,1,1,500,default_small_club
3bd38cb4,Morro Bay Wine Seller,Morro Bay,1,1,500,default_small_club
13d0c13d,The City Market of Los Angeles,Los Angeles,1,1,500,default_small_club
2bd1142a,Beverly Hills High School,Beverly Hills,1,1,500,default_small_club
13d56d9d,Beatrice Wood Center for the Arts,Ojai,1,1,500,default_small_club
13d35185,Private Venue,Lido Isle,1,1,500,default_small_club
63d292e3,The Circle,Huntington Beach,1,1,500,default_small_club
bde25c6,Serramonte Mall,Daly City,1,1,500,default_small_club
33d2a48d,Rainbowland Studio,Malibu,1,1,500,default_small_club
23d068eb,Minnow Arts,Santa Cruz,1,1,500,default_small_club
4bd27762,The Hub RWC,Redwood City,1,1,500,default_small_club
4bd3b726,Greatest Hits,Universal City,1,1,500,default_small_club
63d54ab7,Revive Warehouse,Tuolumne,1,1,500,default_small_club
73d21a89,The Upper Room - A Christian Coffeehouse,Mission Viejo,1,1,100,heuristic_coffee
1bd08d30,4739 E. Hammel St.,East Los Angeles,1,1,500,default_small_club
2bd23c76,Mill Valley Community Center,Mill Valley,1,1,500,default_small_club
63de16eb,"Butler, Shine, Stern & Partners",Sausalito,1,1,500,default_small_club
1bd261f0,The Swallow's Inn,San Juan Capistrano,1,1,500,default_small_club
43d2973b,Biletnikoff Foundation,Pleasanton,1,1,500,default_small_club
13d00959,La Boom Night Club,Huntington Park,1,1,500,default_small_club
1bd041f0,El Castillo,Sacramento,1,1,500,default_small_club
23d29cbf,Trailer Fest,Plymouth,1,1,500,default_small_club
53d02325,Heisler Park Amphitheater,Laguna Beach,1,1,8000,heuristic_amphitheatre
33d37c8d,Hyatt Regency San Francisco Airport,Burlingame,1,1,500,default_small_club
6bd6d642,Pasadena Convention Center,Pasadena,1,1,5000,heuristic_convention
13d3ed4d,Clif Bar & Co,Emeryville,1,1,200,heuristic_bar
6bd532b6,Appleton Grill,Watsonville,1,1,500,default_small_club
3bd3d800,OVY Camp,San Gregorio,1,1,500,default_small_club
33d07835,City Center Bishop Ranch,San Ramon,1,1,500,default_small_club
3bd120c8,Menlo Park Farmer's Market,Menlo Park,1,1,500,default_small_club
5bd017a0,"Jack Adams Hall, SF State University",San Francisco,1,1,800,heuristic_hall
4bd5237e,The Blindspot Project,Los Angeles,1,1,500,default_small_club
2bd03886,The Cave Studios,Los Angeles,1,1,500,default_small_club
5bd16be0,Mid City Yacht Club,Los Angeles,1,1,500,default_small_club
3d271af,Newark Community Park,Newark,1,1,500,default_small_club
1bd02d4c,The Inn at Spanish Bay,Pebble Beach,1,1,500,default_small_club
3d3e59f,The Oasis,Paradise,1,1,500,default_small_club
bd2e1fe,de Young Museum,San Francisco,1,1,500,default_small_club
3df89e3,Find The Good,Santa Ana,1,1,500,default_small_club
23d2005f,Lytton Square,Mill Valley,1,1,500,default_small_club
3d2710b,Viewpoint School,Calabasas,1,1,500,default_small_club
3bd3e498,Starling Bar,Sonoma,1,1,200,heuristic_bar
33d214f5,Village Events Plaza,Mammoth,1,1,1500,heuristic_plaza
23d524af,The Will Call,Cotati,1,1,500,default_small_club
2bd3a0a2,Centerfield Sports Bar & Grill,Huntington Beach,1,1,200,heuristic_bar
23d554a3,Villains Tavern,Los Angeles,1,1,250,heuristic_tavern
53d5dfc1,"",Westlake Village,1,1,500,default_small_club
1bd21190,Junior High Collective,Los Angeles,1,1,500,default_small_club
6bd626d2,Cow Palace,Daly City,1,1,500,default_small_club
5bd527dc,The Father's House,Vacaville,1,1,500,default_small_club
13d1d58d,The Saloon,Encinitas,1,1,500,default_small_club
5bd66b28,Capitol Garage,Sacramento,1,1,500,default_small_club
43d273cf,The Rare Barrel,Berkeley,1,1,200,heuristic_bar
1bd50184,Dizzy's,San Diego,1,1,500,default_small_club
4bd57fd2,Harmonia,Sausalito,1,1,500,default_small_club
23d4d8c7,Maverick Saloon,Santa Ynez,1,1,500,default_small_club
7bd166d8,EOS Lounge,Santa Barbara,1,1,300,heuristic_lounge
5bd6db00,Third Encore,Burbank,1,1,500,default_small_club
bd049d2,Monterey County Free Libraries,Marina,1,1,500,default_small_club
1bd51990,Annie O's Music Hall,Santa Rosa,1,1,1200,heuristic_music_hall
13d2b599,JUCE TV,Tustin,1,1,500,default_small_club
73d0e68d,Santana Row,San Jose,1,1,500,default_small_club
3bd2005c,Martuni's,San Francisco,1,1,500,default_small_club
6bd556f6,1st Street Bar,Encinitas,1,1,200,heuristic_bar
6bd2cece,The Salt Lick,Oakland,1,1,500,default_small_club
5bd78b7c,Studio,Los Angeles,1,1,500,default_small_club
1bd3b188,KRSH FM Studios,Santa Rosa,1,1,500,default_small_club
43d1e7ab,8405 Melrose Ave,Los Angeles,1,1,500,default_small_club
3bd57c20,Victoria Gardens Commons,Rancho Cucamonga,1,1,500,heuristic_garden
33d06021,Dark Thirty (house concerts),Lakeside,1,1,500,default_small_club
6bd38a72,"",Boulder Creek,1,1,500,default_small_club
1bd2cd8c,Northern Delights,Hayfork,1,1,500,default_small_club
23d60c23,Balboa Theater,Los Angeles,1,1,1200,heuristic_theater
73d04241,Building 43,Alameda,1,1,500,default_small_club
5bd49750,Nerdist Showroom at Meltdown Comics,Los Angeles,1,1,500,default_small_club
73d52259,Valley Relics Museum,Los Angeles,1,1,500,default_small_club
23d11ceb,The Sorting Room at the Wallis,Beverly Hills,1,1,500,default_small_club
53d33f11,El Campanil Theatre,Antioch,1,1,1200,heuristic_theater
33d310f9,Private Venue,Santa Clarita,1,1,500,default_small_club
73d366e5,Private Venue,Costa Mesa,1,1,500,default_small_club
3d03d93,Shutters on the Beach,Santa Monica,1,1,500,default_small_club
73de6641,The Aerial House,Los Angeles,1,1,500,default_small_club
53d5af51,Strangers,El Centro,1,1,500,default_small_club
4bd2d762,State Street,Santa Barbara,1,1,500,default_small_club
7bd3221c,White Park,Riverside,1,1,500,default_small_club
5bd48770,Laguna Del Sol,Wilton,1,1,500,default_small_club
2bd34c0a,Warehouse Huntington Park,Los Angeles,1,1,500,default_small_club
33d0ccb5,American Legion Hall,Larkspur,1,1,800,heuristic_hall
13d3ed55,Monarch,San Francisco,1,1,500,default_small_club
33deac25,Arion Press,San Francisco,1,1,500,default_small_club
bd58d0a,The Frog Spot,Los Angeles,1,1,500,default_small_club
13de59ad,Stirring Coffeehouse,Redding,1,1,100,heuristic_coffee
2bd3a886,Cisco Grove Campgrounds,Cisco Grove,1,1,500,default_small_club
3bd3ec70,Salesforce Park,San Francisco,1,1,500,default_small_club
3bd478a8,Rockin' The River,Guerneville,1,1,500,default_small_club
3d00553,Pleasant Grove Community Church,Roseville,1,1,500,default_small_club
13d111f1,Festival Hall,Santa Ana,1,1,800,heuristic_hall
1bd3d1a4,"Sticky Rice, Echo Park",Los Angeles,1,1,500,default_small_club
bd35daa,BFF.fm Studios,San Francisco,1,1,500,default_small_club
43d0cf8b,TRUTH Nightclub,El Centro,1,1,500,default_small_club
bd3a19a,Arthur Acker Gymnasium,Chico,1,1,500,default_small_club
53d3d795,Saint Joseph's Church,San Francisco,1,1,500,default_small_club
33d07469,The Olympic Club Lakeside Clubhouse,San Francisco,1,1,500,default_small_club
73d7ae1d,"",Huntington Beach,1,1,500,default_small_club
5bd33f10,Carson Mansion,Eureka,1,1,500,default_small_club
43d74bc3,Duende,Oakland,1,1,500,default_small_club
73d2cec9,Vintage Wine Bar and Restaurant,Redding,1,1,200,heuristic_bar
3d26557,Studio 55,San Rafael,1,1,500,default_small_club
3bd3fc90,JT Trading Post,Joshua Tree,1,1,500,default_small_club
6bd31256,Maranatha Chapel,San Diego,1,1,500,default_small_club
4bd25782,Chico Masonic Family Center,Chico,1,1,500,default_small_club
bd38dba,Rolling Hills Church,El Dorado Hills,1,1,500,default_small_club
1bd4118c,Peeve's Public House,Fresno,1,1,200,heuristic_pub
4bd4db36,Glendale Galleria,Glendale,1,1,500,default_small_club
6bd58652,Boss Discotheque,Los Angeles,1,1,500,default_small_club
43d64fc3,KQED Studios,San Francisco,1,1,500,default_small_club
63d72aff,Geffen Contemporary at MOCA,Los Angeles,1,1,500,default_small_club
4bd0c756,Papermill Creek Saloon,Forest Knolls,1,1,500,default_small_club
1bd50134,Omni Hotel,Los Angeles,1,1,500,default_small_club
3bd74470,Chinatown Central Plaza,Los Angeles,1,1,1500,heuristic_plaza
23d2d4c7,Azusa Public Library,Azusa,1,1,200,heuristic_pub
5bd3efe4,Seven Bar & Kitchen,Santa Barbara,1,1,200,heuristic_bar
23d184bb,The Halley,Los Angeles,1,1,800,heuristic_hall
13d01de9,The Real Daytime,Los Angeles,1,1,500,default_small_club
13d23971,Jupiter Taproom,Berkeley,1,1,500,default_small_club
63d0565f,The Crac Brewery,Carson,1,1,500,default_small_club
33d6d8f1,Yerba Buena Center for the Arts,San Francisco,1,1,500,default_small_club
33d0fc55,The Union,Oroville,1,1,500,default_small_club
bd7fdbe,Los Angeles State Fair,Los Angeles,1,1,500,default_small_club
73d02269,AllBright Los Angeles Members' Club,Los Angeles,1,1,500,default_small_club
73df9a4d,Isle of Gamers,Santa Clara,1,1,500,default_small_club
bd631ee,Rock Palace,Los Angeles,1,1,500,default_small_club
43d78b03,UCSD RIMAC Field,La Jolla,1,1,500,default_small_club
4bd133fa,Ham on Everything,Los Angeles,1,1,500,default_small_club
33d3689d,O'Donovan's Restaurant & Pub,Pomona,1,1,200,heuristic_pub
1bd5d58c,Kaleidoscope,Mission Viejo,1,1,500,default_small_club
6bd0ca0a,Live In Front of a Studio Audience,Culver City,1,1,500,default_small_club
5bd59348,Orange International Street Fair,Orange,1,1,500,default_small_club
23d3b8e3,Community Center,Lafayette,1,1,500,default_small_club
3bd398c0,Garibaldina Society,Los Angeles,1,1,500,default_small_club
5bd4df64,Paramount Ballroom,Boyle Heights,1,1,1200,heuristic_ballroom
63d2fa77,Chinatown,Los Angeles,1,1,500,default_small_club
1bd29d74,Glenn County Fairgrounds,Orland,1,1,8000,heuristic_fairgrounds
33d3c085,FRiEndSkNOw,Fresno,1,1,500,default_small_club
43d5a3e7,The Virgil,Los Angeles,1,1,500,default_small_club
2bd13806,Geary Theater,San Francisco,1,1,1200,heuristic_theater
73d29a21,La Jolla Playhouse,La Jolla,1,1,500,default_small_club
63d0caa7,Marriott Rancho Las Palmas Resort,Rancho Mirage,1,1,500,default_small_club
23d3dcc3,Kate Somerville Skincare,Los Angeles,1,1,500,default_small_club
4bd1a75a,Upright Citizen,Chula Vista,1,1,500,default_small_club
3d19deb,A Shop Called Quest,Los Angeles,1,1,500,default_small_club
2bd3c0ae,The Red Room,Santa Cruz,1,1,500,default_small_club
73d3e6d5,@the Grounds,Roseville,1,1,500,default_small_club
63d32213,Taglyan Cultural Complex,Los Angeles,1,1,500,default_small_club
5bde9314,Top Notch Kustoms,San Jose,1,1,500,default_small_club
73d32225,SoCal Honda Sound Stage,Los Angeles,1,1,500,default_small_club
6bd5766a,Los Angeles County Museum of Art,Los Angeles,1,1,500,default_small_club
63d58eef,East Bay Regional Park,Oakland,1,1,500,default_small_club
5bd26bf0,Public Library,Oceanside,1,1,200,heuristic_pub
13d3ddd5,Mendocino Environmental Center,Ukiah,1,1,500,default_small_club
bd505a6,Noe Valley Ministry,San Francisco,1,1,500,default_small_club
73d3faa9,Idyllwild Brewpuub,Idyllwild,1,1,500,default_small_club
3d389cb,wework,Mill Valley,1,1,500,default_small_club
73d05205,Private Venue,Lancaster,1,1,500,default_small_club
73d3ce19,Water Wheel Saloon,Norco,1,1,500,default_small_club
7bd766c4,Victoria Theatre,San Francisco,1,1,1200,heuristic_theater
3d3c52b,Aletheia Springs,Glen Ellen,1,1,500,default_small_club
3bd3b8e4,The Fret House,Covina,1,1,500,default_small_club
53dee7a1,Regency Bruin Theater,Los Angeles,1,1,1200,heuristic_theater
1bd4fda0,The Kibitz Room,Los Angeles,1,1,500,default_small_club
53d03b71,The Jason Ellis Show,Los Angeles,1,1,500,default_small_club
2bd3689e,Water Tower Sessions ROW DTLA,Los Angeles,1,1,500,default_small_club
4bd5cb3a,Moonlight Amphitheatre,Vista,1,1,8000,heuristic_amphitheatre
1bd19d60,CatHouse,San Luis Obispo,1,1,500,default_small_club
73d2c2ed,Holy Grounds Coffee & Tea,Los Angeles,1,1,100,heuristic_coffee
7bd7ceac,Earl Warren Showgrounds,Santa Barbara,1,1,500,default_small_club
63d0bedf,Phono Select,Sacramento,1,1,500,default_small_club
63d4e223,Rolling Stone Studio,Los Angeles,1,1,500,default_small_club
1bd2f1cc,Different Fur Studios,San Francisco,1,1,500,default_small_club
53d1bfb9,Hollywood Pantages Theatre,Los Angeles,1,1,1200,heuristic_theater
1bd03dd4,Millhaüs,San Diego,1,1,500,default_small_club
bd3e9e2,DoubleTree by Hilton Hotel,San Jose,1,1,500,default_small_club
53d13f5d,KMEL 106 VIP Lounge,San Francisco,1,1,300,heuristic_lounge
5bd17ff0,Topgolf,Roseville,1,1,500,default_small_club
4bd2937a,Poler Stuff,Laguna Beach,1,1,500,default_small_club
73d1ba71,Newport Civic Center,Newport Beach,1,1,500,default_small_club
6bd2ea92,Fuel Dock Saloon,Morro Bay,1,1,500,default_small_club
13d275b5,Greenwood Community Center,Elk,1,1,500,default_small_club
43d26bab,Project Angel Food,Los Angeles,1,1,500,default_small_club
43d25feb,Thrillhouse Records,San Francisco,1,1,500,default_small_club
1bd38dcc,Cocoanut Grove Ballroom,Santa Cruz,1,1,1200,heuristic_ballroom
3bd3e830,The Bates Oasis,Chico,1,1,500,default_small_club
4bd36be2,Starboard Attitude,Redondo Beach,1,1,500,default_small_club
3bd738b0,The Juke Joint,Anaheim,1,1,500,default_small_club
5bd477e8,Pour Vous,Los Angeles,1,1,500,default_small_club
53dfabc1,Pussy Palace,Oakland,1,1,500,default_small_club
4bd277e6,Private Venue,Monterey Park,1,1,500,default_small_club
4bd407ba,"",Piedmont,1,1,500,default_small_club
43dec3ef,Perez Hilton's House,Los Angeles,1,1,500,default_small_club
5bd1af04,Brotzeit Local,Oakland,1,1,500,default_small_club
3bd4d864,Groove Cruise,Los Angeles,1,1,500,default_small_club
2bd29cf6,Campos Family Vineyards,Byron,1,1,500,default_small_club
6bd7f65e,Rooney's Irish Pub,Orcutt,1,1,200,heuristic_pub
33d27c01,The Lamb Wedding,Chico,1,1,500,default_small_club
43d5f75f,4th Street Market,Santa Ana,1,1,500,default_small_club
73d5ae6d,Stanford University,Stanford,1,1,500,default_small_club
43d5ff9b,Canfield-Moreno Estate,Los Angeles,1,1,500,default_small_club
23d208c3,Vince's Voracious Venue,Chico,1,1,500,default_small_club
43d4d7b3,Bell Theater at Angelica's,Redwood City,1,1,1200,heuristic_theater
53d54381,King Eddy Saloon,Los Angeles,1,1,500,default_small_club
43d3fb2b,h Club Los Angeles,Los Angeles,1,1,500,default_small_club
43d29fef,Black Plague Brewing,Oceanside,1,1,500,default_small_club
33d2588d,Boathouse Collective,Costa Mesa,1,1,500,default_small_club
7bd5ee64,Carnaval,Pomona,1,1,500,default_small_club
73d2768d,Harley Davidson of Glendale,Glendale,1,1,500,default_small_club
7bd3aac8,Smog Shoppe,Los Angeles,1,1,500,default_small_club
2bd34c42,Sun Fair Dry Lake,Joshua Tree,1,1,500,default_small_club
3d5fd23,Maya,Barstow,1,1,500,default_small_club
23d20cff,Guitar Center,San Diego,1,1,500,default_small_club
23d290d3,PlayNetwork,Los Angeles,1,1,500,default_small_club
5bdf8b58,The Barn 2.0,Kelseyville,1,1,200,heuristic_bar
43d16b4b,Downtown Ale House,Red Bluff,1,1,500,default_small_club
3bd3288c,Phoenix,Alameda,1,1,500,default_small_club
3d3651b,St. Mary's Church,Lompoc,1,1,500,default_small_club
1bd5a9bc,The Pour House,Paso Robles,1,1,500,default_small_club
4bd5c71e,The Shadows,Nicasio,1,1,500,default_small_club
53d1b395,Denio's Market,Roseville,1,1,500,default_small_club
3d7dd47,The Comedy Store La Jolla,La Jolla,1,1,500,default_small_club
33d210c5,Comedy Bang! Bang!,Los Angeles,1,1,500,default_small_club
43d2873f,Ray Dolby Ballroom,Los Angeles,1,1,1200,heuristic_ballroom
3d29d77,Tri-County Fairgrounds,Bishop,1,1,8000,heuristic_fairgrounds
73d25e7d,"",Menlo Park,1,1,500,default_small_club
5bd353a4,Eureka Main Library,Eureka,1,1,500,default_small_club
63d3caef,ONE National Gay & Lesbian Archives at the USC Libraries,Los Angeles,1,1,500,default_small_club
6bd32642,Mauli Ola Foundation,Newport Beach,1,1,500,default_small_club
3bd19420,Manchester Grand Hyatt,San Diego,1,1,500,default_small_club
5bd333ec,AMSD,San Diego,1,1,500,default_small_club
6bd79e3e,Yorba Linda Friends Church,Yorba Linda,1,1,500,default_small_club
33d0bcbd,Nu-Tone Studios,Pittsburg,1,1,500,default_small_club
33d3a0bd,Private Venue,Hermosa Beach,1,1,500,default_small_club
6bde660a,Vaucluse Lounge,West Hollywood,1,1,300,heuristic_lounge
4bd367f2,Simi Valley Drive-In,Simi Valley,1,1,500,default_small_club
33d27015,Triple Rock Brewery,Berkeley,1,1,500,default_small_club
73d2beb1,Parducci Wine Cellars,Ukiah,1,1,500,default_small_club
1bd17d60,Private Residence,Malibu,1,1,500,default_small_club
2bd368b6,NRG Recording Studios,Los Angeles,1,1,500,default_small_club
33d46055,Old World,Huntington Beach,1,1,500,default_small_club
53d3531d,Brewsters,Petaluma,1,1,500,default_small_club
2bd18c5e,3D Live And Capture Studios,Los Angeles,1,1,500,default_small_club
53def7e1,Midnight Cellars,Paso Robles,1,1,500,default_small_club
6bd1aab6,Humble Heart,San Diego,1,1,500,default_small_club
23d454db,The Complex Recording Studio,San Francisco,1,1,500,default_small_club
bd135b2,Bastards Canteen,Temecula,1,1,500,default_small_club
1bd1fd8c,Camarillo Air Show,Camarillo,1,1,500,default_small_club
73d0725d,MakeOutMusic,Los Angeles,1,1,500,default_small_club
3bd25cfc,Calimucho Screen Printing,San Pedro,1,1,500,default_small_club
73d152a5,Private Venue,Victorville,1,1,500,default_small_club
23d004ff,Dwellpoint,Sacramento,1,1,500,default_small_club
43de8feb,Clarion Alley,San Francisco,1,1,500,default_small_club
53d45f39,Skull Rock,Mojave Desert,1,1,500,default_small_club
3d16d3f,Devils Parlor,Oakland,1,1,500,default_small_club
53deaf49,Stanley Recordings,Los Angeles,1,1,500,default_small_club
6bd04e7a,The Market at Town's End,Apple Valley,1,1,500,default_small_club
23d32883,Orson's Belly,San Francisco,1,1,500,default_small_club
53d42fd9,Downtown,San Jose,1,1,500,default_small_club
bd3e10e,Mission Tiki Drive in,Montclair,1,1,500,default_small_club
33d054b1,Eagle's Nest Saloon,Lawndale,1,1,500,default_small_club
63d0f2f7,Mission Bay Park,San Diego,1,1,500,default_small_club
33d0503d,Drake's: The Barn,West Sacramento,1,1,200,heuristic_bar
23d10c2f,Rod & Hammer Rock,San Luis Obispo,1,1,500,default_small_club
43d183e3,San Benito County Historical Park,Tres Pinos,1,1,500,default_small_club
63d0164f,Stone Junction,Garberville,1,1,500,default_small_club
33d23481,Marin Country Club,Novato,1,1,500,default_small_club
3bd10c20,Sunny Hill House,Petaluma,1,1,500,default_small_club
23d2707f,Licorice Pizza Record Store,Los Angeles,1,1,500,default_small_club
6bd29ae6,Poinsettia Park,Carlsbad,1,1,500,default_small_club
2bde9846,Newcomb’s Ranch,La Cañada Flintridge,1,1,500,default_small_club
33d5fc8d,Sundowner's Clubhouse,San Fernando,1,1,500,default_small_club
43d1af07,Sebastopol Grange,Sebastopol,1,1,500,default_small_club
7bd052d8,Drop84,Berkeley,1,1,500,default_small_club
53d21fed,Irvine Presbyterian Church,Irvine,1,1,500,default_small_club
23d260cf,Spicy Vines Winery,Healdsburg,1,1,500,default_small_club
43d5bbeb,Golden Box,Los Angeles,1,1,500,default_small_club
13d20dfd,O'Malley's Sports Pub,Mountain View,1,1,200,heuristic_pub
13d069e1,"",Granada Hills,1,1,500,default_small_club
6bd212f2,The Gardens on El Paseo,Palm Desert,1,1,500,heuristic_garden
53d20785,Round Two Clothing Store,Los Angeles,1,1,500,default_small_club
43d0b36b,Outer Sunset Farmers Market & Mercantile,San Francisco,1,1,500,default_small_club
13d20969,"Muse, Studio City",Los Angeles,1,1,500,default_small_club
43d17bc7,The Golden Squirrel,Oakland,1,1,500,default_small_club
3d271b7,Republic of Pie,Los Angeles,1,1,500,default_small_club
4bd1af06,"",Angwin,1,1,500,default_small_club
33de7071,Fatbeats,Los Angeles,1,1,500,default_small_club
53d073b1,Central Park at Mill Creek,Bakersfield,1,1,500,default_small_club
1bd3f514,Envelop SF,San Francisco,1,1,500,default_small_club
43d50b8b,The Marjorie Luke Theatre,Santa Barbara,1,1,1200,heuristic_theater
3d2c11f,Timewarp Music,Los Angeles,1,1,500,default_small_club
7bd1769c,House Show,Santa Cruz,1,1,500,default_small_club
1bd0f1d8,SP2 Communal Bar + Restaurant,San Jose,1,1,200,heuristic_bar
3d255bf,Book Passage,Corte Madera,1,1,500,default_small_club
53d003a1,Spreckels Park,Coronado,1,1,500,default_small_club
53d3df61,"1493 Egbert Avenue, Bayview Hunters Point",San Francisco,1,1,500,default_small_club
3d35d3f,"Bret Harte Middle School, Oakland Campus",Oakland,1,1,500,default_small_club
7bd34a68,Hop Dogma Brewing,El Granada,1,1,500,default_small_club
63d2de83,West End,Santa Monica,1,1,500,default_small_club
53d20715,Sculpterra Winery,Paso Robles,1,1,500,default_small_club
73d27611,Dirk's Niteclub,Lemon Grove,1,1,500,default_small_club
3bd46840,Awaken Cafe,Oakland,1,1,150,heuristic_cafe
bd0cd56,PIER 27 The Embarcadero,San Francisco,1,1,500,default_small_club
13de094d,The Game Awards 2018,Los Angeles,1,1,500,default_small_club
3d20dff,Jacaranda Veranda,Rancho Palos Verdes,1,1,500,default_small_club
53d27f99,El Gallo Plaza,East Los Angeles,1,1,1500,heuristic_plaza
33d19419,Courthouse Square,Santa Rosa,1,1,500,default_small_club
33de28a1,Grand Avenue,Los Angeles,1,1,500,default_small_club
1bd21918,Farley's,San Francisco,1,1,500,default_small_club
43d263e3,Union Jewel,Los Angeles,1,1,500,default_small_club
3bd3bca0,Quincy Street LTD,Oxnard,1,1,500,default_small_club
73df9ea1,969 Market,San Francisco,1,1,500,default_small_club
23d120cf,Montgomery Village Mall,Santa Rosa,1,1,500,default_small_club
13d2091d,Jared Leto's house,Los Angeles,1,1,500,default_small_club
63d29a7b,"California State University, Bakersfield",Bakersfield,1,1,500,default_small_club
1bd4e53c,Spancky's Bar,Cotati,1,1,200,heuristic_bar
bd4a1ea,"",Salinas,1,1,500,default_small_club
23d39087,Universal CityWalk,Universal City,1,1,500,default_small_club
33d2ec0d,Energy 97.3 FM Stage,San Diego,1,1,500,default_small_club
33d1b4bd,Arena Ultra Lounge,Los Angeles,1,1,12000,heuristic_arena
3df8917,UNION,Los Angeles,1,1,500,default_small_club
43d1035b,Real Music Live,Los Angeles,1,1,500,default_small_club
4bd25b6e,North State Public Radio,Chico,1,1,200,heuristic_pub
bd53112,Mango's,Sacramento,1,1,500,default_small_club
1bd115c8,The District,Redlands,1,1,500,default_small_club
53d20f19,"",Mount Shasta,1,1,500,default_small_club
43d1ff0b,Second Wind,Santee,1,1,500,default_small_club
23d524c3,California Rehabilitation Center,Norco,1,1,500,default_small_club
23d504cf,Young Hollywood Studios,Los Angeles,1,1,500,default_small_club
73deea39,"Amphitheater, KEEP By the Sea",San Luis Obispo,1,1,8000,heuristic_amphitheatre
6bd41636,AXS Live,Los Angeles,1,1,500,default_small_club
3bd0f0b4,Homestead Community Center Meadow,Mill Valley,1,1,500,default_small_club
73d0d259,Manhattan Beach Library,Manhattan Beach,1,1,500,default_small_club
4bd07b12,Tiffany & Co.,Beverly Hills,1,1,500,default_small_club
43d45f97,Luggage Store Gallery,San Francisco,1,1,500,default_small_club
23d4747b,Valley Bible Church,Hercules,1,1,500,default_small_club
5bd277e0,Private Venue,Bakersfield,1,1,500,default_small_club
3bd294a0,"",Martinez,1,1,500,default_small_club
4bd013c6,McGuire's on Elm Street,Lodi,1,1,500,default_small_club
43d5931f,PK's Roadhouse,Lake Elsinore,1,1,500,default_small_club
1bd1ed08,SloDoCo,San Luis Obispo,1,1,500,default_small_club
43d18faf,Harold J. Miossi CPAC at Cuesta College,San Luis Obispo,1,1,500,default_small_club
3d099cb,Acoustic Playhouse,West Hollywood,1,1,500,default_small_club
13d51191,The Sanctuary,Santa Barbara,1,1,500,default_small_club
23d62807,North Campus at Cal State Northridge,Northridge,1,1,500,default_small_club
33df94bd,Illusive Comics & Games,Santa Clara,1,1,500,default_small_club
73d40289,Red Lion,Sacramento,1,1,500,default_small_club
bd70dd2,The Griffin,San Diego,1,1,500,default_small_club
4bd517ca,Swiss Park Bar & Grille,Newark,1,1,200,heuristic_bar
43d2cfc3,Bookshop Santa Cruz,Santa Cruz,1,1,500,default_small_club
7bd3aabc,University Center,Arcata,1,1,500,default_small_club
33d57c19,E.P. Foster Library,Ventura,1,1,500,default_small_club
13d115c1,La Hacienda Night Club & Restaurant,Modesto,1,1,500,default_small_club
2bd07c72,Orchard House Concerts,Newport Beach,1,1,500,default_small_club
6bd1daae,The Six,Ventura,1,1,500,default_small_club
2bd3943a,Avila Beach City Beach,Avila Beach,1,1,500,default_small_club
2bd1601a,Junior High,Glendale,1,1,500,default_small_club
1bdf8910,Bar 20,West Hollywood,1,1,200,heuristic_bar
33d1fc15,Joshua Tree National Park,Joshua Tree National Park,1,1,500,default_small_club
43d42ba7,Four Seasons Hotel,Beverly Hills,1,1,500,default_small_club
53d1b755,The Packing House,Claremont,1,1,500,default_small_club
33d52811,FYE,Fullerton,1,1,500,default_small_club
13d0f1cd,Pioneer Saloon,Woodside,1,1,500,default_small_club
33d2043d,Santa Cruz Mountain Brewery,Santa Cruz,1,1,500,default_small_club
5bd053ec,Mount Palomar Winery,Temecula,1,1,500,default_small_club
2bd73c96,Silver Dollar Fairgrounds,Chico,1,1,8000,heuristic_fairgrounds
6bd4aa56,Redbury Hotel,Los Angeles,1,1,500,default_small_club
6bd5ca32,Bacara Resort & Spa,Santa Barbara,1,1,500,default_small_club
13d58979,The Patrick Ranch,Chico,1,1,500,default_small_club
5bd53368,Studio One Live,Mission Viejo,1,1,500,default_small_club
33d524cd,Hey 19 Public House,Torrance,1,1,200,heuristic_pub
43d0375f,Church of the 8th Day,Los Angeles,1,1,500,default_small_club
3bd0c8ac,The Box,Santa Cruz,1,1,500,default_small_club
7bd50644,The Seventh Letter,Los Angeles,1,1,500,default_small_club
7bd1ba64,Garfield Park,South Pasadena,1,1,500,default_small_club
23d5842f,Sausage & Suds,San Leandro,1,1,500,default_small_club
23d6c4af,Guitar Center,Los Angeles,1,1,500,default_small_club
bd3f5c6,Bean Crazy Coffee,Thousand Oaks,1,1,100,heuristic_coffee
1bd115b4,"",Carmel-by-the-Sea,1,1,500,default_small_club
7bd4e63c,Echoes Under Sunset,Los Angeles,1,1,500,default_small_club
7bd39684,Lakeview Park,Silverado,1,1,500,default_small_club
43d1f3df,San Pedro Brewing Co.,San Pedro,1,1,500,default_small_club
1bd3a584,Agoura Hills Recreation and Event Center,Agoura Hills,1,1,500,default_small_club
23d20c4f,Cideshow Rehearsal Studios,Gardena,1,1,500,default_small_club
2bd4d8f6,The Church on York,Los Angeles,1,1,500,default_small_club
3d5c98b,The Driveway,Los Angeles,1,1,500,default_small_club
bd5e57a,PSKaufman,Los Angeles,1,1,500,default_small_club
bd4a50e,T. Boyle's Tavern,Pasadena,1,1,250,heuristic_tavern
53d01355,Macchia Wines,Acampo,1,1,500,default_small_club
1bd12140,Barlow's,Sebastopol,1,1,200,heuristic_bar
5bd05774,Henningsen Lotus Park,Lotus,1,1,500,default_small_club
43de9faf,MorYork Gallery,Los Angeles,1,1,500,default_small_club
33d74431,"",Stockton,1,1,500,default_small_club
5bd26b34,The Surf Spot,Pacifica,1,1,500,default_small_club
4bd3df7a,Regime Contemporary Gallery,Los Angeles,1,1,500,default_small_club
2bd5906a,Dance Palace Community & Cultural Center,Point Reyes Station,1,1,500,default_small_club
7bd3be94,The Fifth,Anaheim,1,1,500,default_small_club
7bd772a4,Room 5 Lounge,Los Angeles,1,1,300,heuristic_lounge
63d3eeef,ShowBiz Studios,Los Angeles,1,1,500,default_small_club
33d4f8e5,Hot Rods & Beer,Holtville,1,1,500,default_small_club
3bd6d084,Park Plaza Hotel Ballroom,Los Angeles,1,1,1200,heuristic_ballroom
33d2ec31,Antelope Valley College,Lancaster,1,1,500,default_small_club
bd35d86,Farmer's Daughter Hotel,Los Angeles,1,1,500,default_small_club
3bd73870,710 Beach Club,San Diego,1,1,500,default_small_club
63d3e223,Howard Stern Show,Los Angeles,1,1,500,default_small_club
5bd3b36c,The Hypnodrome,San Francisco,1,1,500,default_small_club
13d569fd,Azar's Sports Bar,Newbury Park,1,1,200,heuristic_bar
13d5a1d5,Third Eye Records,Long Beach,1,1,500,default_small_club
bd33dda,The Cliff,Laguna Beach,1,1,500,default_small_club
73d02e29,Libertine,Morro Bay,1,1,500,default_small_club
33de4c15,UnCabaret,Los Angeles,1,1,500,default_small_club
bd5216e,San Diego International Airport - Terminal 2,San Diego,1,1,500,default_small_club
6bdfa272,Outdoor Stage,Pioneertown,1,1,500,default_small_club
5bd62b74,The Eagle Tavern,San Francisco,1,1,250,heuristic_tavern
53d47b0d,Bram Goldsmith Theater,Beverly Hills,1,1,1200,heuristic_theater
63d1a683,Ink'd Chronicles Tattoo & Piercing Shop,Pomona,1,1,500,default_small_club
53d3fb69,Brisbane Community Park,Brisbane,1,1,500,default_small_club
53d58bd5,The Federal Bar,Long Beach,1,1,200,heuristic_bar
63d3d27b,AMSDConcerts @ SCC,Bonita Lake,1,1,500,default_small_club
63d5d603,Queen Bean Coffee,Modesto,1,1,100,heuristic_coffee
63d3d6cf,"Indian Wells Theatre, CSUSB Csmpus",Palm Springs,1,1,1200,heuristic_theater
1bd61910,McCovey's Parking Lot,San Francisco,1,1,500,default_small_club
6bd3d296,Private Venue,San Leandro,1,1,500,default_small_club
43d777cb,Arroyo Verde Park,Ventura,1,1,500,default_small_club
53d05b95,New Mission Theatre,San Francisco,1,1,1200,heuristic_theater
23d20053,Downtown Mill Valley,Mill Valley,1,1,500,default_small_club
43d1ab6b,Cal Shakes,Orinda,1,1,500,default_small_club
73d5827d,Underground Auditorium,East Los Angeles,1,1,2500,heuristic_auditorium
2bd5887a,Music Group Studio,Los Angeles,1,1,500,default_small_club
bdf89e2,Sofar Sounds,Santa Barbara,1,1,500,default_small_club
3d29d6f,Twin Pines Park,Belmont,1,1,500,default_small_club
73d3a2dd,Union Square Live,San Francisco,1,1,500,default_small_club
3d03127,Firepit Sessions,Los Angeles,1,1,500,default_small_club
23d3d807,Corinthian Yacht Club,Tiburon,1,1,500,default_small_club
53d51331,East-West Studios,Los Angeles,1,1,500,default_small_club
73d0824d,Private Venue,Watsonville,1,1,500,default_small_club
3bd28414,Undefeated,Los Angeles,1,1,500,default_small_club
1bd33dd8,The Tartan Room,Orange,1,1,500,default_small_club
2bd2801a,Poly Academy of Achievers and Leaders,Long Beach,1,1,500,default_small_club
2bd3d806,Embassy Suites,Sacramento,1,1,500,default_small_club
2bd3b4c2,Slovenian Hall,San Francisco,1,1,800,heuristic_hall
53d4c309,LOVE HATE Rock Bar,Los Angeles,1,1,200,heuristic_bar
5bd10734,Top Space,South Pasadena,1,1,500,default_small_club
bd6c93e,Santa Cruz County Fairgrounds,Watsonville,1,1,8000,heuristic_fairgrounds
1bde0574,Rotary Ball Park,Sanger,1,1,500,default_small_club
53de3fd1,E.M. Wolfman General Interest Small Bookstore,Oakland,1,1,500,default_small_club
23d2b85b,Woodbridge by Del Webb,Manteca,1,1,500,default_small_club
5bd74f88,On the Rox,Los Angeles,1,1,500,default_small_club
bd2b122,Cafe Zoë,Menlo Park,1,1,150,heuristic_cafe
73d2baf1,Multiply LA,Los Angeles,1,1,500,default_small_club
2bd29cbe,Mission Bay Market,San Francisco,1,1,500,default_small_club
3d32daf,"",Culver City,1,1,500,default_small_club
7bd292ec,Park Ultra Lounge,Sacramento,1,1,300,heuristic_lounge
7bd39ef8,Museum of Latin American Art,Long Beach,1,1,500,default_small_club
1bd5c994,Yellow Room,Oakland,1,1,500,default_small_club
63d056ef,Safari,Los Angeles,1,1,500,default_small_club
23d0b83b,Bart's Books,Ojai,1,1,200,heuristic_bar
6bd526da,Bay Club Stonetree,Novato,1,1,500,default_small_club
4bd7473e,"",Oxnard,1,1,500,default_small_club
6bd5761a,Hillsdale Shopping Center,San Francisco,1,1,500,default_small_club
63d0e68b,Town Center,Copperopolis,1,1,500,default_small_club
63d7f637,18th St. Arts Center,Santa Monica,1,1,500,default_small_club
6bd0e2be,Sutter Creek Provisions,Sutter Creek,1,1,500,default_small_club
13d03555,Molloy's Tavern,Colma,1,1,250,heuristic_tavern
7bd312a8,Sacramento Comedy Spot,Sacramento,1,1,500,default_small_club
1bd521d8,$10 Or Less Bookstore,Northridge,1,1,500,default_small_club
2bd0e042,Moment House,Los Angeles,1,1,500,default_small_club
bd00552,Town Hall,Quincy,1,1,800,heuristic_hall
6bd36606,Fantracks Digital Studio,Burbank,1,1,500,default_small_club
33d178a9,Tavern on Fourth,San Rafael,1,1,250,heuristic_tavern
3d32dbb,"",Sutter Creek,1,1,500,default_small_club
6bd0d6a2,Five Window Beer Company,Lodi,1,1,500,default_small_club
3bdeec38,Bay Area Stage Theatre,Vallejo,1,1,1200,heuristic_theater
43d0cb3b,Ebullition Brew Works and Live Music,San Diego,1,1,500,default_small_club
53d33335,Bakersfield Racquet Club,Bakersfield,1,1,500,default_small_club
3d3117b,Wood Music Studio,Los Angeles,1,1,500,default_small_club
6bd27e12,Back to the Grind,Riverside,1,1,500,default_small_club
33d51801,The Dark Horse Inn,San Francisco,1,1,500,default_small_club
43d51b8b,The Gilroy Barn,Gilroy,1,1,200,heuristic_bar
63d4aa4b,The Zoo Shop,San Francisco,1,1,500,default_small_club
13d115cd,Young Artists Conservatory of Music,Vacaville,1,1,500,default_small_club
23d5287b,The 605,Stockton,1,1,500,default_small_club
13d52109,Taft Petroleum Club,Taft,1,1,500,default_small_club
13d13529,Flappers Comedy Club and Restaurant,Burbank,1,1,500,default_small_club
1bd2e114,Curtis Theatre,Brea,1,1,1200,heuristic_theater
3bd0b844,Café on A,Oxnard,1,1,150,heuristic_cafe
1bd76d04,Hard Rock Hotel,San Diego,1,1,500,default_small_club
5bd5570c,PATH Ventures Center,Los Angeles,1,1,500,default_small_club
7bd3aecc,Rem's Vegas Sports Lounge,Yorba Linda,1,1,300,heuristic_lounge
23d4d03f,Oak Canyon Ranch,Silverado,1,1,500,default_small_club
2bd378ce,Whitefire Theatre,Los Angeles,1,1,1200,heuristic_theater
63de660b,Inland Empire,Ontario,1,1,500,default_small_club
6bd306da,DrumChannel Studio,Oxnard,1,1,500,default_small_club
4bd58faa,Charles Krug Winery,Saint Helena,1,1,500,default_small_club
bd115ce,Sierra's Place,Culver City,1,1,500,default_small_club
63d65633,Tango Del Rey,San Diego,1,1,500,default_small_club
3bd17474,Cancun Ole' Night Club,East Los Angeles,1,1,500,default_small_club
53d527dd,Mariners Church,Irvine,1,1,500,default_small_club
23de649f,Divine,Oakland,1,1,500,default_small_club
3d5c10b,StubHub Center,Carson,1,1,500,default_small_club
33d2005d,Jamison's Roaring Donkey,Petaluma,1,1,500,default_small_club
4bd0f3b6,Alpaca Bowl,Union City,1,1,500,default_small_club
2bd4f4a6,Rich's,San Diego,1,1,500,default_small_club
33d29465,"State and Grand Stage, Carlsbad Music Festival",Carlsbad,1,1,500,default_small_club
5bd26728,Union Theater,San Diego,1,1,1200,heuristic_theater
43d3f35f,Alibi Ale Works,Truckee,1,1,500,default_small_club
3bd50c94,Chuck's Corner,Pinole,1,1,500,default_small_club
13d595d9,"",Calabasas,1,1,500,default_small_club
5bd29b88,Old Town Plaza,Elk Grove,1,1,1500,heuristic_plaza
4bd21fa2,Bernardo Winery,San Diego,1,1,500,default_small_club
3d04533,New Bohemia Brewing Co.,Santa Cruz,1,1,500,default_small_club
33de9845,Temporary Space,Los Angeles,1,1,500,default_small_club
1bd4811c,Heather Farm Park,Walnut Creek,1,1,500,default_small_club
33d1bc91,Historic Sonoma Barracks,Sonoma,1,1,200,heuristic_bar
bd425ee,Garden Grove Youth Drop-In Center,Garden Grove,1,1,500,heuristic_garden
73d456b5,East 7th Punx,Los Angeles,1,1,500,default_small_club
13d7c14d,Soho House,Los Angeles,1,1,500,default_small_club
73d06ad5,OMG,San Francisco,1,1,500,default_small_club
1bd2c1f8,The Oaks Mall,Thousand Oaks,1,1,500,default_small_club
5bd52bd0,Farmstead at Long Meadow Ranch,Oakville,1,1,500,default_small_club
1bd0f1c0,Kaiser Rooftop Garden,Oakland,1,1,500,heuristic_garden
6bd16a32,My Yard Live,San Marcos,1,1,500,default_small_club
5bde4f28,Study Hollywood,Los Angeles,1,1,500,default_small_club
3d3f5cf,Indian Oaks,Simi Valley,1,1,500,default_small_club
4bd1ff36,Shannon's At The Top,Long Beach,1,1,500,default_small_club
2bd3c4fe,Penny Lane Centers - North Hollywood,Los Angeles,1,1,500,default_small_club
73d50eb5,Petaluma Golf & Country Club,Petaluma,1,1,500,default_small_club
7bd21ea4,Tesla Factory,Fremont,1,1,500,default_small_club
5bd21314,Top of the Notch,Mount Baldy,1,1,500,default_small_club
4bd27336,Yreka Community Center,Yreka,1,1,500,default_small_club
2bdebc5a,City Market Social House,Los Angeles,1,1,500,default_small_club
3bd39860,Dancing Oak Ranch,Ventura,1,1,500,default_small_club
bd189be,Perez Tire Shop,Los Angeles,1,1,500,default_small_club
73d15275,UCSD Town Square,La Jolla,1,1,500,default_small_club
53d27799,Shaolin Temple Cultural Center,Temple City,1,1,500,default_small_club
2bd7b0c6,"",Corona,1,1,500,default_small_club
7bd36288,Small Wonder,Oakland,1,1,500,default_small_club
1bd5ed3c,Central Valley Builders Supply,Saint Helena,1,1,500,default_small_club
63d2bedf,L.A. Live – Microsoft Square,Los Angeles,1,1,500,default_small_club
7bd00e90,Rock 'n' Roll Circus,Culver City,1,1,500,default_small_club
43de3f9b,Scottish Rite Masonic Center,Sacramento,1,1,500,default_small_club
5bd24720,The Cavern,Santa Ana,1,1,500,default_small_club
2bd2005a,Incavo Wine Lounge,San Rafael,1,1,300,heuristic_lounge
43d2e337,Corner Pocket Sports Bar,Citrus Heights,1,1,200,heuristic_bar
73d262b1,The Hilton San Diego,San Diego,1,1,500,default_small_club
3d5959f,Unikorn Chan,Los Angeles,1,1,500,default_small_club
43d0b343,The Red Piano,Santa Barbara,1,1,500,default_small_club
6bd0e2ae,Roswell Pro Audio,Sebastopol,1,1,500,default_small_club
2bd50cce,Attack Studios,Los Angeles,1,1,500,default_small_club
6bde229e,Seoul International Park,Los Angeles,1,1,500,default_small_club
13d085dd,Vertexx,Los Angeles,1,1,500,default_small_club
43d533df,RockBand University,Davis,1,1,500,default_small_club
6bd26616,Bell Tower Center,Rancho Santa Margarita,1,1,500,default_small_club
1bd5fda8,The Bunker,San Francisco,1,1,500,default_small_club
7bdfae88,Poor Richards Pizza,Springville,1,1,500,default_small_club
2bd4c0be,Siskiyou Golden Fairgrounds,Yreka,1,1,8000,heuristic_fairgrounds
23d0d08f,Reel & Brand,Sonoma,1,1,500,default_small_club
1bd03dcc,Ariel’s,Oakland,1,1,500,default_small_club
33d0d885,Open the Portal,Los Angeles,1,1,500,default_small_club
6bd3f6ae,All Saints,Beverly Hills,1,1,500,default_small_club
63dffe9b,The Cutting Room,Los Angeles,1,1,500,default_small_club
5bd2eb18,LA Live,Los Angeles,1,1,500,default_small_club
63d35213,The Beehive,Los Angeles,1,1,500,default_small_club
1bd3e500,Citystock,Encino Reservoir,1,1,500,default_small_club
63d332a3,ALT94.7 Studios,Sacramento,1,1,500,default_small_club
33d64421,Cyclone Warehouse,San Francisco,1,1,500,default_small_club
7bd082f4,Las Palmas Hollywood,Los Angeles,1,1,500,default_small_club
6bd2eede,First United Methodist Church,Pasadena,1,1,500,default_small_club
43d05ba7,"Your California Live, ABC10 Studios",Sacramento,1,1,500,default_small_club
63d40aef,Camozzi's,Atascadero,1,1,500,default_small_club
73d40641,Las Palomas,Anaheim,1,1,500,default_small_club
7bdec234,Patch Coffee Co.,Lake Forest,1,1,100,heuristic_coffee
23d1bc7f,The Sycamore,San Francisco,1,1,500,default_small_club
2bd208ce,Rippin' Ol' Boi' Rampage,Portola,1,1,500,default_small_club
3d051e7,Audiowild Studios,Idyllwild,1,1,500,default_small_club
6bd20646,Skate Lab,Simi Valley,1,1,500,default_small_club
3d0ad73,Kresge Town Hall,Santa Cruz,1,1,800,heuristic_hall
4bd1273a,LA Contemporary Archive,Los Angeles,1,1,500,default_small_club
33d7a859,Bright House Networks Amphitheatre,Bakersfield,1,1,8000,heuristic_amphitheatre
4bd7a7b2,The Hive,Oakland,1,1,500,default_small_club
5bd0f748,"",Carpinteria,1,1,500,default_small_club
5bd7d3cc,Cubberley Community Center,Palo Alto,1,1,500,default_small_club
7bd36ee8,MADhouse,Long Beach,1,1,500,default_small_club
2bd12c46,Ascendo Coffee,San Luis Obispo,1,1,100,heuristic_coffee
5bdebbf8,Ocean Front Walk,Venice,1,1,500,default_small_club
3bd040fc,HamOnEverything Warehouse,Los Angeles,1,1,500,default_small_club
3d48547,CHAMPS Charter High School,Los Angeles,1,1,500,default_small_club
3d2a5af,Library Park,Lakeport,1,1,500,default_small_club
13d55ddd,Unici Casa,Culver City,1,1,500,default_small_club
73d48a95,Northgate Mall,San Rafael,1,1,500,default_small_club
bd57162,Qualcomm Stadium Parking Lot,San Diego,1,1,30000,heuristic_stadium
bd0f1c6,Cesar Chavez Park,Union City,1,1,500,default_small_club
23d01867,Stoney's Rockin Rodeo,Sacramento,1,1,500,default_small_club
1bd3e598,Auberge du Soleil,Rutherford,1,1,500,default_small_club
3dfa1fb,Poplar Creek Golf Course,San Mateo,1,1,500,default_small_club
4bd47fbe,Black Cat Bar,San Diego,1,1,200,heuristic_bar
2bd5847e,The Broken Saddle,Victorville,1,1,500,default_small_club
7bd06618,The Caviar Co.,Tiburon,1,1,500,default_small_club
63d1a6f7,Dad’s Den,Wildomar,1,1,500,default_small_club
33d114b9,Shoreline Park,Tiburon,1,1,500,default_small_club
6bd772aa,Hollywood Roosevelt Hotel,Los Angeles,1,1,500,default_small_club
1bd1d560,Hapa's Brewing Company,San Jose,1,1,500,default_small_club
4bd36726,Base Camp Pizza,South Lake Tahoe,1,1,500,default_small_club
63d22ecb,San Francisco Botanical Garden,San Francisco,1,1,500,heuristic_garden
4bd05bf6,"F.O.E. Hall,",National City,1,1,800,heuristic_hall
3bd05040,Tao,Los Angeles,1,1,500,default_small_club
6bd5e6ea,Elizabeth Street,San Francisco,1,1,500,default_small_club
53de6381,Rhythm n Vibes,Los Angeles,1,1,500,default_small_club
3d44d47,Stronghold,San Diego,1,1,500,default_small_club
43d1273b,Pro Arts Gallery,Oakland,1,1,500,default_small_club
73d482c5,Narducci's Cafe,Bakersfield,1,1,150,heuristic_cafe
7bd7d6b0,"Freud Playhouse, Macgowan Hall, UCLA",Los Angeles,1,1,800,heuristic_hall
3d5ed33,Pacific Union Club,San Francisco,1,1,500,default_small_club
4bd56b6a,City Nights Club,San Francisco,1,1,500,default_small_club
13dfa97d,Burton Middle School,Porterville,1,1,500,default_small_club
23d05023,The Stowaway,Los Angeles,1,1,500,default_small_club
73d196e1,Blue Mountain Event Center,Wilseyville,1,1,500,default_small_club
63d08287,Golden State Library,City of El Segundo,1,1,500,default_small_club
53d0d329,The Yard Theatre,Los Angeles,1,1,1200,heuristic_theater
33d00805,Lawrence J. Ellison Institute for Transformative Medicine of USC,Beverly Hills,1,1,500,default_small_club
13d0c1e5,Los Angeles Third Church,Los Angeles,1,1,500,default_small_club
3d3f1cb,The Oakland Riviera,Oakland,1,1,500,default_small_club
73d00e31,All Kinds Studios,Ventura,1,1,500,default_small_club
43d5c7af,Conejo Park,Thousand Oaks,1,1,500,default_small_club
43d323af,Bow Wow Haus,San Diego,1,1,500,default_small_club
3bd07814,Sunvalley Shopping Center,Concord,1,1,500,default_small_club
3d381f7,The Wreck Hall,Santa Ana,1,1,800,heuristic_hall
bd2b182,Gilbert Lindsay Plaza,Los Angeles,1,1,1500,heuristic_plaza
1bd029f8,Secret Island,Long Beach,1,1,500,default_small_club
4bd6dbce,Bridges Auditorium,Claremont,1,1,2500,heuristic_auditorium
3d01117,Arbor Venice,Los Angeles,1,1,500,default_small_club
2bd590d2,The Showdown,San Francisco,1,1,500,default_small_club
bd4f9b6,KTLA Studios,Los Angeles,1,1,500,default_small_club
33d3bc89,The Gypsy Shack,Sonora,1,1,500,default_small_club
73d23691,Private Venue,Arcata,1,1,500,default_small_club
6bd5e6ce,Morgan's Tavern,Riverside,1,1,250,heuristic_tavern
3bd54c64,Baked Potato,Pasadena,1,1,500,default_small_club
6bd57a02,Future Primitive,Martinez,1,1,500,default_small_club
3bd5fcf8,The Basement,Lancaster,1,1,500,default_small_club
bd5212a,Burbank Music Academy,Burbank,1,1,500,default_small_club
2bde649e,Laney Parking Lot,Oakland,1,1,500,default_small_club
63d2da33,KX 93.5 Studio,Laguna Beach,1,1,500,default_small_club
43d0bb4b,Private Venue,Downey,1,1,500,default_small_club
13d115b9,The Brickhouse,Bakersfield,1,1,500,default_small_club
23d220f7,Valhalla Boathouse Theatre,South Lake Tahoe,1,1,1200,heuristic_theater
3d13d5b,NRG Castle,Los Angeles,1,1,500,default_small_club
2bd20022,The Salty Frog,San Diego,1,1,500,default_small_club
1bd08594,Buck Wild Brewing,Oakland,1,1,500,default_small_club
33d1a079,Hyde Street Studios,San Francisco,1,1,500,default_small_club
6bd3929a,Butte Fire Benefit,Angels Camp,1,1,500,default_small_club
3d67d9b,Visalia Convention Center,Visalia,1,1,5000,heuristic_convention
bd46966,The Fig,Los Angeles,1,1,500,default_small_club
23d6580f,Spanos Theatre,San Luis Obispo,1,1,1200,heuristic_theater
53d43f41,Fantasy Springs Auditorium,Palm Springs,1,1,2500,heuristic_auditorium
43d327ef,Carlsbad Community Cultural Arts Center,Carlsbad,1,1,500,default_small_club
23d57857,Boondock's Tavern,Banning,1,1,250,heuristic_tavern
63d7162b,Folk Music Center,Claremont,1,1,500,default_small_club
6bd39eee,ShoreLine Aquatic Park,Long Beach,1,1,500,default_small_club
bd62506,Mates Rehearsal,Los Angeles,1,1,500,default_small_club
7bd5ea78,Christina Aguilera's Mansion,Beverly Hills,1,1,500,default_small_club
6bd34ee2,32nd Annual Supercomputing Celebration,San Diego,1,1,500,default_small_club
1bd035bc,Crystal Gallery,Brea,1,1,500,default_small_club
bd3550e,Private Venue,Escondido,1,1,500,default_small_club
3bd29cd4,7th Street Warehouse,Los Angeles,1,1,500,default_small_club
1bd251c8,"California Ballroom, Hilton Anaheim",Anaheim,1,1,1200,heuristic_ballroom
1bd17110,Harbor Light Church,Fremont,1,1,500,default_small_club
3d0299b,St Elias Pl.,Davis,1,1,500,default_small_club
23d58caf,Madrone Art Bar,San Francisco,1,1,200,heuristic_bar
4bd5d7fa,The Mondrian,West Hollywood,1,1,500,default_small_club
bd261de,XOXO,Oakland,1,1,500,default_small_club
6bd10a3a,201 Marin Street,San Rafael,1,1,500,default_small_club
6bdef2fa,Fishbowl Sessions,Oakland,1,1,500,default_small_club
5bd5bf18,Walt Disney Studios,Burbank,1,1,500,default_small_club
3de9d3f,House Show,Escondido,1,1,500,default_small_club
23d0189b,Public Square Coffee House,La Mesa,1,1,200,heuristic_pub
33d57855,Campland,San Diego,1,1,500,default_small_club
4bd04b42,HITKOR,Los Angeles,1,1,500,default_small_club
53d36725,Jake’s On The Lake,Tahoe City,1,1,500,default_small_club
bd21d3e,Plant Food Supper Club,Idyllwild,1,1,500,default_small_club
1bd7a138,Ghost Town Gallery,Oakland,1,1,500,default_small_club
13d0c5d9,Lost Chord Guitars,Solvang,1,1,500,default_small_club
5bde2328,Mrs. Fish,Los Angeles,1,1,500,default_small_club
43d25f2f,The Glass House,San Jose,1,1,500,default_small_club
53d3ab45,"Pioneer Amphitheater,",Hayward,1,1,8000,heuristic_amphitheatre
43d477bf,Revolt TV Studio,Los Angeles,1,1,500,default_small_club
63d58e1b,Sacred Fools,Los Angeles,1,1,500,default_small_club
73d43e59,Overtime Bar and Grill,Carson,1,1,200,heuristic_bar
4bdef7e2,Peppertree Grill,Sierra Madre,1,1,500,default_small_club
13d539f1,California State Capitol,Sacramento,1,1,500,default_small_club
4bd3d3c2,Summerset IV,Brentwood,1,1,500,default_small_club
6bd04a8a,Pilgrim United Church of Christ,Carlsbad,1,1,500,default_small_club
5bd673f4,Napa Valley Opera House,Napa,1,1,500,default_small_club
33d0502d,Tennessee Jack's,Long Beach,1,1,500,default_small_club
53d5efc5,Hully Gully,Downey,1,1,500,default_small_club
bd001a2,Rush Street,Culver City,1,1,500,default_small_club
6bd3ae6e,UCLA Radio,Los Angeles,1,1,500,default_small_club
2bd1f462,Kool Deth Headquarters,Soquel,1,1,500,default_small_club
7bd44ad8,Greater Bethany Community Church City of Refuge,Gardena,1,1,500,default_small_club
2bd134d6,Rideau Vineyard,Solvang,1,1,500,default_small_club
2bd15c82,Deli-Licious,Huntington Beach,1,1,500,default_small_club
7bd182e4,Coachella Crossroads,Coachella,1,1,500,default_small_club
23d15cdb,Four Fools Winery,Rodeo Marina,1,1,500,default_small_club
5bd36f90,"",Vista,1,1,500,default_small_club
73d3a289,Gestalt Haus,Fairfax,1,1,500,default_small_club
5bd153f4,Tirebiter Brewery,Los Angeles,1,1,500,default_small_club
3d339af,Barmageddon,Tulare,1,1,200,heuristic_bar
1bd1b96c,Libretto,Paso Robles,1,1,500,default_small_club
53d46b99,Busby's East,Los Angeles,1,1,500,default_small_club
bd43d7e,So You Think You Can Dance,Los Angeles,1,1,500,default_small_club
6bd11642,Staglin Family Vineyard,Rutherford,1,1,500,default_small_club
53d13795,Orange Memorial Park,South San Francisco,1,1,500,default_small_club
7bd29a68,Cedar Center for the Arts,Lancaster,1,1,500,default_small_club
7bd2cedc,Historic Eagle House,Eureka,1,1,500,default_small_club
3bd0f8e8,The Elegant Pub,San Jose,1,1,200,heuristic_pub
53d2df31,Rancho Mirage Amphitheater,Rancho Mirage,1,1,8000,heuristic_amphitheatre
1bd3c1e8,Feinstein's at Vitello's,Los Angeles,1,1,500,default_small_club
73d28ad1,Hyatt Regency Hotel,San Francisco,1,1,500,default_small_club
43d3a7c3,Village Theatre & Art Gallery,Danville,1,1,1200,heuristic_theater
7bd226f4,Private Venue,Santa Rosa,1,1,500,default_small_club
1bd5d15c,Rancho Mirage Park,Rancho Mirage,1,1,500,default_small_club
3d0812b,Big Shotz Bar & Grill,Lancaster,1,1,200,heuristic_bar
7bd15650,Private Venue,Redlands,1,1,500,default_small_club
63d7ce07,Dogpatch Studios,San Francisco,1,1,500,default_small_club
3bd0601c,Private Venue,Rancho Cucamonga,1,1,500,default_small_club
6bd0e692,Overtime Bar,Redding,1,1,200,heuristic_bar
53d6dbc5,The Diamond,Lake Elsinore,1,1,500,default_small_club
63d24a9b,AT&T Sound Studio,Los Angeles,1,1,500,default_small_club
3bd3e0b4,Papa Joe's Pizza,Riverside,1,1,500,default_small_club
63d0e693,Pavilion Stage,Fresno,1,1,6000,heuristic_pavilion
5bd29348,Coast Hills Church,Aliso Viejo,1,1,500,default_small_club
43d2773b,Chickster's Nest,Claremont,1,1,500,default_small_club
2bd2a4ba,Edge Community Church,Fairfield,1,1,500,default_small_club
3bd218a0,Half-Pipe House,Goleta,1,1,500,default_small_club
43d1aff7,San Lorenzo Library,San Lorenzo,1,1,500,default_small_club
4bd35b6a,California Veteran's Home,Barstow,1,1,500,default_small_club
53d00b99,"",Upland,1,1,500,default_small_club
43d1dfbf,Salon SJ,San Jose,1,1,500,default_small_club
23d280ef,The Grill at Pine Mountain Lake,Groveland,1,1,500,default_small_club
53de1f6d,Jack Tygett Performing Arts Theatre,Chula Vista,1,1,1200,heuristic_theater
7bd44680,Coronet Theatre,Los Angeles,1,1,1200,heuristic_theater
73d27a6d,Winifred Smith Hall,Irvine,1,1,800,heuristic_hall
43d7df67,No Future Cafe,Pasadena,1,1,150,heuristic_cafe
33d308fd,Private Venue,Oak Park,1,1,500,default_small_club
73d26621,836M,San Francisco,1,1,500,default_small_club
3d3b5f7,Private Venue,San Clemente,1,1,500,default_small_club
7bd2a6e0,The Chelsea Plateau,Knightsen,1,1,500,default_small_club
2bd2707a,Cosmic Cube,Temple City,1,1,500,default_small_club
73d0aadd,CRU Wine Company,Madera,1,1,500,default_small_club
63d0228f,Day Dream,Sacramento,1,1,500,default_small_club
3bd4548c,Aquarium of the Pacific,Long Beach,1,1,500,default_small_club
4bd107f6,Caroline H. Hume Concert Hall,San Francisco,1,1,1500,heuristic_concert_hall
bd36dd2,Cabazon Dinosaurs,Cabazon,1,1,500,default_small_club
63d32e13,Chris Wilson Ranch,Santa Paula,1,1,500,default_small_club
3bd0f0b8,International Hotel Manilatown Center,San Francisco,1,1,500,default_small_club
53d213c9,Pittsburg Marina,Pittsburg,1,1,500,default_small_club
53d447bd,3Labs,Culver City,1,1,500,default_small_club
5bd3d3e8,Timewarp Records,Venice,1,1,500,default_small_club
63d29a03,MCAU,Los Angeles,1,1,500,default_small_club
33d2f8b1,H.Art Lounge,Placerville,1,1,300,heuristic_lounge
43d15b83,The Saucepot,San Luis Obispo,1,1,500,default_small_club
1bd67184,Vista Theatre,Los Angeles,1,1,658,wikidata_sparql
33d35c55,Ocean Institute,Dana Point,1,1,500,default_small_club
13d53111,Casa Sorrento,Salinas,1,1,500,default_small_club
33dfb85d,El Dorado Saloon & Grill,El Dorado Hills,1,1,500,default_small_club
1bd0f114,Oceanview Pavilion,Port Hueneme,1,1,6000,heuristic_pavilion
13d351e5,Private Venue,Morgan Hill,1,1,500,default_small_club
3bd678fc,"",Costa Mesa,1,1,500,default_small_club
13d36945,906 World Cultural Center,San Francisco,1,1,500,default_small_club
2bd42cae,Mainzer Theater,Merced,1,1,1200,heuristic_theater
13d36141,Private Venue,Big Bear Lake,1,1,500,default_small_club
13d29d6d,Butte County Fairgrounds,Gridley,1,1,8000,heuristic_fairgrounds
2bd1a002,Mxxnshine Records,Whittier,1,1,500,default_small_club
6bd0e68e,Stockton Golf & Country Club,Stockton,1,1,500,default_small_club
13d02d95,1441,Burbank,1,1,500,default_small_club
6bd1bef6,Zellerbach Auditorium,Berkeley,1,1,2500,heuristic_auditorium
33d32021,Creekside Christian Church,Elk Grove,1,1,500,default_small_club
5bd3df98,Phos Studios,Mission Viejo,1,1,500,default_small_club
6bd356b6,Rust Rehearsal Space,San Francisco,1,1,500,default_small_club
3bd6d090,Fantasy Studios,San Francisco,1,1,500,default_small_club
2bdf8476,Private Venue,Landers,1,1,500,default_small_club
2bd398f2,Private Venue,Oxnard,1,1,500,default_small_club
23d390ab,International Agri-Center,Tulare,1,1,500,default_small_club
23d50ce7,California Shakespeare Theater,Orinda,1,1,1200,heuristic_theater
33d0cc81,Silverado Park,Long Beach,1,1,500,default_small_club
3d1fd1f,SeaPort Marina Hotel,Long Beach,1,1,500,default_small_club
53d06315,The Pearl,San Francisco,1,1,500,default_small_club
bd3a1c6,Purple House,Oakland,1,1,500,default_small_club
13d44161,The Copper Door,Santa Ana,1,1,500,default_small_club
73d2be99,Little Space Gallery,Los Angeles,1,1,500,default_small_club
13d069e5,Beaumont's Eatery,La Jolla,1,1,500,default_small_club
23dfacff,The Gazebo,Redding,1,1,500,default_small_club
23d0588b,The King,Lancaster,1,1,500,default_small_club
1bd0d1a8,Tiny Desk (Home),Glendale,1,1,500,default_small_club
1bd1e1fc,King Bar,Lancaster,1,1,200,heuristic_bar
6bd0d646,The Cove,Murrieta,1,1,500,default_small_club
63de2e2f,Kentucky Mine Museum,Sierra City,1,1,500,default_small_club
6bd0d6c6,Culver Beer Co.,Carlsbad,1,1,500,default_small_club
bd3998e,"",Northridge,1,1,500,default_small_club
23d008ff,The Inspiration Yacht,San Diego,1,1,500,default_small_club
53d063c1,Boulevard Park Neighborhood,Sacramento,1,1,500,default_small_club
53d3b365,Centro,Lynwood,1,1,500,default_small_club
1bd05d58,Solaris Beer & Blending,Murrieta,1,1,500,default_small_club
5bd58718,Plaza del Sol Performance Hall,Northridge,1,1,800,heuristic_hall
33d04c35,Poppy,Los Angeles,1,1,500,default_small_club
73d296fd,Hacienda Mexican Grill,Salinas,1,1,500,default_small_club
53def345,Bird School,San Francisco,1,1,500,default_small_club
bd511e6,Corporate Center Pasadena,Pasadena,1,1,500,default_small_club
3bd064a4,Traffic Records,Atascadero,1,1,500,default_small_club
73d6d689,Stewart Park,Beaumont,1,1,500,default_small_club
6bd18a86,Garcia Center For The Arts,San Bernardino,1,1,500,default_small_club
3bd36064,Humboldt Brewery,Arcata,1,1,500,default_small_club
6bde2e3a,Berkeley Horticulture Nursery,Berkeley,1,1,500,default_small_club
13d40979,Morris Graves Museum of Art,Eureka,1,1,500,default_small_club
2bd04c46,Whammy! Analog Media,Los Angeles,1,1,500,default_small_club
bd399b2,"California State University, Northridge",Northridge,1,1,500,default_small_club
1bd00d9c,Denmark Street Barn,Sonoma,1,1,200,heuristic_bar
23d51c03,Rocky Top Festival,Mount Baldy,1,1,500,default_small_club
2bd26016,Woodacre Improvement Club,Woodacre,1,1,500,default_small_club
3d35de3,The Ramp,San Francisco,1,1,500,default_small_club
23d06c6f,The Playstation Music Space,San Francisco,1,1,500,default_small_club
53d29bed,Yuba-Sutter Fairgrounds,Yuba City,1,1,8000,heuristic_fairgrounds
bd2590e,New Life Bible Church,Sonora,1,1,500,default_small_club
43d5fb73,The Ranch,San Miguel,1,1,500,default_small_club
4bd20b42,Artist Collective,Los Angeles,1,1,500,default_small_club
3d115b7,N7 Creamery,Rancho Cucamonga,1,1,500,default_small_club
53d0d3c9,The Elysian,Los Angeles,1,1,500,default_small_club
53d2fb91,Mezcal Lounge,Fresno,1,1,300,heuristic_lounge
43d3b3db,1162 Art Gallery,Los Angeles,1,1,500,default_small_club
3bd2ccbc,Black Lodge,Los Angeles,1,1,500,default_small_club
63d21ebf,Los Candiles,Los Angeles,1,1,500,default_small_club
7bd18664,Cyprian's,San Francisco,1,1,500,default_small_club
53d24f21,Simi Valley Civic Center Park,Simi Valley,1,1,500,default_small_club
2bd6144e,KPFA FM Studios,Oakland,1,1,500,default_small_club
4bd0cf52,All Def Music Studios,Los Angeles,1,1,500,default_small_club
7bd59aa8,Raging Waters,Sacramento,1,1,500,default_small_club
13d261a1,Ike's Place,Chico,1,1,500,default_small_club
23d644f7,Origami Vinyl,Los Angeles,1,1,500,default_small_club
23d26873,DesignerCon,Anaheim,1,1,500,default_small_club
6bd3da92,Hammer Theatre Center,San Jose,1,1,1200,heuristic_theater
13d389c5,Liberty Sports Bar And Grill,Mammoth Lakes,1,1,200,heuristic_bar
7bdffe74,Agency Coffee Company,Los Angeles,1,1,100,heuristic_coffee
bd2c156,Avenue,Los Angeles,1,1,500,default_small_club
33d738b5,Golden China,Ventura,1,1,500,default_small_club
2bd208c2,Beatniks Coffee House & Breakfast Joint,Chico,1,1,100,heuristic_coffee
2bd3dc1a,Reseda Rising,Los Angeles,1,1,500,default_small_club
7bd0e69c,Port of Stockton,Stockton,1,1,500,default_small_club
53d3cb4d,1 Front St.,San Francisco,1,1,500,default_small_club
bd191b6,Cache Creek Vineyards and Winery,Clearlake Oaks,1,1,500,default_small_club
43de233f,Martinis Above Fourth,San Diego,1,1,500,default_small_club
73d0621d,San Bernardino International Airport,San Bernardino,1,1,500,default_small_club
3bd38cf4,Academy Theater,Los Angeles,1,1,1200,heuristic_theater
6bd0fe42,Popsicle Studio LA,Los Angeles,1,1,500,default_small_club
53d50745,West Oakland Youth Center,Oakland,1,1,500,default_small_club
33d2dcad,Poet & Patriot Irish Pub,Santa Cruz,1,1,200,heuristic_pub
bd35d3a,Backesto Park,San Jose,1,1,500,default_small_club
43d0b37f,Napa County Fairgrounds,Calistoga,1,1,8000,heuristic_fairgrounds
33d13851,Daily's Sports Grill,Rancho Santa Margarita,1,1,500,default_small_club
33d3e0c5,Orange Terrace Community Center,Riverside,1,1,500,default_small_club
43d32f5f,Fairmont Miramar Hotel,Santa Monica,1,1,500,default_small_club
23d27c03,TJ Farms Estate,Chico,1,1,500,default_small_club
6bdec22a,Arts District Apartment,Los Angeles,1,1,500,default_small_club
53d4e36d,Obscure Lounge,Los Angeles,1,1,300,heuristic_lounge
2bd0b486,New Parrish,Oakland,1,1,500,default_small_club
2bd218a6,Still Smoking,Modesto,1,1,500,default_small_club
63d24e0f,Canova Records,Ukiah,1,1,500,default_small_club
13d3b95d,Blackbird,Chico,1,1,500,default_small_club
63d2e68b,Teen Fest 2017,Los Angeles,1,1,500,default_small_club
5bd3bf1c,Weber Rations,Los Angeles,1,1,500,default_small_club
5bd0a7ec,The Swing House,Los Angeles,1,1,500,default_small_club
63d5c6eb,Bar Mattachine,Los Angeles,1,1,200,heuristic_bar
3bd53ca4,The Legacy Room,Chino,1,1,500,default_small_club
13d0f1e1,Last Stop Sports Bar and Lounge,Daly City,1,1,300,heuristic_lounge
63d2fab3,Morgan Creek Golf Club,Roseville,1,1,500,default_small_club
53d0db65,Epic Rollertainment,Murrieta,1,1,500,default_small_club
33d08881,Todd Grove Park,Ukiah,1,1,500,default_small_club
33d398ad,Civic Center Park Amphitheater,Palm Desert,1,1,8000,heuristic_amphitheatre
43d2cf8b,iTL Foundation Event Center,Los Angeles,1,1,500,default_small_club
4bd187b6,Venture Christian Church,Los Gatos,1,1,500,default_small_club
1bd2016c,Acoustic Vortex,Larkspur,1,1,500,default_small_club
bd115ba,Casa,Costa Mesa,1,1,500,default_small_club
5bd24b90,Coffee Gallery,Pasadena,1,1,100,heuristic_coffee
2bdfa0aa,Capital Public Radio,Sacramento,1,1,200,heuristic_pub
2bd2ac42,"",Pleasanton,1,1,500,default_small_club
1bd115b8,Private Venue,Sunland,1,1,500,default_small_club
73d2a6e5,Zephyr Lodge,Truckee,1,1,500,default_small_club
3d19953,Chateau St. Jean Winery,Kenwood,1,1,500,default_small_club
bd389c2,The Annex,Los Angeles,1,1,500,default_small_club
7bd40ef8,Live Oak Camp,Santa Barbara,1,1,500,default_small_club
3bd50c18,Little Missouri,Los Angeles,1,1,500,default_small_club
63d5260b,The SPOT,Campbell,1,1,500,default_small_club
23d3e46f,Private Venue,Redding,1,1,500,default_small_club
bd25d6a,Studio Instrument Rentals,Los Angeles,1,1,500,default_small_club
43d5777f,Houdini Mansion,Los Angeles,1,1,500,default_small_club
bd765a6,The Village,San Francisco,1,1,500,default_small_club
33d28439,Orland Happy Funtime Birthday Party Bashtime,Orland,1,1,500,default_small_club
3d0d17f,Nile Cafe,Fremont,1,1,150,heuristic_cafe
63d2aaf3,Mar Vista Art Walk,Los Angeles,1,1,500,default_small_club
63d0fa6f,Townhouse Cocktail Lounge,Vallejo,1,1,300,heuristic_lounge
4bd17792,Hot Dawgz & Hand Rails,Big Bear Lake,1,1,500,default_small_club
3bd5fcec,United Irish Cultural Center,San Francisco,1,1,500,default_small_club
6bd49af6,Cooper's Ale Works,Nevada City,1,1,500,default_small_club
6bd4eede,"",Del Mar,1,1,500,default_small_club
33d2401d,The Open Book,Grass Valley,1,1,500,default_small_club
6bd1ba6a,Private Venue,Concord,1,1,500,default_small_club
bd51df2,Project,Los Angeles,1,1,500,default_small_club
53d52bd1,Phifer Pavitt Winery,Calistoga,1,1,500,default_small_club
33d4b079,California State Los Angeles Gym,Los Angeles,1,1,500,default_small_club
73d58291,YouTube HQ,San Bruno,1,1,500,default_small_club
23d06013,The Empire Tavern,Burbank,1,1,250,heuristic_tavern
3bd5a888,Stockton Ballroom,Stockton,1,1,1200,heuristic_ballroom
23d008d3,Theatre 5150,Carmichael,1,1,1200,heuristic_theater
bd5c98a,Gal Palace,Los Angeles,1,1,500,default_small_club
13d32ded,Out of Bounds Craft Kitchen and Biergarten,Folsom,1,1,500,default_small_club
1bd7a9d8,Pehrspace,Los Angeles,1,1,500,default_small_club
43d37f43,The Tunstall Arms,Los Angeles,1,1,500,default_small_club
1bd32d44,Plaza Playhouse Theater,Carpinteria,1,1,1200,heuristic_theater
4bd4ffd2,Elysian Park,Los Angeles,1,1,500,default_small_club
73d0d6b9,Cardiff State Beach,Encinitas,1,1,500,default_small_club
63d0e2bf,Distant Brewing,Mammoth Lakes,1,1,500,default_small_club
43d5e757,TenTen Wilshire,Los Angeles,1,1,500,default_small_club
2bd34012,Private Venue,Pasadena,1,1,500,default_small_club
2bd0d46e,LCM,Oakland,1,1,500,default_small_club
53d09b95,Private Venue,Mokelumne City,1,1,500,default_small_club
4bd0f3fa,C&J's Sports Bar,Santa Clara,1,1,200,heuristic_bar
23d44cdf,"Toby Keith's ""I Love This Bar & Grill""",Rancho Cucamonga,1,1,200,heuristic_bar
53d3abe9,California's Great America,Santa Clara,1,1,500,default_small_club
63d77ecb,Arena Theater,Point Arena,1,1,12000,heuristic_arena
13d73d05,East Village,Long Beach,1,1,500,default_small_club
33d4c435,Canter's Deli,Los Angeles,1,1,500,default_small_club
bd4e16e,Rhino Records,Claremont,1,1,500,default_small_club
2bd4dc36,JamBase Headquarters,San Francisco,1,1,500,default_small_club
1bd5f124,Samsung Studio LA,Los Angeles,1,1,500,default_small_club
4bd5ffd2,"",Montebello,1,1,500,default_small_club
13d5d991,The Lamppost Warehouse,San Diego,1,1,500,default_small_club
33d284fd,Avo Theatre,Vista,1,1,1200,heuristic_theater
53d3eb6d,The Krush Backyard,Santa Rosa,1,1,500,default_small_club
53d35335,Private Venue,Sonoma,1,1,500,default_small_club
5bd3db64,We are hear records,Los Angeles,1,1,500,default_small_club
3d1d96f,Private Location,La Mesa,1,1,500,default_small_club
5bd02fac,American Legion Hall,Lancaster,1,1,800,heuristic_hall
7bd5a674,Citadel Outlets,Los Angeles,1,1,500,default_small_club
1bd129a0,Los Angeles Theater,Los Angeles,1,1,1200,heuristic_theater
4bd3f35e,Wild Eye Pub,Grass Valley,1,1,200,heuristic_pub
4bd3cfde,Presidio Theatre,San Francisco,1,1,1200,heuristic_theater
13d7e1d9,La Brea Tar Pits,Los Angeles,1,1,500,default_small_club
3bd07810,Barone's Restaurant,Pleasanton,1,1,200,heuristic_bar
3bd1a890,Balboa Terrace,San Francisco,1,1,500,default_small_club
33d328cd,The Yountville Boogie,Yountville,1,1,500,default_small_club
63d46663,"",Fullerton,1,1,500,default_small_club
6bd232ae,Marin Country Mart,Larkspur,1,1,500,default_small_club
4bd3a34a,Perqs,Huntington Beach,1,1,500,default_small_club
1bdf89ec,Nathaniel Bohemian's,Eagle Rock,1,1,500,default_small_club
7bd2e298,Fox Theater,San Francisco,1,1,1200,heuristic_theater
53d64b01,Eureka Theater,Eureka,1,1,1200,heuristic_theater
53d41f5d,Alamitos Beach,Long Beach,1,1,500,default_small_club
5bd12744,Wind River,Santa Cruz,1,1,500,default_small_club
1bd7710c,Balboa Park,San Diego,1,1,500,default_small_club
4bd3df52,World Theater,Seaside,1,1,1200,heuristic_theater
73d06a95,Bawir Retreat,Loomis,1,1,500,default_small_club
4bd39f42,Sun City Lincoln Hills Amphitheater,Lincoln,1,1,8000,heuristic_amphitheatre
3bd1b894,The Awe Bar,Yucca Valley,1,1,200,heuristic_bar
2bd1c49a,Stone Vintage Music Boutique,West Sacramento,1,1,500,default_small_club
63d196d3,Rebecca's Coffeehouse,San Diego,1,1,100,heuristic_coffee
6bd2a24a,Dolby Cinema,San Francisco,1,1,500,default_small_club
43d0fbdf,The Haven,Pomona,1,1,500,default_small_club
4bd2973a,The Crowe Wedding,Durham,1,1,500,default_small_club
23d134d7,Lab Social Speakeasy,Santa Barbara,1,1,500,default_small_club
7bd57e58,Valley View Casino,Valley Center,1,1,500,default_small_club
63d04edb,Five Suns Brewery,Martinez,1,1,500,default_small_club
6bd2a2e2,The San Francisco Shipyard,San Francisco,1,1,500,default_small_club
2bd0241a,The Thirsty Axe,Ukiah,1,1,500,default_small_club
33d10085,Veterans Memorial Building,San Luis Obispo,1,1,500,default_small_club
53d063cd,Community Farmer's Market,Ojai,1,1,500,default_small_club
7bd1a6f4,OC Marketplace,Costa Mesa,1,1,500,default_small_club
bd05d02,Berkley Sound,San Diego,1,1,500,default_small_club
6bd29ace,Orange County Musicians Association,Santa Ana,1,1,500,default_small_club
3bd0e040,Agua Caliente Casino,Palm Springs,1,1,500,default_small_club
13d28d95,New Hope Church,Concord,1,1,500,default_small_club
53d6dbbd,Birch North Park Theatre,San Diego,1,1,1200,heuristic_theater
7bd0d6a0,High Water Brewing Inc.,Lodi,1,1,500,default_small_club
63d05e0b,Palomar Medical Center Escondido,Escondido,1,1,500,default_small_club
bd2ad26,Killing Moon Vineyard,Riverside,1,1,500,default_small_club
6bd066e6,Gre Records & Coffee,Palm Springs,1,1,100,heuristic_coffee
73d29af1,"University of California, San Diego",La Jolla,1,1,500,default_small_club
53d29bf5,Halvorsen Park,Eureka,1,1,500,default_small_club
33d2804d,The Music Box,Los Angeles,1,1,500,default_small_club
73d06659,Shepherd of the Hills UMC,Mission Viejo,1,1,500,default_small_club
23d2ece7,Santa Ana Stadium,Santa Ana,1,1,30000,heuristic_stadium
23d07c8b,Fox Wine Co.,Santa Barbara,1,1,500,default_small_club
2bd2902e,Felix Kulpa Art Gallery,Santa Cruz,1,1,500,default_small_club
1bd2ad24,Central Park,Santa Clarita,1,1,500,default_small_club
63d422b3,Baldwin Hills Crenshaw Plaza,Los Angeles,1,1,1500,heuristic_plaza
13d3b959,The Sanctuary,Arcata,1,1,500,default_small_club
6bd2827a,Laemmle Music Hall,Los Angeles,1,1,1200,heuristic_music_hall
bd171a6,UCSB Music Bowl,University of California Santa Barbara Campus,1,1,500,default_small_club
3d39907,Castello di Amorosa,Calistoga,1,1,500,default_small_club
23d2788b,American Legion Post 241,Baldwin Park,1,1,500,default_small_club
4bd39b86,Terranea Resort,Rancho Palos Verdes,1,1,500,default_small_club
3bd05450,Private Venue,Pleasant Hill,1,1,500,default_small_club
63d3be0b,Anderson Valley Grange,Boonville,1,1,500,default_small_club
33d26ca9,Melody Ehsani,Los Angeles,1,1,500,default_small_club
5bdeef38,The Museum of Art and History,Lancaster,1,1,500,default_small_club
23d26c03,Colton Hall Museum,Monterey,1,1,800,heuristic_hall
2bd054c6,Private Venue,San Ramon,1,1,500,default_small_club
7bd27a68,Block Party,Los Angeles,1,1,500,default_small_club
3bd36c94,Spot X Studio,San Diego,1,1,500,default_small_club
23dfbcab,Little Hill Lounge,El Cerrito,1,1,300,heuristic_lounge
23d0d033,All That,Los Angeles,1,1,500,default_small_club
23d0bcd7,Lincoln Lodge,Oakland,1,1,500,default_small_club
73d0e2bd,Iron Oaks Winery,Paso Robles,1,1,500,default_small_club
23d02cc7,Rock & Roll Pizza,Camarillo,1,1,500,default_small_club
43d04f1b,RNB RADAR,Los Angeles,1,1,500,default_small_club
7bd76e3c,The Tack Room,Indio,1,1,500,default_small_club
63d31e7f,Villa Bonsall,Bonsall,1,1,500,default_small_club
bd115c6,Watson's Vets Club,Shasta County,1,1,500,default_small_club
73d33a29,Pipa Event Center,Winterhaven,1,1,500,default_small_club
33d01031,McMurry's Bar,Bishop,1,1,200,heuristic_bar
53df8b99,Juicefest,Los Angeles,1,1,500,default_small_club
43de7feb,Crate,Oakland,1,1,500,default_small_club
23d05c63,Flight Deck Sports Bar & Grill,South Lake Tahoe,1,1,200,heuristic_bar
1bd391c4,Banner Island Ballpark,Stockton,1,1,5300,wikidata_sparql
4bd063c2,Loomis Park Plaza,Loomis,1,1,1500,heuristic_plaza
33d518a5,Hearst Castle,San Simeon,1,1,500,default_small_club
43d06be7,Lighthouse Restaurant & Bar,Canyon Lake,1,1,200,heuristic_bar
2bd7642e,Red Rock Coffee,Mountain View,1,1,100,heuristic_coffee
7bd4bec0,"",Santa Clara,1,1,500,default_small_club
3bd20058,IDES Society,Half Moon Bay,1,1,500,default_small_club
4bd48b96,The Merc,Temecula,1,1,500,default_small_club
7bd522b4,Good Day,West Hollywood,1,1,500,default_small_club
43d007d7,Rök House Brewing Company,Upland,1,1,500,default_small_club
53d50b81,Haycon,San Francisco,1,1,500,default_small_club
73d04e8d,The Greenway Amphitheatre,Los Angeles,1,1,8000,heuristic_amphitheatre
23d26027,EndGame,Oakland,1,1,500,default_small_club
1bd059c4,Revel Revel,San Diego,1,1,500,default_small_club
73d4dadd,The Frida Cinema,Santa Ana,1,1,500,default_small_club
1bdfa97c,Private venue,Porterville,1,1,500,default_small_club
73de225d,The Smoking Nun,San Francisco,1,1,500,default_small_club
6bd186f2,Forli Restaurant,Alamo,1,1,500,default_small_club
63d52e4b,Rockwell Table & Stage,Los Angeles,1,1,500,default_small_club
43deefaf,Naughty Pine Brewing Company,Thousand Oaks,1,1,500,default_small_club
43d01357,Ghostlight,Stockton,1,1,500,default_small_club
2bd0402a,The Pearl,Locke,1,1,500,default_small_club
23d5089b,Westminster Presbyterian Church,Sacramento,1,1,500,default_small_club
2bd7100e,Grant & Green Saloon,San Francisco,1,1,500,default_small_club
bd0216e,Monica's Riverview,Antioch,1,1,500,default_small_club
6bd092fe,Zeitgeist,San Francisco,1,1,500,default_small_club
53d0d7f9,Booksmith,San Anselmo,1,1,500,default_small_club
13df89e9,Trencher,Los Angeles,1,1,500,default_small_club
3bd524cc,Vincenzo's,Santa Clarita,1,1,500,default_small_club
23d2d46b,Levi's Plaza,San Francisco,1,1,1500,heuristic_plaza
5bd0133c,Downtown Alameda,Alameda,1,1,500,default_small_club
5bd3b3e4,The Chlorophyll Cave,San Luis Obispo,1,1,500,default_small_club
23ded49f,Rock ‘n Roll Carnival,West Hollywood,1,1,500,default_small_club
2bd3e086,Rescue Brewing Company,Upland,1,1,500,default_small_club
6bd1ba66,"Red, White + Bluezz",Pasadena,1,1,500,default_small_club
1bd39550,Rossmoor Event Center,Walnut Creek,1,1,500,default_small_club
2bd20052,Marina Green,San Francisco,1,1,500,default_small_club
7bd4f6b8,Duffy's Tavern,Chico,1,1,250,heuristic_tavern
3d5890f,Simi Valley Moose Lodge,Simi Valley,1,1,500,default_small_club
7bd21274,The Blue Beet,Newport Beach,1,1,500,default_small_club
43d2531b,Spotlight Theatre,Bakersfield,1,1,1200,heuristic_theater
1bd209f0,Armstrong Redwoods Forest Theater,Guerneville,1,1,1200,heuristic_theater
63d1ba5b,Ted Watkins Memorial Park,Los Angeles,1,1,500,default_small_club
bd1b982,Canyon Sessions,Los Angeles,1,1,500,default_small_club
2bd1bca6,Private Venue,Santa Clara,1,1,500,default_small_club
13d4f9cd,Regal Inn,Lakewood,1,1,500,default_small_club
13d08121,Inter-Mountain Fair & Event Center,McArthur,1,1,500,default_small_club
53d13f95,Liberty Park,Los Angeles,1,1,500,default_small_club
3bd328cc,The Orinda Get-Down,Orinda,1,1,500,default_small_club
5bd07b58,The Colony Theater,Burbank,1,1,1200,heuristic_theater
3bd51834,Guitar Center Corporate Headquarters,Westlake Village,1,1,500,default_small_club
bdfa182,Grace Banquet Hall,San Jose,1,1,800,heuristic_hall
73d3daa9,Rock Wall Wine Company,Alameda,1,1,500,default_small_club
3bd47c84,School Night!,Los Angeles,1,1,500,default_small_club
1bd5e158,Trilogy,Rio Vista,1,1,500,default_small_club
4bd5477e,Factory 93,Los Angeles,1,1,500,default_small_club
6bd6360e,Faultline,Los Angeles,1,1,500,default_small_club
3bd334bc,Edgemar Center for the Arts,Santa Monica,1,1,500,default_small_club
6bd03eea,The State Theater,Oroville,1,1,1200,heuristic_theater
33d348e5,SpiritHouse Studios,Los Angeles,1,1,500,default_small_club
3bd3f454,Andrews Park,Vacaville,1,1,500,default_small_club
43d013f3,USC Surf Haus,Los Angeles,1,1,500,default_small_club
53d3eba9,Phoenix Hotel,San Francisco,1,1,500,default_small_club
3bd344e0,Mixone Sound Productions,Orange County,1,1,500,default_small_club
33d00405,Sacramento International Airport,Sacramento,1,1,500,default_small_club
43d327d3,Old Town Temecula Community Theater,Temecula,1,1,1200,heuristic_theater
33d3ec31,blnkeast,Los Angeles,1,1,500,default_small_club
53d5b725,Gold Lion Arts,Sacramento,1,1,500,default_small_club
3bd28c64,5 Sweets,San Francisco,1,1,500,default_small_club
13d359e5,Pasea Hotel,Huntington Beach,1,1,500,default_small_club
3d0f1c7,"",Moss Beach,1,1,500,default_small_club
bd32d6a,La Cave,Madera,1,1,500,default_small_club
7bd2ca14,Clovis Hills Community Church,Clovis,1,1,500,default_small_club
33d3a4bd,Tri-School Theatre,Anaheim,1,1,1200,heuristic_theater
1bd23d58,Naked Lounge,Chico,1,1,300,heuristic_lounge
6bd55eaa,"Studio A, Capitol Records",Los Angeles,1,1,500,default_small_club
23d6580b,Hanford Fox Theatre,Hanford,1,1,1200,heuristic_theater
63de8ad3,New Rock 104.1 Radio Station,Fresno,1,1,500,default_small_club
43d183af,Three Stages at Folsom Lake College,Folsom,1,1,500,default_small_club
13d331d9,The Yard,Los Angeles,1,1,500,default_small_club
1bd2a9f8,Original Mike's,Santa Ana,1,1,500,default_small_club
bd315b2,Private Venue,Los Gatos,1,1,500,default_small_club
33debc95,GoDps Music,Newbury Park,1,1,500,default_small_club
43d037af,Onassis LA,Los Angeles,1,1,500,default_small_club
bd2a5ae,The White Ranch,Durham,1,1,500,default_small_club
23d3086f,DH Compound,Huntington Beach,1,1,500,default_small_club
6bd25212,Berkeley Repertory Theatre,Berkeley,1,1,1200,heuristic_theater
43d233fb,Hallogreen,Los Angeles,1,1,800,heuristic_hall
bd72d42,Fern's,Long Beach,1,1,500,default_small_club
43d39f37,Pine Street Bar,Livermore,1,1,200,heuristic_bar
53d013a9,Veteran's Memorial Hall,Tuolumne,1,1,800,heuristic_hall
bd355ea,Two Harbors Beach,Santa Catalina Island,1,1,500,default_small_club
4bd5afc2,Teo Leo's,San Diego,1,1,500,default_small_club
23d320fb,Street,Los Angeles,1,1,500,default_small_club
4bd15f3e,La Conxa,Los Angeles,1,1,500,default_small_club
bd3a15a,Fairfax Theater,Los Angeles,1,1,1200,heuristic_theater
3d20163,The Bar,Lagunitas,1,1,200,heuristic_bar
4bd39f8e,Cascade Room Event Hall,McCloud,1,1,800,heuristic_hall
5bd12320,The Purple Room,Palm Springs,1,1,500,default_small_club
23d2a0cb,Mama Lion,Los Angeles,1,1,500,default_small_club
7bd13a68,Golden State Greens,San Diego,1,1,500,default_small_club
33d280e1,Copper Canyon Baptist Church,Copperopolis,1,1,500,default_small_club
73d76a55,Terra Gallery,San Francisco,1,1,500,default_small_club
33d1eca1,Yolo Nightclub,San Francisco,1,1,500,default_small_club
6bd2d246,Blends,Santa Ana,1,1,500,default_small_club
2bd4f49a,Space 550,San Francisco,1,1,500,default_small_club
33d20061,Marin Center Showcase Theater,San Rafael,1,1,1200,heuristic_theater
23d10cdf,Noriega Street,San Francisco,1,1,500,default_small_club
6bd33622,Brew Coffee Spot,La Mesa,1,1,100,heuristic_coffee
53d7fbb5,Capital Christian Center,Sacramento,1,1,500,default_small_club
7bd092b4,Clouds: Virtual Concert 2020,Los Angeles,1,1,500,default_small_club
63d1f2bb,Abbott Square,Santa Cruz,1,1,500,default_small_club
7bdec228,Mad Muse Studios,Los Angeles,1,1,500,default_small_club
7bd25a14,The Stone House,Nevada City,1,1,500,default_small_club
13d3550d,Private Venue,Dixon,1,1,500,default_small_club
7bde2e44,Tap & Vine,Auburn,1,1,500,default_small_club
43d22ba3,Merton House,Isla Vista,1,1,500,default_small_club
bd31d22,Supercell HQ,San Francisco,1,1,500,default_small_club
6bd4f22a,Pandora Media Headquarters,Oakland,1,1,500,default_small_club
1bd1b900,St. Charles Borromeo Church,Los Angeles,1,1,500,default_small_club
63d39efb,Art Theatre of Long Beach,Long Beach,1,1,1200,heuristic_theater
43d3b36b,Rafael Film Center,San Rafael,1,1,500,default_small_club
1bd76988,Old Style Guitar Shop,Los Angeles,1,1,500,default_small_club
3bd4d4a4,Dublab,Los Angeles,1,1,500,default_small_club
33d3503d,Thunder Studios,Long Beach,1,1,500,default_small_club
3d03d1b,BL Dancehall and Saloon,Agoura Hills,1,1,500,default_small_club
6bd23aa6,"The Mall, Jet Propulsion Laboratory",Pasadena,1,1,500,default_small_club
13d3c5f9,Greater Emmanuel Temple Church,Lynwood,1,1,500,default_small_club
3bd004f8,J Street Recorders,Sacramento,1,1,500,default_small_club
1bd061b0,Blue Owl,Santa Barbara,1,1,500,default_small_club
63d23ee7,Pilgrim Congregational Church,Redding,1,1,500,default_small_club
2bd234fe,Anderson River Park,Anderson,1,1,500,default_small_club
53d29bb9,Humphreys Backstage Live,San Diego,1,1,500,default_small_club
2bd0e4fe,The Wicked Shamrock,Lompoc,1,1,500,default_small_club
6bd7f6e2,Hollywood Blvd,Los Angeles,1,1,500,default_small_club
63d04e87,The Hollywood Comedy,Los Angeles,1,1,500,default_small_club
73d5f6e9,The Phoenix Club,Anaheim,1,1,500,default_small_club
53dfabbd,Santa Lucia Preserve,Carmel-by-the-Sea,1,1,500,default_small_club
43de438b,Rebel Lion Studio,Los Angeles,1,1,500,default_small_club
43d3634b,Private Venue,Santa Cruz,1,1,500,default_small_club
73d36e19,Icehouse Arts Complex,Long Beach,1,1,500,default_small_club
6bd07e82,The Last Call,Los Angeles,1,1,500,default_small_club
3bd1ac00,Theatre on the Ridge,Paradise,1,1,1200,heuristic_theater
33d4f0a5,650 Howard Street,San Francisco,1,1,500,default_small_club
1bd40d08,Spreckels Organ Pavilion,San Diego,1,1,6000,heuristic_pavilion
3bd1f474,Hatch Workshop,Stockton,1,1,500,default_small_club
73d0625d,Ross House,Los Angeles,1,1,500,default_small_club
63d3d263,Kalabash School of Music and the Arts,La Jolla,1,1,500,default_small_club
43d71b4b,Boo Boo Records,San Luis Obispo,1,1,500,default_small_club
13d05945,Hoopa Valley High School,Hoopa,1,1,500,default_small_club
bd01176,Veteran's Park,Big Bear Lake,1,1,500,default_small_club
53d0efe9,Warner Center Marriott,Los Angeles,1,1,500,default_small_club
2bd32c8e,The Drake,Laguna Beach,1,1,500,default_small_club
33d0e0c9,Private Venue,Rancho Santa Fe,1,1,500,default_small_club
63d5b6fb,Alcazar Theatre,San Francisco,1,1,511,wikidata_sparql
43d32797,South Central Farm,Los Angeles,1,1,500,default_small_club
63d556db,The Resort at Pelican Hill,Newport Beach,1,1,500,default_small_club
53d04fa9,California Botanic Garden,Claremont,1,1,500,heuristic_garden
3d051e3,Private Venue,Hemet,1,1,500,default_small_club
53d01b1d,The Conrad,La Jolla,1,1,500,default_small_club
53d04305,McClaren Hall Room 252,San Francisco,1,1,800,heuristic_hall
7bd392dc,San Buenaventura State Beach,Ventura,1,1,500,default_small_club
6bd33aea,Community School of Music and Arts,Mountain View,1,1,500,default_small_club
1bd2a148,"",Fairfax,1,1,500,default_small_club
5bd347c4,Skypark at Santa's Village,Skyforest,1,1,500,default_small_club
13d3f575,Esports Arena,Santa Ana,1,1,12000,heuristic_arena
13d39d75,Conservatory of Flowers,San Francisco,1,1,500,default_small_club
4bd1f3de,Private Venue,Petaluma,1,1,500,default_small_club
bd1bd86,KT Base Bar,Olympic Valley,1,1,200,heuristic_bar
63d3dabf,San Francisco Public Library,San Francisco,1,1,200,heuristic_pub
6bd05652,Gnarly Deli,Chico,1,1,500,default_small_club
33d27075,Brewyard Beer Company,Glendale,1,1,500,default_small_club
2bde3006,Simi Valley Town Center,Simi Valley,1,1,500,default_small_club
3bd270dc,Hyatt Regency La Jolla,San Diego,1,1,500,default_small_club
43d2ab57,Spanish Hills Country Club,Camarillo,1,1,500,default_small_club
3bd35080,Shapeshifters Cinema,Oakland,1,1,500,default_small_club
13df89e1,Etta Apartments,San Francisco,1,1,500,default_small_club
6bd24e7a,The Pub,Ukiah,1,1,200,heuristic_pub
13de41bd,The White Horse,Oakland,1,1,500,default_small_club
43d33f17,San Ramon Marriott,San Ramon,1,1,500,default_small_club
33d2d8d9,Permanent Records,Los Angeles,1,1,500,default_small_club
2bd2049e,Al Taproom,Oakland,1,1,500,default_small_club
63d2aa5f,Woodshed Recording,Malibu,1,1,500,default_small_club
13d3f515,Studio 106,Los Angeles,1,1,500,default_small_club
2bd194e2,Inkonsiderate Boardwalk,Riverside,1,1,500,default_small_club
6bd2f612,SIR Rehearsal Studios,Los Angeles,1,1,500,default_small_club
4bd477e2,Downtown Theatre,Fairfield,1,1,1200,heuristic_theater
63ded29f,Private Venue,Buena Park,1,1,500,default_small_club
73d3922d,Rolling Greens,Los Angeles,1,1,500,default_small_club
13d4191d,"",San Rafael,1,1,500,default_small_club
13d291b5,Milhous,Yorba Linda,1,1,500,default_small_club
23d3085f,LCA Wine,Costa Mesa,1,1,500,default_small_club
13d2fd29,Nexus Social Lounge,Los Angeles,1,1,300,heuristic_lounge
43d63f73,Pier 30/32,San Francisco,1,1,500,default_small_club
4bd09b5e,The Box,Los Angeles,1,1,500,default_small_club
73d47215,Sevilla Nightclub,San Diego,1,1,500,default_small_club
23ded0c3,Lake Perris State Park,Perris,1,1,500,default_small_club
7bd20e44,Los Angeles Biergarten,Los Angeles,1,1,500,default_small_club
4bd26f56,Bach Dynamite & Dancing Society,Half Moon Bay,1,1,500,default_small_club
3bd278b8,Buffalo Club,Los Angeles,1,1,500,default_small_club
bd0e102,Kilos Cantina,Thousand Palms,1,1,500,default_small_club
33d43459,Andrews Hall,Sonoma,1,1,800,heuristic_hall
33d34c55,Storyville,Oakland,1,1,500,default_small_club
1bd2698c,Vista Valencia Golf Course,Santa Clarita,1,1,500,default_small_club
63d2729f,Sushi Confidential,San Jose,1,1,500,default_small_club
7bd34214,A Foreigner Operation,Los Angeles,1,1,500,default_small_club
23d2f02b,The Lounge at The Fillmore,San Francisco,1,1,300,heuristic_lounge
7bd392b4,Auburn Event Center,Auburn,1,1,500,default_small_club
bd2016e,Tap 25,Livermore,1,1,500,default_small_club
5bd6d770,Dragonfly,Los Angeles,1,1,500,default_small_club
33d55cc5,Port Naz,Porterville,1,1,500,default_small_club
4bd51f1e,Perpetual Dawn,Los Angeles,1,1,500,default_small_club
23d2b0f3,Parq,San Diego,1,1,500,default_small_club
33d50091,Cava Wine Bar,Capitola,1,1,200,heuristic_bar
6bd0e696,Gardner's Grove,Clarksburg,1,1,500,default_small_club
6bd52636,Prospect Theater Project,Modesto,1,1,1200,heuristic_theater
23d7c8cf,Humboldt State University,Arcata,1,1,500,default_small_club
6bd0e2ba,Historic Downtown Truckee,Truckee,1,1,500,default_small_club
7bd0e27c,The Majestic Downtown,Los Angeles,1,1,500,default_small_club
23d120c3,The Olympic Club,San Francisco,1,1,500,default_small_club
2bd1c0ee,Redding Roots Revival,Redding,1,1,500,default_small_club
13d069c5,The Independent 88.5 FM,Northridge,1,1,500,default_small_club
2bd2947a,Orange Pavilion,San Bernardino,1,1,6000,heuristic_pavilion
3d51137,Steinway Piano Gallery,San Francisco,1,1,500,default_small_club
33d38cb5,Oak Meadow Park,Los Gatos,1,1,500,default_small_club
5bd0cf94,DiaBella Pizza,Riverside,1,1,500,default_small_club
1bd135b4,Colorado Blvd & Eagle Rock Blvd,Los Angeles,1,1,500,default_small_club
5bd7d324,Methodist Church,Sebastopol,1,1,500,default_small_club
1bd255f0,H&M West Hollywood,West Hollywood,1,1,500,default_small_club
43d5033f,Ghost Ship,Oakland,1,1,500,default_small_club
2bd478a6,Will Rogers State Park,Los Angeles,1,1,500,default_small_club
3d23dc7,818 N Spring St,Los Angeles,1,1,500,default_small_club
3d42ddf,Cecconi's Restaurant,Los Angeles,1,1,500,default_small_club
43d5173b,Brick 15,Del Mar,1,1,500,default_small_club
4bde4f8a,The Basement of 515 W 7th St,Los Angeles,1,1,500,default_small_club
7bd54618,Praise The Lord,Tustin,1,1,500,default_small_club
3d28dff,"Main Stage, Castro Street Fair",San Francisco,1,1,500,default_small_club
2bd7a4ba,Tommy's Place (USC Campus),Los Angeles,1,1,500,default_small_club
bd2710e,The Camp Transformation Center,Santa Clarita,1,1,500,default_small_club
33d520e5,Rancho Los Cerritos,Long Beach,1,1,500,default_small_club
53d1af19,Pacific Pinball Museum,Alameda,1,1,500,default_small_club
23d0d0eb,Riverwood Arts,Los Angeles,1,1,500,default_small_club
23d38c03,Pure Nightclub,Sunnyvale,1,1,500,default_small_club
73d3d66d,Chico Watanabe House of Mouse,Chico,1,1,500,default_small_club
23d53c6f,Pixels,Riverside,1,1,500,default_small_club
1bd3f16c,The Grange,Orangevale,1,1,500,default_small_club
23d3c88f,Steve Jobs Theater Pavilion,Cupertino,1,1,6000,heuristic_pavilion
53d48b3d,Long Meadow Ranch,Saint Helena,1,1,500,default_small_club
1bd3d9f4,City Lights Bookstore,San Francisco,1,1,500,default_small_club
7bd12ea0,ABCO Warehouse,Oakland,1,1,500,default_small_club
2bd040b6,Twin Lotus Thai,Sacramento,1,1,500,default_small_club
6bd29202,Upright Citizens Brigade Theatre,Los Angeles,1,1,1200,heuristic_theater
3d2556b,The Morgue,Davis,1,1,500,default_small_club
13d5f915,Laguna Cliffs Marriott Resort & Spa,Dana Point,1,1,500,default_small_club
43d243e7,Green Apple Books,San Francisco,1,1,500,default_small_club
3d581bf,Franklin Field,Taft,1,1,500,default_small_club
2bd0449e,Taylor Junction,Joshua Tree,1,1,500,default_small_club
2bd5a4a6,The Bull Bar,Long Beach,1,1,200,heuristic_bar
73d0ea59,The New Farm,San Francisco,1,1,500,default_small_club
63de36eb,Tapas,Newport Beach,1,1,500,default_small_club
13d081c1,Opera House Saloon,Roseville,1,1,500,default_small_club
53d377a5,Greystone Manor,West Hollywood,1,1,500,default_small_club
3bd76c9c,Crawdad's River Cantina,Sacramento,1,1,500,default_small_club
7bd37624,Garberville Theatre,Garberville,1,1,1200,heuristic_theater
6bd7027a,USS Midway,San Diego,1,1,500,default_small_club
73d34a69,Sea & Smoke,Del Mar,1,1,500,default_small_club
4bd1bb4e,Little Yellow House,Corona,1,1,500,default_small_club
23d3a027,First Congregational Church of Berkeley,Berkeley,1,1,500,default_small_club
3bd35ca0,Lille Aeske Arthouse,Boulder Creek,1,1,500,default_small_club
43d16777,Angel City,Bellflower,1,1,500,default_small_club
13d325ed,The Awakening Church,Murrieta,1,1,500,default_small_club
2bd5a082,Twin Oaks Tavern,Penngrove,1,1,250,heuristic_tavern
1bdf9d78,LA Hangar Studios,Los Angeles,1,1,500,default_small_club
3bd26880,ODC Dance Commons,San Francisco,1,1,500,default_small_club
33d74415,"",Glendale,1,1,500,default_small_club
53d5ef8d,Cornerstone Community Church,Simi Valley,1,1,500,default_small_club
3bd1f84c,Calvary Community Church,Westlake Village,1,1,500,default_small_club
7bd00ed8,Hayward City Hall Plaza,Hayward,1,1,800,heuristic_hall
bd29586,KCAL-FM Studios,Redlands,1,1,500,default_small_club
3bd20050,Oceano Hotel & Spa,Half Moon Bay,1,1,500,default_small_club
6bd37af6,The F.T.N. Lot,Santa Rosa,1,1,500,default_small_club
bd57dba,The Art Room,Lafayette,1,1,500,default_small_club
63d48eef,Woodlake Hotel,Sacramento,1,1,500,default_small_club
7bd6761c,Matthews Quad UCSD,La Jolla,1,1,500,default_small_club
13d3f16d,Pleasant Grove Barn Dance Hootenanny,Pleasant Grove,1,1,200,heuristic_bar
5bd56f54,Backyard Coffee,Redwood City,1,1,100,heuristic_coffee
63d3ce43,Private Venue,Huntington Beach,1,1,500,default_small_club
bd0ed42,Hyatt Regency,Newport Beach,1,1,500,default_small_club
33d57c2d,Fowler Museum,Los Angeles,1,1,500,default_small_club
63d1fec3,The University Union,Sacramento,1,1,500,default_small_club
23dee8bf,El Gallo Negro,Windsor,1,1,500,default_small_club
3bd4b07c,American Legion Hall,Merced,1,1,800,heuristic_hall
bd7c98a,ATA Gallery,San Francisco,1,1,500,default_small_club
7bd5c258,Lincoln Park,East Los Angeles,1,1,500,default_small_club
3d32dfb,Goorin Retail Store,San Francisco,1,1,500,default_small_club
3d4ed0f,Marinwood Community Center,San Rafael,1,1,500,default_small_club
33d2d45d,Felicitas and Gonzalo Mendez High School,Los Angeles,1,1,500,default_small_club
2bd05c2a,The Mollusk,Los Angeles,1,1,500,default_small_club
33d27c31,Hornblower Cruise,San Francisco,1,1,500,default_small_club
7bd51af0,WorldArts,Culver City,1,1,500,default_small_club
3d52117,Casa Romantica,San Clemente,1,1,500,default_small_club
5bd58fa8,Gibbons Park,Carmichael,1,1,500,default_small_club
6bd3fe52,Westminster Lanes,Westminster,1,1,500,default_small_club
bd599de,Lakeport Lake,Nice,1,1,500,default_small_club
1bd115c4,Gibson's Bluegrass Bar,Simi Valley,1,1,200,heuristic_bar
43d28b63,"",Alpine,1,1,500,default_small_club
7bde8680,Los Arcos Night Club,Fresno,1,1,500,default_small_club
7bd482c4,Town and Country Resort and Convention Center,San Diego,1,1,5000,heuristic_convention
3bd3a40c,Caspar Community Center,Caspar,1,1,500,default_small_club
63d70647,The Grove,Sacramento,1,1,500,default_small_club
3d38deb,One Colorado at Pasadena,Pasadena,1,1,500,default_small_club
33d5f039,Century 25 Union Landing & XD,Union City,1,1,500,default_small_club
2bd05c56,Hungarian Cultural Alliance - Magtár,Los Angeles,1,1,500,default_small_club
13d375c9,Minnesota Street Project,San Francisco,1,1,500,default_small_club
2bd3e8ba,Annenberg Performance Space,Santa Monica,1,1,500,default_small_club
23d06033,Shaun Diamond Plaza,Pomona,1,1,1500,heuristic_plaza
63d01e6f,Ontario Town Square,Ontario,1,1,500,default_small_club
73d3f2c5,Peralta Annex,Oakland,1,1,500,default_small_club
23d56847,Canary Connection,Woodside,1,1,500,default_small_club
33d114bd,Downtown Ukiah,Ukiah,1,1,500,default_small_club
7bd01210,Alo House,Silver Lake,1,1,500,default_small_club
73d3f255,Conway Recording Studios,Los Angeles,1,1,500,default_small_club
7bd2f2e8,Hotel Figueroa,Los Angeles,1,1,500,default_small_club
4bd3db66,Maguey's,Commerce,1,1,500,default_small_club
4bd0133a,Tuscan Wine Village,Lockeford,1,1,500,default_small_club
3bd2b854,Sofar Sounds,San Diego,1,1,500,default_small_club
33d71469,Bootsy Bellows,West Hollywood,1,1,500,default_small_club
63d3e6cb,Yucaipa Performing Arts Center - Outdoor Stage,Yucaipa,1,1,500,default_small_club
1bd58968,Van Zuer Theatre,Santa Cruz,1,1,1200,heuristic_theater
63d33aaf,Sean Parker’s Home,Los Angeles,1,1,500,default_small_club
53d5df19,Guitar Center Sessions,Los Angeles,1,1,500,default_small_club
3bd354c4,Diablo's Music Lounge,Anaheim,1,1,300,heuristic_lounge
63d67a83,Tower Records,West Hollywood,1,1,500,default_small_club
bd0a5b6,Leonardos HP,Huntington Park,1,1,500,default_small_club
73d5ca91,"The Loft, Sirius XM Radio",Los Angeles,1,1,500,default_small_club
6bd3dede,Arts District Liberty Station,San Diego,1,1,500,default_small_club
33d3a0ad,Pepper Tree Ranch,Hollister,1,1,500,default_small_club
2bd3d0f2,Harley-Davidson of Santa Clarita,Santa Clarita,1,1,500,default_small_club
63d54e8f,Ireland's 32,Los Angeles,1,1,500,default_small_club
5bd17fb8,New Rock Studio,Fresno,1,1,500,default_small_club
2bd6c48e,Mighty,San Francisco,1,1,500,default_small_club
63d5623f,Burbank studios,Los Angeles,1,1,500,default_small_club
7bd5f290,Besant Lodge,Los Angeles,1,1,500,default_small_club
53d2731d,The Fox and Hounds Pub,Los Angeles,1,1,200,heuristic_pub
23d030eb,Fox 5 KSWB Studios,San Diego,1,1,500,default_small_club
63de66b7,La Verne Heritage Park,La Verne,1,1,500,default_small_club
2bd6309a,Calaveras County Fairgrounds,Angels Camp,1,1,8000,heuristic_fairgrounds
1bd501d4,Disney Playlist,Los Angeles,1,1,500,default_small_club
13d599f5,The Malibu Institute,Malibu,1,1,500,default_small_club
1bdfa9fc,Sunvalley Outdoor Plaza,Concord,1,1,1500,heuristic_plaza
4bd5ef0e,The Pint House,Fullerton,1,1,500,default_small_club
bd291c2,The Command Center,Oakland,1,1,500,default_small_club
4bd05bd6,ETA,Los Angeles,1,1,500,default_small_club
23d06833,Grossmont College,El Cajon,1,1,500,default_small_club
1bd0ad2c,580 E Duell St,Azusa,1,1,500,default_small_club
6bd2f2ce,"Aroha Restaurant, New Zealand Cuisine and Bar",Westlake Village,1,1,200,heuristic_bar
1bd39d58,Wilson Theater,Fresno,1,1,1200,heuristic_theater
3d35d07,Monterey Public LIbrary,Monterey,1,1,200,heuristic_pub
7bd3fe1c,H.O.M.E.,Beverly Hills,1,1,500,default_small_club
5bd2d70c,Big Rock Pub,Indio,1,1,200,heuristic_pub
23d1b48f,Hairroin Salon,Los Angeles,1,1,500,default_small_club
6bd25a36,Skip Gibson's BBQ,Grover Beach,1,1,500,default_small_club
53d13bd5,Moonlight Rollerway,Glendale,1,1,500,default_small_club
53d3ab49,Hermann Sons Hall,Petaluma,1,1,800,heuristic_hall
63d1826f,Edison Theater,Fremont,1,1,1200,heuristic_theater
3d2016f,Davis Commons,Davis,1,1,500,default_small_club
23d06c7f,Oakdale Rodeo Grounds,Oakdale,1,1,500,default_small_club
1bd2a98c,Devil's Canyon Brewing Company,San Carlos,1,1,500,default_small_club
33d498f9,S W Hill Country,Los Angeles,1,1,500,default_small_club
3bd04864,The Mojo Lounge,Fremont,1,1,300,heuristic_lounge
3bd07834,ShBoom Nightclub,San Ramon,1,1,500,default_small_club
7bd07290,Raine Maida’s House,Los Angeles,1,1,500,default_small_club
43d0b707,Oreana Winery,Santa Barbara,1,1,500,default_small_club
53d183fd,Sue Carter Community Room in The El Segundo Public Library,City of El Segundo,1,1,200,heuristic_pub
7bd34650,HVW8 Art + Design Gallery,Los Angeles,1,1,500,default_small_club
7bd39ee8,Dignity Health Sports Park,Carson,1,1,30510,wikidata_sparql
1bd059a4,The Episcopal Church of Saint John the Evangelist,San Francisco,1,1,500,default_small_club
7bd34a84,Malibu High School,Malibu,1,1,500,default_small_club
53d3f7b9,Long Beach Playhouse,Long Beach,1,1,500,default_small_club
53d357e1,Salty Bear Brewing Company,Costa Mesa,1,1,500,default_small_club
bd23dee,Navel,Los Angeles,1,1,500,default_small_club
53d3e3c9,Record Surplus,Los Angeles,1,1,500,default_small_club
13d4f1f9,Bujwah Bar,El Centro,1,1,200,heuristic_bar
2bd39866,"",Ojai,1,1,500,default_small_club
33d06811,Coyote Sonoma,Healdsburg,1,1,500,default_small_club
3d0d1b3,Malibu Music Room,Malibu,1,1,500,default_small_club
bd3e55e,Spirithaus Gallery,Oakland,1,1,500,default_small_club
3bd7ccf4,Acoustic Music,San Diego,1,1,500,default_small_club
3d78d5f,King King,Los Angeles,1,1,500,default_small_club
33d79c09,State Theatre,Modesto,1,1,1200,heuristic_theater
63d20acb,Hermosa Saloon,Hermosa Beach,1,1,500,default_small_club
3bd34430,Pachyderm Station,Sebastopol,1,1,500,default_small_club
6bd20662,Anchor Brewing,San Francisco,1,1,500,default_small_club
13d545a1,Heart of Gold Cafe,Mountain Ranch,1,1,150,heuristic_cafe
6bd3de1a,San Diego Metal Swap Meet,San Diego,1,1,500,default_small_club
63d3129b,Elohim's House,Los Angeles,1,1,500,default_small_club
7bde4204,Unitarian Universalist Church of Pasadena,Pasadena,1,1,500,default_small_club
6bd5d6ba,The Elks Lodge,San Mateo,1,1,500,default_small_club
3bd6442c,Mill Creek Cattle Co.,Mentone,1,1,500,default_small_club
5bd00bdc,Main Street Restaurant,Yorba Linda,1,1,500,default_small_club
63d3c2a7,Rio Nilo Night Club,Fullerton,1,1,500,default_small_club
1bd37514,Full Psycho,Los Angeles,1,1,500,default_small_club
63d3f24f,Toolbox LA,Los Angeles,1,1,500,default_small_club
23d3507b,Dreamstage,Los Angeles,1,1,500,default_small_club
5bd0f368,Jury Room,Santa Cruz,1,1,500,default_small_club
63d2768b,CUSD Center for the Arts,Chico,1,1,500,default_small_club
43de7353,PressureDrop.tv,San Francisco,1,1,500,default_small_club
bd171aa,UC Santa Barbara Events Center,University of California Santa Barbara Campus,1,1,200,heuristic_bar
3bd39854,Chapman University,Orange,1,1,500,default_small_club
4bd0e3be,Last Stage West,Atascadero,1,1,500,default_small_club
5bd29740,San Francisco State University,San Francisco,1,1,500,default_small_club
2bd37c8e,Los Angeles Marriott Burbank Airport,Burbank,1,1,500,default_small_club
13d58969,Twisted Oak Winery,Vallecito,1,1,500,default_small_club
4bd1e7f2,The Baltic Kiss,Richmond,1,1,500,default_small_club
2bde94f6,Miramonte Indian Wells Resort,Indian Wells,1,1,500,default_small_club
1bd45920,Honda Stage,Los Angeles,1,1,500,default_small_club
53d2a38d,Full Circle Saloon,Santee,1,1,500,default_small_club
bd43d6e,Chabot Space and Science Center,Oakland,1,1,500,default_small_club
43d2dbe7,Postino,Lafayette,1,1,500,default_small_club
53d01b11,Dying Breed Brewing,Oakdale,1,1,500,default_small_club
63d03e9f,Nev Productions,Los Angeles,1,1,500,default_small_club
1bd04908,Cathedral City Community Amphitheater,Cathedral City,1,1,8000,heuristic_amphitheatre
5bd5ffd4,American Junkie,Hermosa Beach,1,1,500,default_small_club
73d71215,The Saloon,San Francisco,1,1,500,default_small_club
3bd52c70,"Gibson Hall, Pomona College",Claremont,1,1,800,heuristic_hall
23de6c5f,Clifton's Republic,Los Angeles,1,1,500,default_small_club
4bd2935e,San Jacinto Assembly of God,San Jacinto,1,1,500,default_small_club
33d46045,Sunnyvale Theatre,Sunnyvale,1,1,1200,heuristic_theater
73d56e45,Revolution Cafe,San Francisco,1,1,150,heuristic_cafe
53d7abe9,"Dimple Records, Arden Way",Sacramento,1,1,500,default_small_club
73d4de71,"",Eureka,1,1,500,default_small_club
43d7932b,Arcata Community Center,Arcata,1,1,500,default_small_club
4bd1ff1a,Main Theater,Santa Clarita,1,1,1200,heuristic_theater
1bdf8950,Grandma Rancho's,Moorpark,1,1,500,default_small_club
13d0d199,rag & bone,Venice,1,1,500,default_small_club
3d3893b,Millpond Park,Bishop,1,1,500,default_small_club
33d1ac5d,Toby's Feed Barn,Point Reyes Station,1,1,200,heuristic_bar
23d39cfb,Lake Almanor Country Club Bandshell,Lake Almanor Country Club,1,1,500,default_small_club
63d4eaf7,Fashion Valley Mall,San Diego,1,1,500,default_small_club
63d272cf,The Venice Beach Bar,Venice,1,1,200,heuristic_bar
73d2a639,Grgich Hills Estate,Rutherford,1,1,500,default_small_club
2bd0d8ce,Los Angeles Regional Food Bank,Los Angeles,1,1,500,default_small_club
7bd276b8,KRCB Studios,Santa Rosa,1,1,500,default_small_club
53d27335,Manzanita Place,Chico,1,1,500,default_small_club
3bd0e4f4,Battery Books & Music,Pasadena,1,1,500,default_small_club
7bd20ed8,Jackson Park Ranch,Sonoma,1,1,500,default_small_club
1bd3f51c,The Deep End Club,Los Angeles,1,1,500,default_small_club
bd2b5d6,Sharon Heights Golf & Country Club,Menlo Park,1,1,500,default_small_club
bd5890e,Silly's Cocktails,Winnetka,1,1,500,default_small_club
73d0e689,Stonecreek Village,Stockton,1,1,500,default_small_club
1bd5bdb0,SIR Studios,Los Angeles,1,1,500,default_small_club
73d18659,Camarillo Cafe,Camarillo,1,1,150,heuristic_cafe
3d5952f,Shamrocks,Corona,1,1,500,default_small_club
63d51a87,Rock For Human Rights,Los Angeles,1,1,500,default_small_club
3bd2c844,The Edison,Los Angeles,1,1,500,default_small_club
5bd11bb0,Caliente Tropics Resort,Palm Springs,1,1,500,default_small_club
1bd1a178,OC DIY,Lake Forest,1,1,500,default_small_club
3d5c193,Suzy's Bar & Grill,Hermosa Beach,1,1,200,heuristic_bar
73d06671,The Echo Theater Company,Los Angeles,1,1,1200,heuristic_theater
2bd5287a,Panty Palace,Shasta County,1,1,500,default_small_club
7bdef2f8,Ingram Plaza,San Diego,1,1,1500,heuristic_plaza
13d345d5,Private Venue,Palm Desert,1,1,500,default_small_club
3d0d173,The Monte Cristo,Los Angeles,1,1,500,default_small_club
5bd29bd0,F8 1192 Folsom,San Francisco,1,1,500,default_small_club
63d5820f,Chuy's,Fresno,1,1,500,default_small_club
7bd00664,RockCity Studios,Ventura,1,1,500,default_small_club
43d39f33,Lawrence Livermore National Laboratory,Livermore,1,1,500,default_small_club
